{
    "AdditionalTotal":[
        0.9793206793206793,
        0.9889110889110889,
        0.9883116883116884,
        0.9885114885114885,
        0.9843156843156844,
        0.9831168831168832,
        0.9845154845154845,
        0.9767232767232767,
        0.9765234765234766,
        0.9877122877122877,
        0.9863136863136863,
        0.9787212787212788,
        0.9837162837162837,
        0.9861138861138862,
        0.9853146853146854,
        0.980919080919081,
        0.9831168831168832,
        0.9777222777222777,
        0.9881118881118881,
        0.9845154845154845,
        0.9773226773226774,
        0.980919080919081,
        0.9821178821178822,
        0.9757242757242758,
        0.980919080919081,
        0.9819180819180819,
        0.9807192807192807,
        0.9791208791208792,
        0.9803196803196803,
        0.9851148851148852,
        0.9843156843156844,
        0.9777222777222777,
        0.9757242757242758,
        0.9877122877122877,
        0.9767232767232767,
        0.9829170829170829,
        0.9871128871128871,
        0.977922077922078,
        0.9825174825174825,
        0.9883116883116884,
        0.977922077922078,
        0.9865134865134866,
        0.9861138861138862,
        0.9811188811188811,
        0.9859140859140859,
        0.9845154845154845,
        0.9841158841158841,
        0.9865134865134866,
        0.9673326673326674,
        0.9805194805194806,
        0.9767232767232767,
        0.9861138861138862,
        0.9733266733266733,
        0.9815184815184815,
        0.9811188811188811,
        0.9885114885114885,
        0.9793206793206793,
        0.9845154845154845,
        0.9725274725274725
    ],
    "GreedyAdditional":[
        0.82,
        0.94,
        0.9215384615384615,
        0.943076923076923,
        0.9184615384615384,
        0.9369230769230769,
        0.9215384615384615,
        0.783076923076923,
        0.8107692307692307,
        0.9092307692307692,
        0.94,
        0.9153846153846154,
        0.943076923076923,
        0.9276923076923077,
        0.7707692307692308,
        0.9215384615384615,
        0.9153846153846154,
        0.7276923076923076,
        0.9369230769230769,
        0.9523076923076923,
        0.823076923076923,
        0.9276923076923077,
        0.9061538461538461,
        0.7584615384615384,
        0.7861538461538461,
        0.9092307692307692,
        0.7892307692307692,
        0.8692307692307693,
        0.9553846153846154,
        0.9061538461538461,
        0.9307692307692308,
        0.7769230769230768,
        0.8446153846153845,
        0.8753846153846153,
        0.7923076923076923,
        0.8876923076923077,
        0.943076923076923,
        0.9061538461538461,
        0.9553846153846154,
        0.8630769230769231,
        0.78,
        0.9553846153846154,
        0.9523076923076923,
        0.9123076923076923,
        0.9492307692307692,
        0.9584615384615385,
        0.8969230769230769,
        0.9738461538461538,
        0.6353846153846154,
        0.82,
        0.8353846153846154,
        0.8969230769230769,
        0.9123076923076923,
        0.9338461538461538,
        0.9676923076923076,
        0.9707692307692307,
        0.8138461538461539,
        0.9338461538461538,
        0.6046153846153846
    ],
    "GreedyAdditionalNew":[
        0.943076923076923,
        0.9092307692307692,
        0.8753846153846153,
        0.9246153846153846,
        0.8661538461538462,
        0.9153846153846154,
        0.8846153846153846,
        0.7246153846153847,
        0.7861538461538461,
        0.8692307692307693,
        0.9030769230769231,
        0.8876923076923077,
        0.9307692307692308,
        0.9123076923076923,
        0.7246153846153847,
        0.8815384615384615,
        0.8846153846153846,
        0.7892307692307692,
        0.8938461538461538,
        0.9215384615384615,
        0.7861538461538461,
        0.8815384615384615,
        0.8846153846153846,
        0.7984615384615384,
        0.7338461538461538,
        0.86,
        0.7338461538461538,
        0.8292307692307692,
        0.9276923076923077,
        0.8784615384615384,
        0.8969230769230769,
        0.7123076923076923,
        0.8261538461538461,
        0.8138461538461539,
        0.9123076923076923,
        0.8507692307692307,
        0.9061538461538461,
        0.8630769230769231,
        0.9276923076923077,
        0.8015384615384615,
        0.8938461538461538,
        0.9615384615384615,
        0.9369230769230769,
        0.8815384615384615,
        0.9615384615384615,
        0.9338461538461538,
        0.8538461538461538,
        0.9861538461538462,
        0.7215384615384615,
        0.743076923076923,
        0.783076923076923,
        0.8723076923076922,
        0.8784615384615384,
        0.8969230769230769,
        0.9523076923076923,
        0.9646153846153845,
        0.7953846153846154,
        0.9123076923076923,
        0.6876923076923076
    ],
    "GreedyTotal":[
        0.8846153846153846,
        0.8353846153846154,
        0.7369230769230769,
        0.8046153846153846,
        0.8076923076923077,
        0.9215384615384615,
        0.7584615384615384,
        0.6138461538461538,
        0.7461538461538462,
        0.6784615384615384,
        0.8999999999999999,
        0.8261538461538461,
        0.8846153846153846,
        0.8076923076923077,
        0.7892307692307692,
        0.86,
        0.78,
        0.783076923076923,
        0.7153846153846153,
        0.8384615384615384,
        0.6938461538461538,
        0.8169230769230769,
        0.8815384615384615,
        0.6507692307692308,
        0.6661538461538461,
        0.7615384615384615,
        0.5769230769230769,
        0.7953846153846154,
        0.8661538461538462,
        0.8538461538461538,
        0.8446153846153845,
        0.7246153846153847,
        0.9153846153846154,
        0.7061538461538461,
        0.8876923076923077,
        0.7953846153846154,
        0.8015384615384615,
        0.7676923076923077,
        0.9215384615384615,
        0.6938461538461538,
        0.86,
        0.8476923076923076,
        0.8661538461538462,
        0.8969230769230769,
        0.8476923076923076,
        0.8815384615384615,
        0.8138461538461539,
        0.9553846153846154,
        0.7923076923076923,
        0.5676923076923077,
        0.7338461538461538,
        0.7923076923076923,
        0.8784615384615384,
        0.8046153846153846,
        0.9492307692307692,
        0.9246153846153846,
        0.8292307692307692,
        0.823076923076923,
        0.5676923076923077
    ]
}