{
    "AdditionalTotal":[
        0.8756578947368421,
        0.9559210526315789,
        0.9296052631578947,
        0.9756578947368421,
        0.8769736842105263,
        0.9638157894736842,
        0.8953947368421052,
        0.8296052631578947,
        0.8598684210526316,
        0.9046052631578947,
        0.9151315789473684,
        0.8914473684210527,
        0.8730263157894737,
        0.905921052631579,
        0.8927631578947368,
        0.8572368421052631,
        0.8809210526315789,
        0.8506578947368421,
        0.919078947368421,
        0.905921052631579,
        0.8717105263157895,
        0.905921052631579,
        0.9493421052631579,
        0.8506578947368421,
        0.8809210526315789,
        0.9085526315789474,
        0.8690789473684211,
        0.8690789473684211,
        0.9072368421052631,
        0.8822368421052631,
        0.8914473684210527,
        0.8427631578947369,
        0.8506578947368421,
        0.9164473684210526,
        0.8611842105263158,
        0.9085526315789474,
        0.9427631578947369,
        0.8532894736842105,
        0.9309210526315789,
        0.9638157894736842,
        0.8848684210526315,
        0.9151315789473684,
        0.9203947368421053,
        0.8559210526315789,
        0.9019736842105263,
        0.9164473684210526,
        0.8756578947368421,
        0.9493421052631579,
        0.7848684210526315,
        0.8690789473684211,
        0.8322368421052632,
        0.9125,
        0.8546052631578948,
        0.9006578947368421,
        0.8559210526315789,
        0.9282894736842106,
        0.8875,
        0.8980263157894737,
        0.8046052631578947
    ],
    "GreedyAdditional":[
        0.9307692307692308,
        0.9492307692307692,
        0.8876923076923077,
        0.8507692307692307,
        0.8015384615384615,
        0.9153846153846154,
        0.7953846153846154,
        0.6507692307692308,
        0.8169230769230769,
        0.7184615384615385,
        0.9338461538461538,
        0.8507692307692307,
        0.8569230769230769,
        0.78,
        0.8261538461538461,
        0.7584615384615384,
        0.7584615384615384,
        0.8507692307692307,
        0.7984615384615384,
        0.8723076923076922,
        0.62,
        0.7984615384615384,
        0.9338461538461538,
        0.6692307692307692,
        0.7646153846153846,
        0.7523076923076923,
        0.7246153846153847,
        0.7923076923076923,
        0.82,
        0.8076923076923077,
        0.7923076923076923,
        0.6907692307692308,
        0.8938461538461538,
        0.7984615384615384,
        0.8076923076923077,
        0.8507692307692307,
        0.8692307692307693,
        0.8076923076923077,
        0.8630769230769231,
        0.743076923076923,
        0.783076923076923,
        0.9523076923076923,
        0.8907692307692308,
        0.8815384615384615,
        0.9276923076923077,
        0.8753846153846153,
        0.8476923076923076,
        0.9892307692307692,
        0.7738461538461539,
        0.7307692307692307,
        0.6846153846153846,
        0.8507692307692307,
        0.8169230769230769,
        0.9338461538461538,
        0.9615384615384615,
        0.9215384615384615,
        0.8753846153846153,
        0.8999999999999999,
        0.7615384615384615
    ],
    "GreedyAdditionalNew":[
        0.8907692307692308,
        0.9215384615384615,
        0.8353846153846154,
        0.8692307692307693,
        0.7184615384615385,
        0.8815384615384615,
        0.7523076923076923,
        0.5707692307692307,
        0.7615384615384615,
        0.703076923076923,
        0.8876923076923077,
        0.8353846153846154,
        0.8446153846153845,
        0.7646153846153846,
        0.7461538461538462,
        0.6753846153846154,
        0.7492307692307691,
        0.9307692307692308,
        0.7523076923076923,
        0.8323076923076923,
        0.743076923076923,
        0.7553846153846153,
        0.8999999999999999,
        0.6692307692307692,
        0.6846153846153846,
        0.6846153846153846,
        0.6261538461538461,
        0.7738461538461539,
        0.7646153846153846,
        0.7676923076923077,
        0.7523076923076923,
        0.5984615384615384,
        0.8476923076923076,
        0.7276923076923076,
        0.743076923076923,
        0.8107692307692307,
        0.8292307692307692,
        0.8784615384615384,
        0.823076923076923,
        0.8046153846153846,
        0.7492307692307691,
        0.9646153846153845,
        0.8661538461538462,
        0.8292307692307692,
        0.9615384615384615,
        0.8384615384615384,
        0.8015384615384615,
        0.9892307692307692,
        0.6938461538461538,
        0.7953846153846154,
        0.6169230769230769,
        0.8384615384615384,
        0.7615384615384615,
        0.8938461538461538,
        0.943076923076923,
        0.8815384615384615,
        0.8538461538461538,
        0.8569230769230769,
        0.6846153846153846
    ],
    "GreedyTotal":[
        0.8292307692307692,
        0.8569230769230769,
        0.7492307692307691,
        0.7984615384615384,
        0.7092307692307692,
        0.9092307692307692,
        0.7707692307692308,
        0.696923076923077,
        0.8446153846153845,
        0.6415384615384615,
        0.8107692307692307,
        0.8446153846153845,
        0.8384615384615384,
        0.78,
        0.7923076923076923,
        0.7892307692307692,
        0.7769230769230768,
        0.74,
        0.6815384615384615,
        0.78,
        0.6138461538461538,
        0.8292307692307692,
        0.8538461538461538,
        0.6076923076923076,
        0.7769230769230768,
        0.7553846153846153,
        0.5892307692307692,
        0.7184615384615385,
        0.783076923076923,
        0.8015384615384615,
        0.8353846153846154,
        0.62,
        0.823076923076923,
        0.6384615384615384,
        0.8630769230769231,
        0.7923076923076923,
        0.7769230769230768,
        0.6907692307692308,
        0.8815384615384615,
        0.6384615384615384,
        0.8753846153846153,
        0.8538461538461538,
        0.8723076923076922,
        0.8046153846153846,
        0.8353846153846154,
        0.8138461538461539,
        0.7923076923076923,
        0.9830769230769231,
        0.78,
        0.5215384615384615,
        0.6230769230769231,
        0.7492307692307691,
        0.8415384615384616,
        0.7984615384615384,
        0.943076923076923,
        0.8630769230769231,
        0.823076923076923,
        0.823076923076923,
        0.6692307692307692
    ]
}