{
    "ARTMaxMin":[
        0.78,
        0.8446153846153845,
        0.86,
        0.8446153846153845,
        0.7,
        0.7553846153846153,
        0.8753846153846153,
        0.823076923076923,
        0.8938461538461538,
        0.8538461538461538,
        0.8876923076923077,
        0.8107692307692307,
        0.8692307692307693,
        0.8476923076923076,
        0.8076923076923077,
        0.8723076923076922,
        0.823076923076923,
        0.6815384615384615,
        0.8169230769230769,
        0.8169230769230769,
        0.5953846153846154,
        0.8138461538461539,
        0.6938461538461538,
        0.6753846153846154,
        0.9215384615384615,
        0.8015384615384615,
        0.8046153846153846,
        0.7892307692307692,
        0.7984615384615384,
        0.9307692307692308,
        0.8353846153846154,
        0.8323076923076923,
        0.8415384615384616,
        0.8538461538461538,
        0.8169230769230769,
        0.8138461538461539,
        0.8938461538461538,
        0.8630769230769231,
        0.8015384615384615,
        0.7769230769230768,
        0.7061538461538461,
        0.8723076923076922,
        0.8661538461538462,
        0.7676923076923077,
        0.8784615384615384,
        0.743076923076923,
        0.7369230769230769,
        0.94,
        0.7492307692307691,
        0.8876923076923077,
        0.7861538461538461,
        0.8723076923076922,
        0.7492307692307691,
        0.7646153846153846,
        0.8969230769230769,
        0.9123076923076923,
        0.8046153846153846,
        0.9461538461538461,
        0.8753846153846153
    ],
    "Genetic":[
        0.8999999999999999,
        0.9061538461538461,
        0.9092307692307692,
        0.8846153846153846,
        0.7061538461538461,
        0.9123076923076923,
        0.7461538461538462,
        0.5738461538461539,
        0.8353846153846154,
        0.7369230769230769,
        0.9246153846153846,
        0.7584615384615384,
        0.8538461538461538,
        0.7153846153846153,
        0.8261538461538461,
        0.8046153846153846,
        0.6323076923076922,
        0.7861538461538461,
        0.7646153846153846,
        0.7584615384615384,
        0.8169230769230769,
        0.6599999999999999,
        0.8415384615384616,
        0.7,
        0.7738461538461539,
        0.7153846153846153,
        0.7923076923076923,
        0.8876923076923077,
        0.8507692307692307,
        0.823076923076923,
        0.7369230769230769,
        0.6630769230769231,
        0.8661538461538462,
        0.7092307692307692,
        0.6876923076923076,
        0.7923076923076923,
        0.86,
        0.7676923076923077,
        0.7584615384615384,
        0.7861538461538461,
        0.8076923076923077,
        0.9523076923076923,
        0.8569230769230769,
        0.8138461538461539,
        0.9615384615384615,
        0.7861538461538461,
        0.6661538461538461,
        0.9892307692307692,
        0.6938461538461538,
        0.7,
        0.7923076923076923,
        0.8661538461538462,
        0.6753846153846154,
        0.8907692307692308,
        0.94,
        0.9615384615384615,
        0.9092307692307692,
        0.9307692307692308,
        0.7769230769230768
    ],
    "GreedyAdditional":[
        0.9307692307692308,
        0.9492307692307692,
        0.8876923076923077,
        0.8507692307692307,
        0.8015384615384615,
        0.9153846153846154,
        0.7953846153846154,
        0.6507692307692308,
        0.8169230769230769,
        0.7184615384615385,
        0.9338461538461538,
        0.8507692307692307,
        0.8569230769230769,
        0.78,
        0.8261538461538461,
        0.7584615384615384,
        0.7584615384615384,
        0.8507692307692307,
        0.7984615384615384,
        0.8723076923076922,
        0.62,
        0.7984615384615384,
        0.9338461538461538,
        0.6692307692307692,
        0.7646153846153846,
        0.7523076923076923,
        0.7246153846153847,
        0.7923076923076923,
        0.82,
        0.8076923076923077,
        0.7923076923076923,
        0.6907692307692308,
        0.8938461538461538,
        0.7984615384615384,
        0.8076923076923077,
        0.8507692307692307,
        0.8692307692307693,
        0.8076923076923077,
        0.8630769230769231,
        0.743076923076923,
        0.783076923076923,
        0.9523076923076923,
        0.8907692307692308,
        0.8815384615384615,
        0.9276923076923077,
        0.8753846153846153,
        0.8476923076923076,
        0.9892307692307692,
        0.7738461538461539,
        0.7307692307692307,
        0.6846153846153846,
        0.8507692307692307,
        0.8169230769230769,
        0.9338461538461538,
        0.9615384615384615,
        0.9215384615384615,
        0.8753846153846153,
        0.8999999999999999,
        0.7615384615384615
    ],
    "GreedyTotal":[
        0.8292307692307692,
        0.8569230769230769,
        0.7492307692307691,
        0.7984615384615384,
        0.7092307692307692,
        0.9092307692307692,
        0.7707692307692308,
        0.696923076923077,
        0.8446153846153845,
        0.6415384615384615,
        0.8107692307692307,
        0.8446153846153845,
        0.8384615384615384,
        0.78,
        0.7923076923076923,
        0.7892307692307692,
        0.7769230769230768,
        0.74,
        0.6815384615384615,
        0.78,
        0.6138461538461538,
        0.8292307692307692,
        0.8538461538461538,
        0.6076923076923076,
        0.7769230769230768,
        0.7553846153846153,
        0.5892307692307692,
        0.7184615384615385,
        0.783076923076923,
        0.8015384615384615,
        0.8353846153846154,
        0.62,
        0.823076923076923,
        0.6384615384615384,
        0.8630769230769231,
        0.7923076923076923,
        0.7769230769230768,
        0.6907692307692308,
        0.8815384615384615,
        0.6384615384615384,
        0.8753846153846153,
        0.8538461538461538,
        0.8723076923076922,
        0.8046153846153846,
        0.8353846153846154,
        0.8138461538461539,
        0.7923076923076923,
        0.9830769230769231,
        0.78,
        0.5215384615384615,
        0.6230769230769231,
        0.7492307692307691,
        0.8415384615384616,
        0.7984615384615384,
        0.943076923076923,
        0.8630769230769231,
        0.823076923076923,
        0.823076923076923,
        0.6692307692307692
    ]
}