{
    "ARTMaxMin":[
        0.9523076923076923,
        0.9338461538461538,
        0.5892307692307692,
        0.8353846153846154,
        0.8630769230769231,
        0.7738461538461539,
        0.8846153846153846,
        0.78,
        0.94,
        0.7923076923076923,
        0.9553846153846154,
        0.8323076923076923,
        0.8815384615384615,
        0.8999999999999999,
        0.6169230769230769,
        0.7307692307692307,
        0.7738461538461539,
        0.8999999999999999,
        0.7061538461538461,
        0.7861538461538461,
        0.9707692307692307,
        0.8999999999999999,
        0.94,
        0.9030769230769231,
        0.8876923076923077,
        0.8261538461538461,
        0.8046153846153846,
        0.9215384615384615,
        0.783076923076923,
        0.9123076923076923,
        0.9184615384615384,
        0.8076923076923077,
        0.8569230769230769,
        0.8846153846153846,
        0.8692307692307693,
        0.8261538461538461,
        0.94,
        0.7892307692307692,
        0.943076923076923,
        0.94,
        0.7492307692307691,
        0.9153846153846154,
        0.823076923076923,
        0.8999999999999999,
        0.8415384615384616,
        0.8076923076923077,
        0.9369230769230769,
        0.9615384615384615,
        0.7923076923076923,
        0.7523076923076923,
        0.8015384615384615,
        0.9061538461538461,
        0.7553846153846153,
        0.8292307692307692,
        0.9707692307692307,
        0.8876923076923077,
        0.8169230769230769,
        0.7553846153846153,
        0.7738461538461539
    ],
    "Genetic":[
        0.8538461538461538,
        0.9492307692307692,
        0.9061538461538461,
        0.9369230769230769,
        0.82,
        0.9646153846153845,
        0.9215384615384615,
        0.8692307692307693,
        0.9061538461538461,
        0.8907692307692308,
        0.9184615384615384,
        0.8661538461538462,
        0.9246153846153846,
        0.9123076923076923,
        0.6876923076923076,
        0.8907692307692308,
        0.8999999999999999,
        0.7584615384615384,
        0.9307692307692308,
        0.943076923076923,
        0.8753846153846153,
        0.9276923076923077,
        0.7923076923076923,
        0.8661538461538462,
        0.8692307692307693,
        0.8907692307692308,
        0.8292307692307692,
        0.9246153846153846,
        0.9369230769230769,
        0.8907692307692308,
        0.9246153846153846,
        0.74,
        0.8169230769230769,
        0.8723076923076922,
        0.7892307692307692,
        0.8999999999999999,
        0.9369230769230769,
        0.9092307692307692,
        0.9523076923076923,
        0.9153846153846154,
        0.9307692307692308,
        0.9523076923076923,
        0.9553846153846154,
        0.7461538461538462,
        0.9307692307692308,
        0.9492307692307692,
        0.9030769230769231,
        0.9861538461538462,
        0.6476923076923077,
        0.8692307692307693,
        0.8476923076923076,
        0.8723076923076922,
        0.7861538461538461,
        0.8876923076923077,
        0.9646153846153845,
        0.9646153846153845,
        0.78,
        0.9184615384615384,
        0.7461538461538462
    ],
    "GreedyAdditional":[
        0.8169230769230769,
        0.9553846153846154,
        0.9061538461538461,
        0.943076923076923,
        0.8999999999999999,
        0.9676923076923076,
        0.9153846153846154,
        0.8538461538461538,
        0.8999999999999999,
        0.8969230769230769,
        0.9184615384615384,
        0.8323076923076923,
        0.9246153846153846,
        0.9153846153846154,
        0.82,
        0.8876923076923077,
        0.8969230769230769,
        0.7923076923076923,
        0.9307692307692308,
        0.94,
        0.8723076923076922,
        0.9215384615384615,
        0.8907692307692308,
        0.8661538461538462,
        0.8846153846153846,
        0.8876923076923077,
        0.7892307692307692,
        0.9215384615384615,
        0.943076923076923,
        0.8969230769230769,
        0.9184615384615384,
        0.7584615384615384,
        0.8384615384615384,
        0.8630769230769231,
        0.7892307692307692,
        0.8876923076923077,
        0.943076923076923,
        0.8999999999999999,
        0.9492307692307692,
        0.8723076923076922,
        0.82,
        0.9553846153846154,
        0.9523076923076923,
        0.8846153846153846,
        0.9369230769230769,
        0.9461538461538461,
        0.8907692307692308,
        0.9861538461538462,
        0.6323076923076922,
        0.8169230769230769,
        0.86,
        0.8846153846153846,
        0.8169230769230769,
        0.8569230769230769,
        0.9676923076923076,
        0.9646153846153845,
        0.8076923076923077,
        0.9184615384615384,
        0.6907692307692308
    ],
    "GreedyTotal":[
        0.8784615384615384,
        0.8569230769230769,
        0.7307692307692307,
        0.8415384615384616,
        0.8476923076923076,
        0.943076923076923,
        0.7892307692307692,
        0.6415384615384615,
        0.7492307692307691,
        0.7215384615384615,
        0.9184615384615384,
        0.8323076923076923,
        0.8846153846153846,
        0.8076923076923077,
        0.7676923076923077,
        0.8415384615384616,
        0.7953846153846154,
        0.7769230769230768,
        0.7584615384615384,
        0.8630769230769231,
        0.703076923076923,
        0.8476923076923076,
        0.9030769230769231,
        0.7461538461538462,
        0.6784615384615384,
        0.7646153846153846,
        0.6076923076923076,
        0.8384615384615384,
        0.8692307692307693,
        0.8507692307692307,
        0.8569230769230769,
        0.7123076923076923,
        0.8630769230769231,
        0.7369230769230769,
        0.8846153846153846,
        0.8046153846153846,
        0.8415384615384616,
        0.7861538461538461,
        0.9369230769230769,
        0.7246153846153847,
        0.8661538461538462,
        0.8476923076923076,
        0.8815384615384615,
        0.9184615384615384,
        0.8292307692307692,
        0.8969230769230769,
        0.823076923076923,
        0.9553846153846154,
        0.7461538461538462,
        0.6138461538461538,
        0.743076923076923,
        0.7861538461538461,
        0.8169230769230769,
        0.8261538461538461,
        0.9584615384615385,
        0.9338461538461538,
        0.7646153846153846,
        0.8015384615384615,
        0.5553846153846154
    ]
}