{
    "ARTMaxMin":[
        0.9692307692307692,
        0.7230769230769231,
        0.8,
        0.8,
        0.9692307692307692,
        0.9538461538461539,
        0.03076923076923077,
        0.03076923076923077,
        0.9538461538461539,
        0.3384615384615385,
        0.5692307692307692,
        0.8769230769230769,
        0.8923076923076924,
        0.35384615384615387,
        0.5076923076923077,
        0.7230769230769231,
        0.8769230769230769,
        0,
        0.2923076923076923,
        0.46153846153846156,
        0.8615384615384616,
        0.8923076923076924,
        0,
        0.46153846153846156,
        0.8923076923076924,
        0.35384615384615387,
        0.8,
        0.8923076923076924,
        0.8615384615384616,
        0.03076923076923077,
        0.8923076923076924,
        0.03076923076923077,
        0.7230769230769231,
        0.46153846153846156,
        0,
        0.09230769230769231,
        0.9538461538461539,
        0.9692307692307692,
        0.9538461538461539,
        0.7230769230769231,
        0.8923076923076924,
        0.9538461538461539,
        0.9538461538461539,
        0,
        0.3076923076923077,
        0.8615384615384616,
        0.6461538461538462,
        0.9538461538461539,
        0,
        0.5692307692307692,
        0.9692307692307692,
        0.8615384615384616,
        0.4461538461538462,
        0.46153846153846156,
        0.8615384615384616,
        0.9692307692307692,
        0.9538461538461539,
        0.8923076923076924,
        0.46153846153846156
    ],
    "Genetic":[
        0.9692307692307692,
        0.9230769230769231,
        0.7076923076923077,
        0.7692307692307693,
        0.8923076923076924,
        0.8923076923076924,
        0.6,
        0.6,
        0.8923076923076924,
        0.5538461538461539,
        0.7076923076923077,
        0.8307692307692308,
        0.7384615384615385,
        0.3384615384615385,
        0.4307692307692308,
        0.3230769230769231,
        0.7538461538461538,
        0,
        0.12307692307692308,
        0.3384615384615385,
        0.8769230769230769,
        0.7230769230769231,
        0,
        0.3384615384615385,
        0.7230769230769231,
        0.3384615384615385,
        0.7692307692307693,
        0.9384615384615385,
        0.7384615384615385,
        0.6,
        0.8923076923076924,
        0.6,
        0.9230769230769231,
        0.3384615384615385,
        0,
        0.3384615384615385,
        0.5384615384615384,
        0.9692307692307692,
        0.47692307692307695,
        0.9230769230769231,
        0.7230769230769231,
        0.8923076923076924,
        0.8923076923076924,
        0,
        0.5538461538461539,
        0.8769230769230769,
        0.38461538461538464,
        0.8923076923076924,
        0,
        0.7076923076923077,
        0.9692307692307692,
        0.8769230769230769,
        0.8,
        0.3384615384615385,
        0.9230769230769231,
        0.9692307692307692,
        0.5384615384615384,
        0.7384615384615385,
        0.3384615384615385
    ],
    "GreedyAdditional":[
        0.9538461538461539,
        0.9076923076923077,
        0.676923076923077,
        0.7384615384615385,
        0.8615384615384616,
        0.9384615384615385,
        0.6153846153846154,
        0.6153846153846154,
        0.9384615384615385,
        0.5384615384615384,
        0.6615384615384615,
        0.8307692307692308,
        0.6461538461538462,
        0.3384615384615385,
        0.49230769230769234,
        0.38461538461538464,
        0.8153846153846154,
        0,
        0.1076923076923077,
        0.47692307692307695,
        0.8923076923076924,
        0.7384615384615385,
        0,
        0.47692307692307695,
        0.7384615384615385,
        0.3384615384615385,
        0.7384615384615385,
        0.9846153846153847,
        0.7846153846153846,
        0.6153846153846154,
        0.8769230769230769,
        0.6153846153846154,
        0.9076923076923077,
        0.4,
        0,
        0.3230769230769231,
        0.5846153846153846,
        0.9538461538461539,
        0.5692307692307692,
        0.9076923076923077,
        0.7384615384615385,
        0.9384615384615385,
        0.9384615384615385,
        0,
        0.5384615384615384,
        0.8923076923076924,
        0.4,
        0.9384615384615385,
        0,
        0.6615384615384615,
        0.9538461538461539,
        0.8923076923076924,
        0.6461538461538462,
        0.47692307692307695,
        0.9076923076923077,
        0.9538461538461539,
        0.5846153846153846,
        0.6461538461538462,
        0.4
    ],
    "GreedyTotal":[
        0.7230769230769231,
        0.5076923076923077,
        0.6923076923076923,
        0.6923076923076923,
        0.2923076923076923,
        0.8307692307692308,
        0.7076923076923077,
        0.7076923076923077,
        0.8307692307692308,
        0.4,
        0.6923076923076923,
        0.8307692307692308,
        0.2923076923076923,
        0.1076923076923077,
        0.03076923076923077,
        0.8461538461538461,
        0.8307692307692308,
        0,
        0.07692307692307693,
        0.07692307692307693,
        0.23076923076923078,
        0.5384615384615384,
        0,
        0.07692307692307693,
        0.5384615384615384,
        0.1076923076923077,
        0.6923076923076923,
        0.8,
        0.015384615384615385,
        0.7076923076923077,
        0.5230769230769231,
        0.7076923076923077,
        0.5076923076923077,
        0.07692307692307693,
        0,
        0.03076923076923077,
        0.07692307692307693,
        0.47692307692307695,
        0.9384615384615385,
        0.5076923076923077,
        0.5384615384615384,
        0.8307692307692308,
        0.8307692307692308,
        0,
        0.2923076923076923,
        0.23076923076923078,
        0.03076923076923077,
        0.8307692307692308,
        0,
        0.6923076923076923,
        0.47692307692307695,
        0.23076923076923078,
        0.015384615384615385,
        0.07692307692307693,
        0.5076923076923077,
        0.47692307692307695,
        0.07692307692307693,
        0.2923076923076923,
        0.07692307692307693
    ]
}