{
    "AdditionalTotal":[
        0.3388157894736842,
        0.37368421052631573,
        0.20526315789473681,
        0.39342105263157895,
        0.3125,
        0.32763157894736844,
        0.2710526315789474,
        0.17324561403508773,
        0.34868421052631576,
        0.31315789473684214,
        0.3394736842105263,
        0.3442982456140351,
        0.2671052631578947,
        0.3618421052631579,
        0.2450657894736842,
        0.21315789473684213,
        0.25877192982456143,
        0.3289473684210526,
        0.21315789473684207,
        0.20230263157894737,
        0.37006578947368424,
        0.18092105263157895,
        0.3371710526315789,
        0.24342105263157895,
        0.3157894736842105,
        0.2302631578947368,
        0.39035087719298245,
        0.33388157894736836,
        0.2539473684210526,
        0.2934210526315789,
        0.28157894736842104,
        0.2680921052631579,
        0.29440789473684215,
        0.36677631578947373,
        0.32894736842105265,
        0.2894736842105263,
        0.37368421052631573,
        0.3338815789473685,
        0.35690789473684204,
        0.3763157894736842,
        0.3640350877192982,
        0.3026315789473685,
        0.25921052631578945,
        0.2565789473684211,
        0.3276315789473684,
        0.29276315789473684,
        0.25,
        0.3671052631578947,
        0.319078947368421,
        0.2976973684210526,
        0.23848684210526314,
        0.33026315789473687,
        0.18092105263157895,
        0.21217105263157895,
        0.2605263157894737,
        0.3473684210526316,
        0.381578947368421,
        0.20526315789473681,
        0.2192982456140351
    ],
    "GreedyAdditional":[
        0.7384615384615385,
        0.6553846153846153,
        0.4276923076923077,
        0.5692307692307692,
        0.6269230769230769,
        0.5076923076923078,
        0.5846153846153846,
        0.3282051282051282,
        0.6923076923076923,
        0.48,
        0.7784615384615384,
        0.5589743589743591,
        0.5169230769230769,
        0.5346153846153846,
        0.6,
        0.37538461538461537,
        0.5282051282051282,
        0.5153846153846153,
        0.30769230769230765,
        0.4769230769230769,
        0.48846153846153845,
        0.35000000000000003,
        0.5730769230769232,
        0.41538461538461535,
        0.5884615384615385,
        0.37538461538461537,
        0.6666666666666666,
        0.6307692307692307,
        0.48,
        0.5353846153846153,
        0.46769230769230774,
        0.5076923076923077,
        0.526923076923077,
        0.6423076923076922,
        0.6256410256410256,
        0.4584615384615384,
        0.5969230769230769,
        0.6807692307692308,
        0.5423076923076924,
        0.5076923076923077,
        0.5794871794871795,
        0.5846153846153846,
        0.4584615384615384,
        0.6,
        0.6276923076923077,
        0.5192307692307692,
        0.5499999999999999,
        0.6369230769230769,
        0.5307692307692308,
        0.5230769230769231,
        0.5576923076923077,
        0.5723076923076923,
        0.42692307692307696,
        0.4192307692307693,
        0.5415384615384615,
        0.6615384615384615,
        0.6153846153846154,
        0.4153846153846154,
        0.4205128205128205
    ],
    "GreedyAdditionalNew":[
        0.773076923076923,
        0.6892307692307693,
        0.4430769230769231,
        0.6061538461538462,
        0.5461538461538462,
        0.48923076923076925,
        0.6584615384615385,
        0.39999999999999997,
        0.7269230769230769,
        0.5415384615384615,
        0.7692307692307693,
        0.6615384615384615,
        0.5261538461538462,
        0.5884615384615385,
        0.5923076923076924,
        0.37230769230769234,
        0.6461538461538462,
        0.5346153846153846,
        0.37230769230769234,
        0.5346153846153846,
        0.6730769230769231,
        0.4115384615384616,
        0.6653846153846154,
        0.4192307692307693,
        0.5923076923076923,
        0.4184615384615385,
        0.6051282051282051,
        0.5846153846153846,
        0.4861538461538461,
        0.6215384615384616,
        0.5353846153846153,
        0.5346153846153846,
        0.5230769230769231,
        0.6423076923076924,
        0.712820512820513,
        0.4553846153846154,
        0.6,
        0.7192307692307691,
        0.5615384615384615,
        0.5815384615384616,
        0.5692307692307693,
        0.6646153846153846,
        0.5538461538461539,
        0.5948717948717949,
        0.683076923076923,
        0.5230769230769231,
        0.5576923076923077,
        0.7261538461538461,
        0.5538461538461539,
        0.5461538461538461,
        0.5423076923076924,
        0.6246153846153846,
        0.3884615384615384,
        0.47692307692307695,
        0.5353846153846153,
        0.6676923076923076,
        0.6500000000000001,
        0.4430769230769231,
        0.4307692307692308
    ],
    "GreedyTotal":[
        0.45384615384615384,
        0.48923076923076925,
        0.2923076923076923,
        0.3353846153846154,
        0.30000000000000004,
        0.28307692307692306,
        0.4553846153846154,
        0.2923076923076923,
        0.49230769230769234,
        0.2892307692307693,
        0.5292307692307692,
        0.2820512820512821,
        0.3015384615384615,
        0.36923076923076925,
        0.44999999999999996,
        0.19384615384615383,
        0.37948717948717947,
        0.3230769230769231,
        0.18769230769230769,
        0.29230769230769227,
        0.2923076923076924,
        0.2076923076923077,
        0.35,
        0.2076923076923077,
        0.42692307692307696,
        0.19692307692307692,
        0.38974358974358975,
        0.3846153846153846,
        0.20307692307692307,
        0.36307692307692313,
        0.4461538461538462,
        0.3076923076923077,
        0.20769230769230768,
        0.27692307692307694,
        0.4564102564102564,
        0.2861538461538461,
        0.3384615384615384,
        0.5,
        0.2653846153846154,
        0.27384615384615385,
        0.34871794871794876,
        0.40615384615384614,
        0.3476923076923077,
        0.3128205128205129,
        0.3907692307692308,
        0.25384615384615383,
        0.2230769230769231,
        0.4123076923076924,
        0.2692307692307693,
        0.3730769230769231,
        0.29615384615384616,
        0.363076923076923,
        0.19615384615384612,
        0.22692307692307692,
        0.21230769230769236,
        0.41230769230769226,
        0.38076923076923075,
        0.22461538461538458,
        0.14871794871794872
    ]
}