{
    "AdditionalTotal":[
        0.8307692307692307,
        0.8615384615384617,
        0.4830769230769231,
        0.7753846153846153,
        0.7653846153846153,
        0.8153846153846154,
        0.6,
        0.39999999999999997,
        0.9076923076923077,
        0.6153846153846153,
        0.8461538461538461,
        0.841025641025641,
        0.6984615384615385,
        0.8153846153846154,
        0.573076923076923,
        0.52,
        0.6205128205128205,
        0.8384615384615385,
        0.39692307692307693,
        0.6653846153846154,
        0.8153846153846155,
        0.5346153846153846,
        0.926923076923077,
        0.6884615384615385,
        0.6923076923076923,
        0.5815384615384616,
        0.7589743589743589,
        0.8384615384615385,
        0.6523076923076923,
        0.6861538461538462,
        0.6369230769230769,
        0.5192307692307693,
        0.8153846153846154,
        0.7923076923076924,
        0.7230769230769231,
        0.6092307692307692,
        0.8215384615384617,
        0.8307692307692307,
        0.823076923076923,
        0.7415384615384616,
        0.841025641025641,
        0.7723076923076924,
        0.6092307692307692,
        0.7384615384615385,
        0.8461538461538461,
        0.7076923076923077,
        0.7000000000000001,
        0.8892307692307693,
        0.8384615384615385,
        0.6192307692307693,
        0.5923076923076923,
        0.7476923076923077,
        0.6615384615384615,
        0.7,
        0.8246153846153845,
        0.8184615384615384,
        0.8884615384615384,
        0.5415384615384615,
        0.5384615384615384
    ],
    "GreedyAdditional":[
        0.7384615384615385,
        0.6553846153846153,
        0.4276923076923077,
        0.5692307692307692,
        0.6269230769230769,
        0.5076923076923078,
        0.5846153846153846,
        0.3282051282051282,
        0.6923076923076923,
        0.48,
        0.7784615384615384,
        0.5589743589743591,
        0.5169230769230769,
        0.5346153846153846,
        0.6,
        0.37538461538461537,
        0.5282051282051282,
        0.5153846153846153,
        0.30769230769230765,
        0.4769230769230769,
        0.48846153846153845,
        0.35000000000000003,
        0.5730769230769232,
        0.41538461538461535,
        0.5884615384615385,
        0.37538461538461537,
        0.6666666666666666,
        0.6307692307692307,
        0.48,
        0.5353846153846153,
        0.46769230769230774,
        0.5076923076923077,
        0.526923076923077,
        0.6423076923076922,
        0.6256410256410256,
        0.4584615384615384,
        0.5969230769230769,
        0.6807692307692308,
        0.5423076923076924,
        0.5076923076923077,
        0.5794871794871795,
        0.5846153846153846,
        0.4584615384615384,
        0.6,
        0.6276923076923077,
        0.5192307692307692,
        0.5499999999999999,
        0.6369230769230769,
        0.5307692307692308,
        0.5230769230769231,
        0.5576923076923077,
        0.5723076923076923,
        0.42692307692307696,
        0.4192307692307693,
        0.5415384615384615,
        0.6615384615384615,
        0.6153846153846154,
        0.4153846153846154,
        0.4205128205128205
    ],
    "GreedyAdditionalSimilarity":[
        0.6923076923076923,
        0.5753846153846155,
        0.37538461538461537,
        0.4523076923076924,
        0.4346153846153846,
        0.3107692307692308,
        0.6369230769230769,
        0.47179487179487184,
        0.5230769230769231,
        0.39384615384615385,
        0.6246153846153847,
        0.35897435897435903,
        0.4492307692307692,
        0.476923076923077,
        0.41923076923076924,
        0.2430769230769231,
        0.5743589743589744,
        0.39999999999999997,
        0.3907692307692308,
        0.4076923076923077,
        0.4346153846153846,
        0.30000000000000004,
        0.4,
        0.27692307692307694,
        0.476923076923077,
        0.2646153846153846,
        0.44102564102564107,
        0.49230769230769234,
        0.2553846153846154,
        0.5046153846153847,
        0.5846153846153846,
        0.49615384615384617,
        0.24230769230769234,
        0.4076923076923077,
        0.48205128205128206,
        0.36923076923076925,
        0.4276923076923077,
        0.673076923076923,
        0.35769230769230775,
        0.29846153846153844,
        0.43076923076923074,
        0.5353846153846155,
        0.5476923076923077,
        0.2923076923076923,
        0.556923076923077,
        0.4807692307692307,
        0.40384615384615385,
        0.6307692307692309,
        0.3538461538461538,
        0.5346153846153846,
        0.4461538461538461,
        0.46153846153846156,
        0.19230769230769232,
        0.31153846153846154,
        0.3046153846153846,
        0.4707692307692308,
        0.46153846153846156,
        0.3384615384615385,
        0.35897435897435903
    ],
    "GreedyTotal":[
        0.45384615384615384,
        0.48923076923076925,
        0.2923076923076923,
        0.3353846153846154,
        0.30000000000000004,
        0.28307692307692306,
        0.4553846153846154,
        0.2923076923076923,
        0.49230769230769234,
        0.2892307692307693,
        0.5292307692307692,
        0.2820512820512821,
        0.3015384615384615,
        0.36923076923076925,
        0.44999999999999996,
        0.19384615384615383,
        0.37948717948717947,
        0.3230769230769231,
        0.18769230769230769,
        0.29230769230769227,
        0.2923076923076924,
        0.2076923076923077,
        0.35,
        0.2076923076923077,
        0.42692307692307696,
        0.19692307692307692,
        0.38974358974358975,
        0.3846153846153846,
        0.20307692307692307,
        0.36307692307692313,
        0.4461538461538462,
        0.3076923076923077,
        0.20769230769230768,
        0.27692307692307694,
        0.4564102564102564,
        0.2861538461538461,
        0.3384615384615384,
        0.5,
        0.2653846153846154,
        0.27384615384615385,
        0.34871794871794876,
        0.40615384615384614,
        0.3476923076923077,
        0.3128205128205129,
        0.3907692307692308,
        0.25384615384615383,
        0.2230769230769231,
        0.4123076923076924,
        0.2692307692307693,
        0.3730769230769231,
        0.29615384615384616,
        0.363076923076923,
        0.19615384615384612,
        0.22692307692307692,
        0.21230769230769236,
        0.41230769230769226,
        0.38076923076923075,
        0.22461538461538458,
        0.14871794871794872
    ]
}