{
    "AdditionalTotal":[
        0.8115384615384617,
        0.8800000000000001,
        0.5815384615384616,
        0.8276923076923077,
        0.826923076923077,
        0.7938461538461539,
        0.5292307692307692,
        0.4615384615384616,
        0.9192307692307693,
        0.6861538461538462,
        0.8430769230769231,
        0.8102564102564104,
        0.6676923076923076,
        0.8884615384615384,
        0.6692307692307692,
        0.6030769230769231,
        0.7333333333333334,
        0.8615384615384615,
        0.5569230769230769,
        0.75,
        0.8769230769230769,
        0.5461538461538462,
        0.9461538461538461,
        0.6846153846153846,
        0.6961538461538462,
        0.6399999999999999,
        0.876923076923077,
        0.8192307692307692,
        0.8215384615384614,
        0.7046153846153846,
        0.6092307692307692,
        0.5115384615384615,
        0.8307692307692307,
        0.7461538461538461,
        0.8256410256410257,
        0.4953846153846154,
        0.8830769230769231,
        0.8538461538461538,
        0.8346153846153846,
        0.7507692307692307,
        0.8051282051282053,
        0.8276923076923077,
        0.633846153846154,
        0.8461538461538461,
        0.8646153846153846,
        0.7923076923076924,
        0.676923076923077,
        0.8615384615384617,
        0.8615384615384616,
        0.6615384615384616,
        0.6576923076923077,
        0.7323076923076923,
        0.6615384615384616,
        0.7807692307692309,
        0.8,
        0.8430769230769231,
        0.903846153846154,
        0.6153846153846154,
        0.5025641025641027
    ],
    "GreedyAdditional":[
        0.8115384615384617,
        0.8800000000000001,
        0.5815384615384616,
        0.8276923076923077,
        0.826923076923077,
        0.7938461538461539,
        0.5292307692307692,
        0.4615384615384616,
        0.9192307692307693,
        0.6861538461538462,
        0.8430769230769231,
        0.8102564102564104,
        0.6676923076923076,
        0.8884615384615384,
        0.6692307692307692,
        0.6030769230769231,
        0.7333333333333334,
        0.8615384615384615,
        0.5569230769230769,
        0.75,
        0.8769230769230769,
        0.5461538461538462,
        0.9461538461538461,
        0.6846153846153846,
        0.6961538461538462,
        0.6399999999999999,
        0.876923076923077,
        0.8192307692307692,
        0.8215384615384614,
        0.7046153846153846,
        0.6092307692307692,
        0.5115384615384615,
        0.8307692307692307,
        0.7461538461538461,
        0.8256410256410257,
        0.4953846153846154,
        0.8830769230769231,
        0.8538461538461538,
        0.8346153846153846,
        0.7507692307692307,
        0.8051282051282053,
        0.8276923076923077,
        0.633846153846154,
        0.8461538461538461,
        0.8646153846153846,
        0.7923076923076924,
        0.676923076923077,
        0.8615384615384617,
        0.8615384615384616,
        0.6615384615384616,
        0.6576923076923077,
        0.7323076923076923,
        0.6615384615384616,
        0.7807692307692309,
        0.8,
        0.8430769230769231,
        0.903846153846154,
        0.6153846153846154,
        0.5025641025641027
    ],
    "GreedyAdditionalNew":[
        0.7115384615384616,
        0.8430769230769231,
        0.5384615384615384,
        0.6984615384615384,
        0.7384615384615385,
        0.5323076923076924,
        0.5476923076923077,
        0.4820512820512821,
        0.8846153846153847,
        0.5384615384615384,
        0.7938461538461539,
        0.9179487179487179,
        0.6861538461538462,
        0.7538461538461538,
        0.5846153846153846,
        0.3753846153846154,
        0.7076923076923077,
        0.65,
        0.5230769230769231,
        0.4961538461538461,
        0.65,
        0.41923076923076924,
        0.6653846153846155,
        0.3038461538461539,
        0.7346153846153847,
        0.27076923076923076,
        0.7538461538461538,
        0.7884615384615384,
        0.36923076923076925,
        0.6892307692307693,
        0.5507692307692309,
        0.48076923076923084,
        0.9115384615384616,
        0.6538461538461539,
        0.8000000000000002,
        0.4707692307692308,
        0.7446153846153847,
        0.6923076923076923,
        0.8307692307692307,
        0.7292307692307692,
        0.7179487179487181,
        0.8861538461538462,
        0.6615384615384616,
        0.9025641025641026,
        0.7876923076923077,
        0.6730769230769231,
        0.4076923076923077,
        0.8615384615384615,
        0.7153846153846154,
        0.6384615384615384,
        0.5576923076923077,
        0.6246153846153846,
        0.25,
        0.5192307692307693,
        0.8830769230769231,
        0.8153846153846154,
        0.7846153846153847,
        0.5046153846153846,
        0.6102564102564103
    ],
    "GreedyTotal":[
        0.44999999999999996,
        0.5107692307692308,
        0.20923076923076925,
        0.26461538461538464,
        0.4884615384615385,
        0.23076923076923078,
        0.6861538461538461,
        0.3384615384615384,
        0.7346153846153847,
        0.38769230769230767,
        0.8123076923076923,
        0.5076923076923077,
        0.4246153846153846,
        0.31153846153846154,
        0.5115384615384615,
        0.3630769230769231,
        0.49230769230769234,
        0.31153846153846154,
        0.23076923076923075,
        0.30769230769230765,
        0.3423076923076923,
        0.2692307692307693,
        0.4,
        0.4115384615384615,
        0.5115384615384615,
        0.2276923076923077,
        0.4051282051282052,
        0.5653846153846154,
        0.3046153846153846,
        0.7046153846153846,
        0.4707692307692308,
        0.7384615384615385,
        0.46923076923076923,
        0.4,
        0.6051282051282051,
        0.46461538461538454,
        0.4246153846153846,
        0.4153846153846154,
        0.3230769230769231,
        0.36615384615384616,
        0.2153846153846154,
        0.556923076923077,
        0.41230769230769226,
        0.7333333333333333,
        0.3630769230769231,
        0.21538461538461537,
        0.22307692307692306,
        0.4615384615384615,
        0.2846153846153846,
        0.25,
        0.5923076923076923,
        0.4769230769230769,
        0.2576923076923077,
        0.1769230769230769,
        0.4246153846153846,
        0.5384615384615385,
        0.3384615384615384,
        0.27999999999999997,
        0.11282051282051282
    ]
}