{
    "AdditionalTotal":[
        0.7538461538461539,
        0.7323076923076923,
        0.4338461538461539,
        0.6430769230769232,
        0.7692307692307693,
        0.5353846153846155,
        0.72,
        0.4102564102564103,
        0.8961538461538461,
        0.5938461538461539,
        0.8615384615384617,
        0.8256410256410257,
        0.6984615384615385,
        0.6576923076923077,
        0.7076923076923076,
        0.5938461538461538,
        0.5384615384615384,
        0.6307692307692307,
        0.34461538461538466,
        0.5115384615384615,
        0.6653846153846154,
        0.5461538461538462,
        0.726923076923077,
        0.6115384615384616,
        0.7269230769230769,
        0.5015384615384616,
        0.6615384615384615,
        0.8846153846153847,
        0.6892307692307693,
        0.7353846153846154,
        0.6461538461538462,
        0.7153846153846154,
        0.7576923076923077,
        0.65,
        0.8153846153846155,
        0.6030769230769232,
        0.6707692307692308,
        0.6538461538461539,
        0.7,
        0.5692307692307692,
        0.7230769230769232,
        0.7538461538461538,
        0.5723076923076923,
        0.9128205128205128,
        0.6646153846153846,
        0.6038461538461538,
        0.5269230769230769,
        0.8123076923076923,
        0.6846153846153846,
        0.4115384615384615,
        0.8076923076923077,
        0.7138461538461539,
        0.7115384615384616,
        0.55,
        0.7784615384615384,
        0.796923076923077,
        0.7807692307692308,
        0.563076923076923,
        0.37435897435897436
    ],
    "GreedyAdditional":[
        0.7538461538461539,
        0.7323076923076923,
        0.4338461538461539,
        0.6430769230769232,
        0.7692307692307693,
        0.5353846153846155,
        0.72,
        0.4102564102564103,
        0.8961538461538461,
        0.5938461538461539,
        0.8615384615384617,
        0.8256410256410257,
        0.6984615384615385,
        0.6576923076923077,
        0.7076923076923076,
        0.5938461538461538,
        0.5384615384615384,
        0.6307692307692307,
        0.34461538461538466,
        0.5115384615384615,
        0.6653846153846154,
        0.5461538461538462,
        0.726923076923077,
        0.6115384615384616,
        0.7269230769230769,
        0.5015384615384616,
        0.6615384615384615,
        0.8846153846153847,
        0.6892307692307693,
        0.7353846153846154,
        0.6461538461538462,
        0.7153846153846154,
        0.7576923076923077,
        0.65,
        0.8153846153846155,
        0.6030769230769232,
        0.6707692307692308,
        0.6538461538461539,
        0.7,
        0.5692307692307692,
        0.7230769230769232,
        0.7538461538461538,
        0.5723076923076923,
        0.9128205128205128,
        0.6646153846153846,
        0.6038461538461538,
        0.5269230769230769,
        0.8123076923076923,
        0.6846153846153846,
        0.4115384615384615,
        0.8076923076923077,
        0.7138461538461539,
        0.7115384615384616,
        0.55,
        0.7784615384615384,
        0.796923076923077,
        0.7807692307692308,
        0.563076923076923,
        0.37435897435897436
    ],
    "GreedyAdditionalSimilarity":[
        0.49230769230769234,
        0.5230769230769231,
        0.23692307692307693,
        0.3353846153846154,
        0.4576923076923077,
        0.27076923076923076,
        0.72,
        0.5435897435897435,
        0.6307692307692307,
        0.38461538461538464,
        0.7230769230769232,
        0.5692307692307693,
        0.4923076923076922,
        0.3269230769230769,
        0.5576923076923077,
        0.3538461538461538,
        0.6,
        0.3576923076923077,
        0.2892307692307693,
        0.5115384615384615,
        0.35384615384615387,
        0.41923076923076924,
        0.3538461538461538,
        0.28846153846153844,
        0.6461538461538462,
        0.14461538461538465,
        0.48717948717948717,
        0.7038461538461538,
        0.26461538461538464,
        0.6861538461538462,
        0.563076923076923,
        0.6653846153846155,
        0.5,
        0.3807692307692308,
        0.4923076923076923,
        0.4430769230769231,
        0.3384615384615385,
        0.6653846153846154,
        0.4653846153846154,
        0.44000000000000006,
        0.517948717948718,
        0.6276923076923075,
        0.46769230769230763,
        0.5641025641025641,
        0.4830769230769231,
        0.29230769230769227,
        0.17692307692307693,
        0.4461538461538462,
        0.13076923076923078,
        0.5115384615384615,
        0.6076923076923078,
        0.5507692307692308,
        0.22692307692307695,
        0.2269230769230769,
        0.32,
        0.56,
        0.28076923076923077,
        0.44615384615384607,
        0.1641025641025641
    ],
    "GreedyTotal":[
        0.3846153846153846,
        0.4430769230769231,
        0.21846153846153848,
        0.31384615384615383,
        0.326923076923077,
        0.26769230769230773,
        0.64,
        0.37435897435897436,
        0.65,
        0.316923076923077,
        0.68,
        0.6256410256410256,
        0.42153846153846153,
        0.28076923076923077,
        0.3846153846153847,
        0.4276923076923077,
        0.5025641025641026,
        0.2846153846153846,
        0.19692307692307692,
        0.24230769230769228,
        0.3538461538461539,
        0.3653846153846154,
        0.3730769230769231,
        0.3076923076923077,
        0.5615384615384615,
        0.2,
        0.37435897435897436,
        0.5269230769230769,
        0.23076923076923075,
        0.7200000000000001,
        0.48307692307692307,
        0.5692307692307692,
        0.5615384615384615,
        0.2153846153846154,
        0.441025641025641,
        0.43076923076923074,
        0.3353846153846154,
        0.3384615384615385,
        0.5153846153846153,
        0.41230769230769226,
        0.3897435897435897,
        0.5169230769230769,
        0.49846153846153846,
        0.47692307692307695,
        0.32,
        0.15384615384615385,
        0.16153846153846152,
        0.4953846153846154,
        0.18461538461538463,
        0.2923076923076923,
        0.42692307692307696,
        0.48923076923076925,
        0.23461538461538461,
        0.14615384615384613,
        0.3784615384615385,
        0.46769230769230774,
        0.28076923076923077,
        0.4276923076923077,
        0.12820512820512822
    ]
}