{
    "ARTMaxMin":[
        0.8153846153846155,
        0.7630769230769232,
        0.5723076923076922,
        0.7723076923076924,
        0.8192307692307693,
        0.673846153846154,
        0.34153846153846157,
        0.2102564102564103,
        0.8730769230769231,
        0.4123076923076924,
        0.836923076923077,
        0.8307692307692308,
        0.6184615384615385,
        0.7653846153846154,
        0.6615384615384615,
        0.6153846153846154,
        0.6307692307692307,
        0.573076923076923,
        0.4,
        0.5153846153846154,
        0.7538461538461539,
        0.4307692307692308,
        0.7730769230769231,
        0.4769230769230769,
        0.7000000000000001,
        0.46153846153846156,
        0.8512820512820513,
        0.9307692307692308,
        0.7015384615384617,
        0.6892307692307693,
        0.4492307692307692,
        0.45769230769230773,
        0.7807692307692308,
        0.7153846153846154,
        0.9538461538461539,
        0.4092307692307693,
        0.7384615384615385,
        0.6423076923076924,
        0.8807692307692309,
        0.6184615384615385,
        0.6871794871794873,
        0.713846153846154,
        0.6307692307692309,
        0.8923076923076924,
        0.6646153846153847,
        0.7692307692307693,
        0.5769230769230769,
        0.9230769230769231,
        0.8384615384615385,
        0.39999999999999997,
        0.8500000000000001,
        0.6984615384615385,
        0.6807692307692309,
        0.6192307692307693,
        0.803076923076923,
        0.923076923076923,
        0.8230769230769232,
        0.6830769230769231,
        0.5589743589743591
    ],
    "Genetic":[
        0.7423076923076923,
        0.7353846153846154,
        0.44000000000000006,
        0.6246153846153846,
        0.8076923076923077,
        0.4892307692307692,
        0.7138461538461539,
        0.4205128205128205,
        0.8846153846153847,
        0.5784615384615386,
        0.8738461538461539,
        0.8256410256410257,
        0.716923076923077,
        0.65,
        0.7000000000000002,
        0.5507692307692309,
        0.5282051282051282,
        0.6000000000000001,
        0.34153846153846157,
        0.49230769230769234,
        0.6384615384615384,
        0.5307692307692308,
        0.6730769230769231,
        0.5538461538461539,
        0.7538461538461538,
        0.4492307692307692,
        0.5794871794871795,
        0.8807692307692307,
        0.6523076923076924,
        0.7384615384615385,
        0.6369230769230769,
        0.6653846153846154,
        0.7653846153846156,
        0.6230769230769231,
        0.7846153846153846,
        0.5907692307692308,
        0.6799999999999999,
        0.6538461538461539,
        0.6653846153846154,
        0.5846153846153846,
        0.717948717948718,
        0.7753846153846153,
        0.5753846153846154,
        0.923076923076923,
        0.6553846153846153,
        0.6038461538461538,
        0.5076923076923077,
        0.8276923076923077,
        0.6846153846153846,
        0.46153846153846156,
        0.8038461538461539,
        0.6953846153846154,
        0.6923076923076923,
        0.5423076923076924,
        0.8307692307692308,
        0.7938461538461539,
        0.7653846153846153,
        0.5692307692307692,
        0.39487179487179497
    ],
    "GreedyAdditional":[
        0.7538461538461539,
        0.7323076923076923,
        0.4338461538461539,
        0.6430769230769232,
        0.7692307692307693,
        0.5353846153846155,
        0.72,
        0.4102564102564103,
        0.8961538461538461,
        0.5938461538461539,
        0.8615384615384617,
        0.8256410256410257,
        0.6984615384615385,
        0.6576923076923077,
        0.7076923076923076,
        0.5938461538461538,
        0.5384615384615384,
        0.6307692307692307,
        0.34461538461538466,
        0.5115384615384615,
        0.6653846153846154,
        0.5461538461538462,
        0.726923076923077,
        0.6115384615384616,
        0.7269230769230769,
        0.5015384615384616,
        0.6615384615384615,
        0.8846153846153847,
        0.6892307692307693,
        0.7353846153846154,
        0.6461538461538462,
        0.7153846153846154,
        0.7576923076923077,
        0.65,
        0.8153846153846155,
        0.6030769230769232,
        0.6707692307692308,
        0.6538461538461539,
        0.7,
        0.5692307692307692,
        0.7230769230769232,
        0.7538461538461538,
        0.5723076923076923,
        0.9128205128205128,
        0.6646153846153846,
        0.6038461538461538,
        0.5269230769230769,
        0.8123076923076923,
        0.6846153846153846,
        0.4115384615384615,
        0.8076923076923077,
        0.7138461538461539,
        0.7115384615384616,
        0.55,
        0.7784615384615384,
        0.796923076923077,
        0.7807692307692308,
        0.563076923076923,
        0.37435897435897436
    ],
    "GreedyTotal":[
        0.3846153846153846,
        0.4430769230769231,
        0.21846153846153848,
        0.31384615384615383,
        0.326923076923077,
        0.26769230769230773,
        0.64,
        0.37435897435897436,
        0.65,
        0.316923076923077,
        0.68,
        0.6256410256410256,
        0.42153846153846153,
        0.28076923076923077,
        0.3846153846153847,
        0.4276923076923077,
        0.5025641025641026,
        0.2846153846153846,
        0.19692307692307692,
        0.24230769230769228,
        0.3538461538461539,
        0.3653846153846154,
        0.3730769230769231,
        0.3076923076923077,
        0.5615384615384615,
        0.2,
        0.37435897435897436,
        0.5269230769230769,
        0.23076923076923075,
        0.7200000000000001,
        0.48307692307692307,
        0.5692307692307692,
        0.5615384615384615,
        0.2153846153846154,
        0.441025641025641,
        0.43076923076923074,
        0.3353846153846154,
        0.3384615384615385,
        0.5153846153846153,
        0.41230769230769226,
        0.3897435897435897,
        0.5169230769230769,
        0.49846153846153846,
        0.47692307692307695,
        0.32,
        0.15384615384615385,
        0.16153846153846152,
        0.4953846153846154,
        0.18461538461538463,
        0.2923076923076923,
        0.42692307692307696,
        0.48923076923076925,
        0.23461538461538461,
        0.14615384615384613,
        0.3784615384615385,
        0.46769230769230774,
        0.28076923076923077,
        0.4276923076923077,
        0.12820512820512822
    ]
}