{
    "AdditionalTotal":[
        0.04945054945054945,
        0.05314685314685315,
        0.029170829170829173,
        0.051948051948051945,
        0.04945054945054945,
        0.046353646353646354,
        0.04075924075924076,
        0.027639027639027636,
        0.0501998001998002,
        0.04915084915084915,
        0.05054945054945055,
        0.04329004329004329,
        0.042757242757242755,
        0.054945054945054944,
        0.03771228771228771,
        0.03416583416583417,
        0.038295038295038296,
        0.0501998001998002,
        0.03156843156843157,
        0.037212787212787216,
        0.05244755244755245,
        0.029470529470529472,
        0.04920079920079921,
        0.04420579420579421,
        0.045454545454545456,
        0.038561438561438566,
        0.058608058608058615,
        0.04845154845154845,
        0.04035964035964036,
        0.046753246753246755,
        0.043356643356643354,
        0.04170829170829171,
        0.042707292707292704,
        0.055694305694305696,
        0.04528804528804529,
        0.04035964035964036,
        0.05254745254745254,
        0.050699300699300696,
        0.045704295704295704,
        0.05134865134865135,
        0.045621045621045624,
        0.044555444555444565,
        0.03696303696303697,
        0.041625041625041624,
        0.05054945054945055,
        0.03971028971028971,
        0.040209790209790215,
        0.04955044955044956,
        0.04645354645354645,
        0.044455544455544456,
        0.03771228771228771,
        0.04915084915084915,
        0.03046953046953047,
        0.03671328671328672,
        0.04175824175824176,
        0.05154845154845156,
        0.053696303696303696,
        0.029970029970029972,
        0.03496503496503497
    ],
    "GreedyAdditional":[
        0.7538461538461539,
        0.7323076923076923,
        0.4338461538461539,
        0.6430769230769232,
        0.7692307692307693,
        0.5353846153846155,
        0.72,
        0.4102564102564103,
        0.8961538461538461,
        0.5938461538461539,
        0.8615384615384617,
        0.8256410256410257,
        0.6984615384615385,
        0.6576923076923077,
        0.7076923076923076,
        0.5938461538461538,
        0.5384615384615384,
        0.6307692307692307,
        0.34461538461538466,
        0.5115384615384615,
        0.6653846153846154,
        0.5461538461538462,
        0.726923076923077,
        0.6115384615384616,
        0.7269230769230769,
        0.5015384615384616,
        0.6615384615384615,
        0.8846153846153847,
        0.6892307692307693,
        0.7353846153846154,
        0.6461538461538462,
        0.7153846153846154,
        0.7576923076923077,
        0.65,
        0.8153846153846155,
        0.6030769230769232,
        0.6707692307692308,
        0.6538461538461539,
        0.7,
        0.5692307692307692,
        0.7230769230769232,
        0.7538461538461538,
        0.5723076923076923,
        0.9128205128205128,
        0.6646153846153846,
        0.6038461538461538,
        0.5269230769230769,
        0.8123076923076923,
        0.6846153846153846,
        0.4115384615384615,
        0.8076923076923077,
        0.7138461538461539,
        0.7115384615384616,
        0.55,
        0.7784615384615384,
        0.796923076923077,
        0.7807692307692308,
        0.563076923076923,
        0.37435897435897436
    ],
    "GreedyAdditionalNew":[
        0.773076923076923,
        0.7538461538461538,
        0.37846153846153846,
        0.6799999999999999,
        0.7769230769230769,
        0.5753846153846154,
        0.7353846153846154,
        0.4564102564102564,
        0.8961538461538463,
        0.6246153846153846,
        0.8523076923076924,
        0.876923076923077,
        0.76,
        0.7038461538461539,
        0.6153846153846154,
        0.5353846153846153,
        0.5897435897435898,
        0.6846153846153846,
        0.37230769230769234,
        0.573076923076923,
        0.6807692307692308,
        0.6115384615384616,
        0.773076923076923,
        0.6615384615384615,
        0.7461538461538462,
        0.44000000000000006,
        0.6871794871794871,
        0.8346153846153846,
        0.556923076923077,
        0.7476923076923078,
        0.6830769230769231,
        0.7115384615384616,
        0.8076923076923077,
        0.6423076923076924,
        0.8307692307692308,
        0.6153846153846154,
        0.6861538461538462,
        0.7076923076923076,
        0.7384615384615385,
        0.5753846153846155,
        0.764102564102564,
        0.8061538461538461,
        0.6061538461538462,
        0.9384615384615383,
        0.7476923076923078,
        0.6346153846153846,
        0.5884615384615384,
        0.8430769230769231,
        0.6846153846153846,
        0.4538461538461538,
        0.6961538461538461,
        0.7353846153846153,
        0.5461538461538462,
        0.6076923076923078,
        0.8184615384615386,
        0.8153846153846154,
        0.8038461538461539,
        0.5292307692307692,
        0.4000000000000001
    ],
    "GreedyTotal":[
        0.3846153846153846,
        0.4430769230769231,
        0.21846153846153848,
        0.31384615384615383,
        0.326923076923077,
        0.26769230769230773,
        0.64,
        0.37435897435897436,
        0.65,
        0.316923076923077,
        0.68,
        0.6256410256410256,
        0.42153846153846153,
        0.28076923076923077,
        0.3846153846153847,
        0.4276923076923077,
        0.5025641025641026,
        0.2846153846153846,
        0.19692307692307692,
        0.24230769230769228,
        0.3538461538461539,
        0.3653846153846154,
        0.3730769230769231,
        0.3076923076923077,
        0.5615384615384615,
        0.2,
        0.37435897435897436,
        0.5269230769230769,
        0.23076923076923075,
        0.7200000000000001,
        0.48307692307692307,
        0.5692307692307692,
        0.5615384615384615,
        0.2153846153846154,
        0.441025641025641,
        0.43076923076923074,
        0.3353846153846154,
        0.3384615384615385,
        0.5153846153846153,
        0.41230769230769226,
        0.3897435897435897,
        0.5169230769230769,
        0.49846153846153846,
        0.47692307692307695,
        0.32,
        0.15384615384615385,
        0.16153846153846152,
        0.4953846153846154,
        0.18461538461538463,
        0.2923076923076923,
        0.42692307692307696,
        0.48923076923076925,
        0.23461538461538461,
        0.14615384615384613,
        0.3784615384615385,
        0.46769230769230774,
        0.28076923076923077,
        0.4276923076923077,
        0.12820512820512822
    ]
}