{
    "ARTMaxMin":[
        0.8769230769230769,
        0.7661538461538462,
        0.5876923076923077,
        0.7938461538461539,
        0.8461538461538461,
        0.5323076923076924,
        0.5046153846153847,
        0.48205128205128206,
        0.7961538461538462,
        0.6276923076923077,
        0.8676923076923077,
        0.6666666666666666,
        0.6123076923076923,
        0.8038461538461539,
        0.5961538461538463,
        0.5384615384615385,
        0.7435897435897436,
        0.6000000000000001,
        0.6246153846153847,
        0.573076923076923,
        0.7038461538461539,
        0.3653846153846154,
        0.5653846153846154,
        0.2692307692307693,
        0.6884615384615386,
        0.36923076923076925,
        0.9538461538461539,
        0.7730769230769231,
        0.5815384615384616,
        0.6676923076923077,
        0.5076923076923078,
        0.5076923076923078,
        0.6807692307692308,
        0.8615384615384616,
        0.7743589743589744,
        0.47384615384615375,
        0.8276923076923077,
        0.8076923076923077,
        0.7538461538461538,
        0.6676923076923077,
        0.6769230769230768,
        0.7846153846153847,
        0.6707692307692309,
        0.717948717948718,
        0.7753846153846153,
        0.7576923076923078,
        0.8,
        0.8153846153846154,
        0.8,
        0.7115384615384616,
        0.6153846153846154,
        0.673846153846154,
        0.5423076923076923,
        0.5692307692307692,
        0.7415384615384616,
        0.836923076923077,
        0.8038461538461539,
        0.6030769230769232,
        0.758974358974359
    ],
    "Genetic":[
        0.8461538461538461,
        0.7907692307692308,
        0.5692307692307692,
        0.6676923076923077,
        0.6846153846153846,
        0.5938461538461539,
        0.6953846153846154,
        0.4307692307692308,
        0.8307692307692308,
        0.643076923076923,
        0.8553846153846154,
        0.6512820512820513,
        0.6246153846153846,
        0.7115384615384616,
        0.8038461538461538,
        0.5538461538461539,
        0.5743589743589744,
        0.6615384615384615,
        0.43076923076923074,
        0.55,
        0.6846153846153846,
        0.4346153846153846,
        0.7500000000000001,
        0.5076923076923077,
        0.6807692307692308,
        0.5846153846153845,
        0.7743589743589744,
        0.6346153846153846,
        0.6369230769230769,
        0.6676923076923076,
        0.6461538461538462,
        0.5807692307692307,
        0.6692307692307692,
        0.7884615384615384,
        0.7897435897435897,
        0.5969230769230769,
        0.7507692307692307,
        0.8115384615384615,
        0.6769230769230768,
        0.5599999999999999,
        0.6871794871794873,
        0.6861538461538462,
        0.5938461538461539,
        0.7948717948717948,
        0.8153846153846154,
        0.6384615384615385,
        0.7153846153846154,
        0.7784615384615384,
        0.7384615384615385,
        0.4307692307692308,
        0.7230769230769231,
        0.7446153846153847,
        0.4653846153846154,
        0.5846153846153845,
        0.6430769230769231,
        0.7384615384615385,
        0.8076923076923077,
        0.49846153846153846,
        0.5230769230769231
    ],
    "GreedyAdditional":[
        0.7384615384615385,
        0.6553846153846153,
        0.4276923076923077,
        0.5692307692307692,
        0.6269230769230769,
        0.5076923076923078,
        0.5846153846153846,
        0.3282051282051282,
        0.6923076923076923,
        0.48,
        0.7784615384615384,
        0.5589743589743591,
        0.5169230769230769,
        0.5346153846153846,
        0.6,
        0.37538461538461537,
        0.5282051282051282,
        0.5153846153846153,
        0.30769230769230765,
        0.4769230769230769,
        0.48846153846153845,
        0.35000000000000003,
        0.5730769230769232,
        0.41538461538461535,
        0.5884615384615385,
        0.37538461538461537,
        0.6666666666666666,
        0.6307692307692307,
        0.48,
        0.5353846153846153,
        0.46769230769230774,
        0.5076923076923077,
        0.526923076923077,
        0.6423076923076922,
        0.6256410256410256,
        0.4584615384615384,
        0.5969230769230769,
        0.6807692307692308,
        0.5423076923076924,
        0.5076923076923077,
        0.5794871794871795,
        0.5846153846153846,
        0.4584615384615384,
        0.6,
        0.6276923076923077,
        0.5192307692307692,
        0.5499999999999999,
        0.6369230769230769,
        0.5307692307692308,
        0.5230769230769231,
        0.5576923076923077,
        0.5723076923076923,
        0.42692307692307696,
        0.4192307692307693,
        0.5415384615384615,
        0.6615384615384615,
        0.6153846153846154,
        0.4153846153846154,
        0.4205128205128205
    ],
    "GreedyTotal":[
        0.45384615384615384,
        0.48923076923076925,
        0.2923076923076923,
        0.3353846153846154,
        0.30000000000000004,
        0.28307692307692306,
        0.4553846153846154,
        0.2923076923076923,
        0.49230769230769234,
        0.2892307692307693,
        0.5292307692307692,
        0.2820512820512821,
        0.3015384615384615,
        0.36923076923076925,
        0.44999999999999996,
        0.19384615384615383,
        0.37948717948717947,
        0.3230769230769231,
        0.18769230769230769,
        0.29230769230769227,
        0.2923076923076924,
        0.2076923076923077,
        0.35,
        0.2076923076923077,
        0.42692307692307696,
        0.19692307692307692,
        0.38974358974358975,
        0.3846153846153846,
        0.20307692307692307,
        0.36307692307692313,
        0.4461538461538462,
        0.3076923076923077,
        0.20769230769230768,
        0.27692307692307694,
        0.4564102564102564,
        0.2861538461538461,
        0.3384615384615384,
        0.5,
        0.2653846153846154,
        0.27384615384615385,
        0.34871794871794876,
        0.40615384615384614,
        0.3476923076923077,
        0.3128205128205129,
        0.3907692307692308,
        0.25384615384615383,
        0.2230769230769231,
        0.4123076923076924,
        0.2692307692307693,
        0.3730769230769231,
        0.29615384615384616,
        0.363076923076923,
        0.19615384615384612,
        0.22692307692307692,
        0.21230769230769236,
        0.41230769230769226,
        0.38076923076923075,
        0.22461538461538458,
        0.14871794871794872
    ]
}