{
    "ARTMaxMin":[
        0.9615384615384617,
        0.8030769230769232,
        0.5323076923076924,
        0.7507692307692307,
        0.7846153846153846,
        0.6246153846153846,
        0.49230769230769234,
        0.36923076923076925,
        0.8769230769230769,
        0.5599999999999999,
        0.9200000000000002,
        0.6923076923076924,
        0.6338461538461538,
        0.85,
        0.6846153846153846,
        0.5138461538461538,
        0.635897435897436,
        0.7192307692307692,
        0.4923076923076922,
        0.6230769230769231,
        0.8230769230769232,
        0.5076923076923077,
        0.7307692307692308,
        0.40384615384615385,
        0.7884615384615385,
        0.5261538461538462,
        0.8358974358974359,
        0.8,
        0.6461538461538462,
        0.6953846153846154,
        0.5415384615384615,
        0.45769230769230773,
        0.7923076923076924,
        0.823076923076923,
        0.841025641025641,
        0.4492307692307692,
        0.876923076923077,
        0.876923076923077,
        0.7923076923076924,
        0.7046153846153846,
        0.8102564102564104,
        0.8061538461538461,
        0.6153846153846154,
        0.841025641025641,
        0.7846153846153846,
        0.75,
        0.8807692307692307,
        0.9076923076923077,
        0.8846153846153846,
        0.8038461538461539,
        0.7269230769230769,
        0.8276923076923077,
        0.5615384615384615,
        0.7692307692307692,
        0.836923076923077,
        0.8153846153846154,
        0.8692307692307693,
        0.6646153846153846,
        0.6307692307692307
    ],
    "Genetic":[
        0.7961538461538461,
        0.8430769230769231,
        0.6646153846153846,
        0.7230769230769232,
        0.75,
        0.6246153846153847,
        0.6,
        0.5487179487179487,
        0.8307692307692307,
        0.716923076923077,
        0.8061538461538461,
        0.6820512820512822,
        0.6276923076923078,
        0.8230769230769232,
        0.676923076923077,
        0.4953846153846154,
        0.8205128205128206,
        0.7153846153846154,
        0.6,
        0.7961538461538462,
        0.75,
        0.5230769230769231,
        0.7961538461538462,
        0.5076923076923077,
        0.6346153846153847,
        0.5415384615384615,
        0.8102564102564104,
        0.6576923076923078,
        0.7815384615384616,
        0.6646153846153846,
        0.5723076923076923,
        0.5038461538461538,
        0.7153846153846154,
        0.7384615384615385,
        0.6769230769230768,
        0.5507692307692308,
        0.8307692307692308,
        0.8346153846153846,
        0.6576923076923078,
        0.7076923076923077,
        0.7025641025641026,
        0.913846153846154,
        0.5753846153846154,
        0.7743589743589744,
        0.8246153846153847,
        0.7961538461538462,
        0.5884615384615385,
        0.7446153846153847,
        0.7153846153846154,
        0.8961538461538462,
        0.6653846153846154,
        0.7661538461538462,
        0.5884615384615385,
        0.7653846153846156,
        0.676923076923077,
        0.7446153846153847,
        0.823076923076923,
        0.6,
        0.5641025641025641
    ],
    "GreedyAdditional":[
        0.8115384615384617,
        0.8800000000000001,
        0.5815384615384616,
        0.8276923076923077,
        0.826923076923077,
        0.7938461538461539,
        0.5292307692307692,
        0.4615384615384616,
        0.9192307692307693,
        0.6861538461538462,
        0.8430769230769231,
        0.8102564102564104,
        0.6676923076923076,
        0.8884615384615384,
        0.6692307692307692,
        0.6030769230769231,
        0.7333333333333334,
        0.8615384615384615,
        0.5569230769230769,
        0.75,
        0.8769230769230769,
        0.5461538461538462,
        0.9461538461538461,
        0.6846153846153846,
        0.6961538461538462,
        0.6399999999999999,
        0.876923076923077,
        0.8192307692307692,
        0.8215384615384614,
        0.7046153846153846,
        0.6092307692307692,
        0.5115384615384615,
        0.8307692307692307,
        0.7461538461538461,
        0.8256410256410257,
        0.4953846153846154,
        0.8830769230769231,
        0.8538461538461538,
        0.8346153846153846,
        0.7507692307692307,
        0.8051282051282053,
        0.8276923076923077,
        0.633846153846154,
        0.8461538461538461,
        0.8646153846153846,
        0.7923076923076924,
        0.676923076923077,
        0.8615384615384617,
        0.8615384615384616,
        0.6615384615384616,
        0.6576923076923077,
        0.7323076923076923,
        0.6615384615384616,
        0.7807692307692309,
        0.8,
        0.8430769230769231,
        0.903846153846154,
        0.6153846153846154,
        0.5025641025641027
    ],
    "GreedyTotal":[
        0.44999999999999996,
        0.5107692307692308,
        0.20923076923076925,
        0.26461538461538464,
        0.4884615384615385,
        0.23076923076923078,
        0.6861538461538461,
        0.3384615384615384,
        0.7346153846153847,
        0.38769230769230767,
        0.8123076923076923,
        0.5076923076923077,
        0.4246153846153846,
        0.31153846153846154,
        0.5115384615384615,
        0.3630769230769231,
        0.49230769230769234,
        0.31153846153846154,
        0.23076923076923075,
        0.30769230769230765,
        0.3423076923076923,
        0.2692307692307693,
        0.4,
        0.4115384615384615,
        0.5115384615384615,
        0.2276923076923077,
        0.4051282051282052,
        0.5653846153846154,
        0.3046153846153846,
        0.7046153846153846,
        0.4707692307692308,
        0.7384615384615385,
        0.46923076923076923,
        0.4,
        0.6051282051282051,
        0.46461538461538454,
        0.4246153846153846,
        0.4153846153846154,
        0.3230769230769231,
        0.36615384615384616,
        0.2153846153846154,
        0.556923076923077,
        0.41230769230769226,
        0.7333333333333333,
        0.3630769230769231,
        0.21538461538461537,
        0.22307692307692306,
        0.4615384615384615,
        0.2846153846153846,
        0.25,
        0.5923076923076923,
        0.4769230769230769,
        0.2576923076923077,
        0.1769230769230769,
        0.4246153846153846,
        0.5384615384615385,
        0.3384615384615384,
        0.27999999999999997,
        0.11282051282051282
    ]
}