{
    "ARTMaxMin":[
        0.7807692307692309,
        0.7538461538461538,
        0.5723076923076922,
        0.8338461538461539,
        0.8076923076923078,
        0.6430769230769231,
        0.3538461538461538,
        0.20512820512820515,
        0.826923076923077,
        0.48307692307692307,
        0.8,
        0.8564102564102565,
        0.5507692307692308,
        0.8192307692307692,
        0.6038461538461539,
        0.5815384615384616,
        0.6256410256410256,
        0.5884615384615385,
        0.4338461538461538,
        0.576923076923077,
        0.7346153846153847,
        0.5038461538461538,
        0.8423076923076924,
        0.5461538461538462,
        0.6730769230769231,
        0.5753846153846154,
        0.7128205128205128,
        0.8846153846153847,
        0.6646153846153846,
        0.6615384615384616,
        0.4461538461538462,
        0.4461538461538461,
        0.7346153846153847,
        0.7730769230769231,
        0.8256410256410257,
        0.4707692307692309,
        0.7907692307692308,
        0.6269230769230769,
        0.8692307692307693,
        0.5661538461538461,
        0.712820512820513,
        0.6492307692307693,
        0.6123076923076923,
        0.7076923076923077,
        0.6246153846153847,
        0.7653846153846153,
        0.5653846153846154,
        0.8676923076923078,
        0.8,
        0.3230769230769231,
        0.826923076923077,
        0.6861538461538462,
        0.5192307692307692,
        0.6653846153846155,
        0.6276923076923078,
        0.8153846153846155,
        0.8692307692307691,
        0.7015384615384616,
        0.49743589743589745
    ],
    "Genetic":[
        0.8846153846153846,
        0.7815384615384615,
        0.5015384615384615,
        0.6276923076923077,
        0.776923076923077,
        0.5815384615384616,
        0.683076923076923,
        0.37948717948717947,
        0.8769230769230769,
        0.4707692307692308,
        0.8615384615384617,
        0.7846153846153846,
        0.6646153846153846,
        0.7076923076923077,
        0.6884615384615385,
        0.6430769230769231,
        0.5384615384615384,
        0.6769230769230768,
        0.3815384615384615,
        0.4846153846153846,
        0.7153846153846154,
        0.4884615384615385,
        0.7423076923076923,
        0.5423076923076924,
        0.6923076923076923,
        0.5138461538461538,
        0.7487179487179487,
        0.8461538461538463,
        0.52,
        0.7630769230769231,
        0.6553846153846153,
        0.6730769230769231,
        0.8346153846153846,
        0.7115384615384615,
        0.8461538461538461,
        0.563076923076923,
        0.723076923076923,
        0.7115384615384616,
        0.8,
        0.5723076923076923,
        0.7025641025641026,
        0.7384615384615385,
        0.6030769230769232,
        0.8871794871794871,
        0.6738461538461539,
        0.6538461538461539,
        0.5846153846153845,
        0.8184615384615384,
        0.7923076923076924,
        0.4461538461538462,
        0.7807692307692309,
        0.7015384615384616,
        0.4653846153846154,
        0.5846153846153846,
        0.8061538461538461,
        0.8461538461538461,
        0.823076923076923,
        0.5938461538461539,
        0.4051282051282052
    ],
    "GreedyAdditional":[
        0.7538461538461539,
        0.7323076923076923,
        0.4338461538461539,
        0.6430769230769232,
        0.7692307692307693,
        0.5353846153846155,
        0.72,
        0.4102564102564103,
        0.8961538461538461,
        0.5938461538461539,
        0.8615384615384617,
        0.8256410256410257,
        0.6984615384615385,
        0.6576923076923077,
        0.7076923076923076,
        0.5938461538461538,
        0.5384615384615384,
        0.6307692307692307,
        0.34461538461538466,
        0.5115384615384615,
        0.6653846153846154,
        0.5461538461538462,
        0.726923076923077,
        0.6115384615384616,
        0.7269230769230769,
        0.5015384615384616,
        0.6615384615384615,
        0.8846153846153847,
        0.6892307692307693,
        0.7353846153846154,
        0.6461538461538462,
        0.7153846153846154,
        0.7576923076923077,
        0.65,
        0.8153846153846155,
        0.6030769230769232,
        0.6707692307692308,
        0.6538461538461539,
        0.7,
        0.5692307692307692,
        0.7230769230769232,
        0.7538461538461538,
        0.5723076923076923,
        0.9128205128205128,
        0.6646153846153846,
        0.6038461538461538,
        0.5269230769230769,
        0.8123076923076923,
        0.6846153846153846,
        0.4115384615384615,
        0.8076923076923077,
        0.7138461538461539,
        0.7115384615384616,
        0.55,
        0.7784615384615384,
        0.796923076923077,
        0.7807692307692308,
        0.563076923076923,
        0.37435897435897436
    ],
    "GreedyTotal":[
        0.3846153846153846,
        0.4430769230769231,
        0.21846153846153848,
        0.31384615384615383,
        0.326923076923077,
        0.26769230769230773,
        0.64,
        0.37435897435897436,
        0.65,
        0.316923076923077,
        0.68,
        0.6256410256410256,
        0.42153846153846153,
        0.28076923076923077,
        0.3846153846153847,
        0.4276923076923077,
        0.5025641025641026,
        0.2846153846153846,
        0.19692307692307692,
        0.24230769230769228,
        0.3538461538461539,
        0.3653846153846154,
        0.3730769230769231,
        0.3076923076923077,
        0.5615384615384615,
        0.2,
        0.37435897435897436,
        0.5269230769230769,
        0.23076923076923075,
        0.7200000000000001,
        0.48307692307692307,
        0.5692307692307692,
        0.5615384615384615,
        0.2153846153846154,
        0.441025641025641,
        0.43076923076923074,
        0.3353846153846154,
        0.3384615384615385,
        0.5153846153846153,
        0.41230769230769226,
        0.3897435897435897,
        0.5169230769230769,
        0.49846153846153846,
        0.47692307692307695,
        0.32,
        0.15384615384615385,
        0.16153846153846152,
        0.4953846153846154,
        0.18461538461538463,
        0.2923076923076923,
        0.42692307692307696,
        0.48923076923076925,
        0.23461538461538461,
        0.14615384615384613,
        0.3784615384615385,
        0.46769230769230774,
        0.28076923076923077,
        0.4276923076923077,
        0.12820512820512822
    ]
}