{
    "ARTMaxMin":[
        0.8615384615384616,
        0.7076923076923076,
        0.5630769230769231,
        0.8307692307692308,
        0.7769230769230769,
        0.6184615384615385,
        0.7046153846153846,
        0.49230769230769234,
        0.7884615384615384,
        0.6707692307692308,
        0.8523076923076923,
        0.6974358974358975,
        0.7046153846153846,
        0.8076923076923077,
        0.7538461538461538,
        0.5723076923076923,
        0.6871794871794873,
        0.6461538461538462,
        0.556923076923077,
        0.49230769230769234,
        0.7423076923076923,
        0.4653846153846154,
        0.576923076923077,
        0.48846153846153845,
        0.7999999999999999,
        0.5230769230769231,
        0.9076923076923077,
        0.85,
        0.5630769230769231,
        0.7415384615384616,
        0.676923076923077,
        0.6961538461538461,
        0.6807692307692308,
        0.7615384615384615,
        0.8769230769230769,
        0.52,
        0.7938461538461539,
        0.7884615384615384,
        0.7692307692307693,
        0.7353846153846154,
        0.7384615384615385,
        0.6646153846153846,
        0.6738461538461539,
        0.7948717948717948,
        0.7876923076923077,
        0.6923076923076923,
        0.6115384615384616,
        0.803076923076923,
        0.7538461538461538,
        0.6692307692307693,
        0.7538461538461538,
        0.7076923076923076,
        0.46153846153846156,
        0.49230769230769234,
        0.6584615384615384,
        0.8707692307692309,
        0.7615384615384616,
        0.5446153846153846,
        0.558974358974359
    ],
    "Genetic":[
        0.9384615384615385,
        0.8553846153846154,
        0.5230769230769231,
        0.7630769230769231,
        0.7423076923076923,
        0.756923076923077,
        0.52,
        0.29743589743589743,
        0.8115384615384615,
        0.48307692307692307,
        0.8492307692307692,
        0.8512820512820514,
        0.5876923076923076,
        0.7461538461538462,
        0.6538461538461539,
        0.49846153846153846,
        0.5846153846153846,
        0.5692307692307692,
        0.3753846153846154,
        0.6576923076923077,
        0.7346153846153847,
        0.573076923076923,
        0.9384615384615385,
        0.5346153846153846,
        0.7153846153846154,
        0.5784615384615386,
        0.717948717948718,
        0.8192307692307692,
        0.6799999999999999,
        0.6307692307692307,
        0.5384615384615385,
        0.48076923076923084,
        0.7000000000000001,
        0.8038461538461538,
        0.8666666666666667,
        0.5107692307692308,
        0.7507692307692307,
        0.7576923076923077,
        0.8538461538461539,
        0.6861538461538462,
        0.7948717948717948,
        0.7015384615384616,
        0.5969230769230769,
        0.8358974358974359,
        0.6984615384615385,
        0.7538461538461539,
        0.7307692307692308,
        0.8738461538461539,
        0.7384615384615385,
        0.5269230769230769,
        0.7576923076923077,
        0.7292307692307693,
        0.6192307692307693,
        0.6884615384615386,
        0.683076923076923,
        0.7692307692307692,
        0.8500000000000001,
        0.5261538461538462,
        0.5487179487179487
    ],
    "GreedyAdditional":[
        0.7384615384615385,
        0.6553846153846153,
        0.4276923076923077,
        0.5692307692307692,
        0.6269230769230769,
        0.5076923076923078,
        0.5846153846153846,
        0.3282051282051282,
        0.6923076923076923,
        0.48,
        0.7784615384615384,
        0.5589743589743591,
        0.5169230769230769,
        0.5346153846153846,
        0.6,
        0.37538461538461537,
        0.5282051282051282,
        0.5153846153846153,
        0.30769230769230765,
        0.4769230769230769,
        0.48846153846153845,
        0.35000000000000003,
        0.5730769230769232,
        0.41538461538461535,
        0.5884615384615385,
        0.37538461538461537,
        0.6666666666666666,
        0.6307692307692307,
        0.48,
        0.5353846153846153,
        0.46769230769230774,
        0.5076923076923077,
        0.526923076923077,
        0.6423076923076922,
        0.6256410256410256,
        0.4584615384615384,
        0.5969230769230769,
        0.6807692307692308,
        0.5423076923076924,
        0.5076923076923077,
        0.5794871794871795,
        0.5846153846153846,
        0.4584615384615384,
        0.6,
        0.6276923076923077,
        0.5192307692307692,
        0.5499999999999999,
        0.6369230769230769,
        0.5307692307692308,
        0.5230769230769231,
        0.5576923076923077,
        0.5723076923076923,
        0.42692307692307696,
        0.4192307692307693,
        0.5415384615384615,
        0.6615384615384615,
        0.6153846153846154,
        0.4153846153846154,
        0.4205128205128205
    ],
    "GreedyTotal":[
        0.45384615384615384,
        0.48923076923076925,
        0.2923076923076923,
        0.3353846153846154,
        0.30000000000000004,
        0.28307692307692306,
        0.4553846153846154,
        0.2923076923076923,
        0.49230769230769234,
        0.2892307692307693,
        0.5292307692307692,
        0.2820512820512821,
        0.3015384615384615,
        0.36923076923076925,
        0.44999999999999996,
        0.19384615384615383,
        0.37948717948717947,
        0.3230769230769231,
        0.18769230769230769,
        0.29230769230769227,
        0.2923076923076924,
        0.2076923076923077,
        0.35,
        0.2076923076923077,
        0.42692307692307696,
        0.19692307692307692,
        0.38974358974358975,
        0.3846153846153846,
        0.20307692307692307,
        0.36307692307692313,
        0.4461538461538462,
        0.3076923076923077,
        0.20769230769230768,
        0.27692307692307694,
        0.4564102564102564,
        0.2861538461538461,
        0.3384615384615384,
        0.5,
        0.2653846153846154,
        0.27384615384615385,
        0.34871794871794876,
        0.40615384615384614,
        0.3476923076923077,
        0.3128205128205129,
        0.3907692307692308,
        0.25384615384615383,
        0.2230769230769231,
        0.4123076923076924,
        0.2692307692307693,
        0.3730769230769231,
        0.29615384615384616,
        0.363076923076923,
        0.19615384615384612,
        0.22692307692307692,
        0.21230769230769236,
        0.41230769230769226,
        0.38076923076923075,
        0.22461538461538458,
        0.14871794871794872
    ]
}