{
    "AdditionalTotal":[
        0.8115384615384617,
        0.8800000000000001,
        0.5815384615384616,
        0.8276923076923077,
        0.826923076923077,
        0.7938461538461539,
        0.5292307692307692,
        0.4615384615384616,
        0.9192307692307693,
        0.6861538461538462,
        0.8430769230769231,
        0.8102564102564104,
        0.6676923076923076,
        0.8884615384615384,
        0.6692307692307692,
        0.6030769230769231,
        0.7333333333333334,
        0.8615384615384615,
        0.5569230769230769,
        0.75,
        0.8769230769230769,
        0.5461538461538462,
        0.9461538461538461,
        0.6846153846153846,
        0.6961538461538462,
        0.6399999999999999,
        0.876923076923077,
        0.8192307692307692,
        0.8215384615384614,
        0.7046153846153846,
        0.6092307692307692,
        0.5115384615384615,
        0.8307692307692307,
        0.7461538461538461,
        0.8256410256410257,
        0.4953846153846154,
        0.8830769230769231,
        0.8538461538461538,
        0.8346153846153846,
        0.7507692307692307,
        0.8051282051282053,
        0.8276923076923077,
        0.633846153846154,
        0.8461538461538461,
        0.8646153846153846,
        0.7923076923076924,
        0.676923076923077,
        0.8615384615384617,
        0.8615384615384616,
        0.6615384615384616,
        0.6576923076923077,
        0.7323076923076923,
        0.6615384615384616,
        0.7807692307692309,
        0.8,
        0.8430769230769231,
        0.903846153846154,
        0.6153846153846154,
        0.5025641025641027
    ],
    "GreedyAdditional":[
        0.8115384615384617,
        0.8800000000000001,
        0.5815384615384616,
        0.8276923076923077,
        0.826923076923077,
        0.7938461538461539,
        0.5292307692307692,
        0.4615384615384616,
        0.9192307692307693,
        0.6861538461538462,
        0.8430769230769231,
        0.8102564102564104,
        0.6676923076923076,
        0.8884615384615384,
        0.6692307692307692,
        0.6030769230769231,
        0.7333333333333334,
        0.8615384615384615,
        0.5569230769230769,
        0.75,
        0.8769230769230769,
        0.5461538461538462,
        0.9461538461538461,
        0.6846153846153846,
        0.6961538461538462,
        0.6399999999999999,
        0.876923076923077,
        0.8192307692307692,
        0.8215384615384614,
        0.7046153846153846,
        0.6092307692307692,
        0.5115384615384615,
        0.8307692307692307,
        0.7461538461538461,
        0.8256410256410257,
        0.4953846153846154,
        0.8830769230769231,
        0.8538461538461538,
        0.8346153846153846,
        0.7507692307692307,
        0.8051282051282053,
        0.8276923076923077,
        0.633846153846154,
        0.8461538461538461,
        0.8646153846153846,
        0.7923076923076924,
        0.676923076923077,
        0.8615384615384617,
        0.8615384615384616,
        0.6615384615384616,
        0.6576923076923077,
        0.7323076923076923,
        0.6615384615384616,
        0.7807692307692309,
        0.8,
        0.8430769230769231,
        0.903846153846154,
        0.6153846153846154,
        0.5025641025641027
    ],
    "GreedyAdditionalSimilarity":[
        0.5153846153846153,
        0.6276923076923077,
        0.26769230769230773,
        0.37230769230769234,
        0.46923076923076923,
        0.23692307692307693,
        0.5815384615384616,
        0.22564102564102564,
        0.676923076923077,
        0.3538461538461538,
        0.72,
        0.441025641025641,
        0.3046153846153846,
        0.3192307692307692,
        0.6076923076923078,
        0.23076923076923075,
        0.4205128205128205,
        0.34615384615384615,
        0.23076923076923078,
        0.2961538461538461,
        0.3538461538461539,
        0.13461538461538464,
        0.4269230769230769,
        0.1807692307692308,
        0.5769230769230769,
        0.12000000000000002,
        0.5025641025641026,
        0.4884615384615385,
        0.26769230769230773,
        0.40615384615384614,
        0.35692307692307695,
        0.4653846153846154,
        0.4153846153846154,
        0.4115384615384615,
        0.5692307692307693,
        0.396923076923077,
        0.43692307692307686,
        0.5461538461538462,
        0.3230769230769231,
        0.4492307692307692,
        0.36410256410256414,
        0.5446153846153846,
        0.3046153846153846,
        0.7384615384615385,
        0.5015384615384615,
        0.2846153846153846,
        0.3153846153846154,
        0.4738461538461539,
        0.24615384615384617,
        0.25384615384615383,
        0.4846153846153846,
        0.4123076923076924,
        0.20769230769230773,
        0.13461538461538464,
        0.4092307692307693,
        0.5015384615384615,
        0.4,
        0.19384615384615386,
        0.1076923076923077
    ],
    "GreedyTotal":[
        0.44999999999999996,
        0.5107692307692308,
        0.20923076923076925,
        0.26461538461538464,
        0.4884615384615385,
        0.23076923076923078,
        0.6861538461538461,
        0.3384615384615384,
        0.7346153846153847,
        0.38769230769230767,
        0.8123076923076923,
        0.5076923076923077,
        0.4246153846153846,
        0.31153846153846154,
        0.5115384615384615,
        0.3630769230769231,
        0.49230769230769234,
        0.31153846153846154,
        0.23076923076923075,
        0.30769230769230765,
        0.3423076923076923,
        0.2692307692307693,
        0.4,
        0.4115384615384615,
        0.5115384615384615,
        0.2276923076923077,
        0.4051282051282052,
        0.5653846153846154,
        0.3046153846153846,
        0.7046153846153846,
        0.4707692307692308,
        0.7384615384615385,
        0.46923076923076923,
        0.4,
        0.6051282051282051,
        0.46461538461538454,
        0.4246153846153846,
        0.4153846153846154,
        0.3230769230769231,
        0.36615384615384616,
        0.2153846153846154,
        0.556923076923077,
        0.41230769230769226,
        0.7333333333333333,
        0.3630769230769231,
        0.21538461538461537,
        0.22307692307692306,
        0.4615384615384615,
        0.2846153846153846,
        0.25,
        0.5923076923076923,
        0.4769230769230769,
        0.2576923076923077,
        0.1769230769230769,
        0.4246153846153846,
        0.5384615384615385,
        0.3384615384615384,
        0.27999999999999997,
        0.11282051282051282
    ]
}