{
    "AdditionalTotal":[
        0.811,
        0.735,
        0.771,
        0.915,
        0.781,
        0.701,
        0.795,
        0.843,
        0.797,
        0.913,
        0.703,
        0.941,
        0.761,
        0.781,
        0.789,
        0.857,
        0.729,
        0.859,
        0.849,
        0.733,
        0.923,
        0.871,
        0.693,
        0.805,
        0.797,
        0.871,
        0.721,
        0.729,
        0.783,
        0.761,
        0.703,
        0.737,
        0.881,
        0.661,
        0.759,
        0.6809999999999999,
        0.785,
        0.909,
        0.887,
        0.763,
        0.711,
        0.835,
        0.951,
        0.747,
        0.755,
        0.6729999999999999,
        0.789,
        0.715,
        0.8290000000000001,
        0.761,
        0.773,
        0.6709999999999999,
        0.695,
        0.811,
        0.607,
        0.759,
        0.473,
        0.929,
        0.905,
        0.915,
        0.8330000000000001,
        0.859,
        0.863,
        0.651,
        0.9369999999999999,
        0.9349999999999999,
        0.797,
        0.907,
        0.5950000000000001,
        0.753,
        0.881,
        0.925,
        0.943,
        0.913,
        0.799,
        0.6849999999999999,
        0.863,
        0.837,
        0.797,
        0.717,
        0.725,
        0.773,
        0.841,
        0.785,
        0.747,
        0.841,
        0.699,
        0.753,
        0.905,
        0.891,
        0.799,
        0.787,
        0.745,
        0.727,
        0.763,
        0.799,
        0.917,
        0.691,
        0.747,
        0.735,
        0.759,
        0.893,
        0.899,
        0.739,
        0.623,
        0.879
    ],
    "GreedyAdditional":[
        0.847872340425532,
        0.6797872340425531,
        0.7031914893617022,
        0.9500000000000001,
        0.9308510638297872,
        0.6223404255319149,
        0.822340425531915,
        0.8117021276595745,
        0.7414893617021278,
        0.8627659574468085,
        0.9138297872340426,
        0.9606382978723405,
        0.8095744680851064,
        0.9478723404255319,
        0.6797872340425531,
        0.6819148936170213,
        0.7755319148936171,
        0.7414893617021278,
        0.824468085106383,
        0.7542553191489362,
        0.8968085106382979,
        0.8925531914893617,
        0.8542553191489363,
        0.8542553191489363,
        0.9691489361702128,
        0.7606382978723405,
        0.6776595744680852,
        0.5521276595744681,
        0.7542553191489362,
        0.7755319148936171,
        0.7138297872340426,
        0.7563829787234043,
        0.9287234042553192,
        0.5882978723404256,
        0.6882978723404255,
        0.7372340425531915,
        0.8436170212765958,
        0.8010638297872341,
        0.8095744680851064,
        0.6180851063829788,
        0.7159574468085107,
        0.7606382978723405,
        0.9500000000000001,
        0.822340425531915,
        0.8159574468085107,
        0.5436170212765957,
        0.6691489361702129,
        0.7819148936170214,
        0.8393617021276596,
        0.5138297872340426,
        0.8095744680851064,
        0.5053191489361702,
        0.7372340425531915,
        0.8691489361702128,
        0.6606382978723405,
        0.8138297872340426,
        0.5138297872340426,
        0.9436170212765957,
        0.8202127659574469,
        0.8691489361702128,
        0.8329787234042554,
        0.8627659574468085,
        0.924468085106383,
        0.6627659574468086,
        0.9500000000000001,
        0.9840425531914894,
        0.7691489361702127,
        0.8308510638297872,
        0.6287234042553193,
        0.7372340425531915,
        0.8159574468085107,
        0.8542553191489363,
        0.9393617021276596,
        0.9563829787234043,
        0.5436170212765957,
        0.5414893617021277,
        0.8180851063829787,
        0.7776595744680851,
        0.8882978723404256,
        0.7563829787234043,
        0.8904255319148936,
        0.8968085106382979,
        0.8819148936170214,
        0.9691489361702128,
        0.8968085106382979,
        0.8968085106382979,
        0.8861702127659575,
        0.7776595744680851,
        0.9436170212765957,
        0.9627659574468086,
        0.6095744680851064,
        0.8329787234042554,
        0.9308510638297872,
        0.7053191489361702,
        0.7840425531914894,
        0.4819148936170213,
        0.9393617021276596,
        0.7053191489361702,
        0.7712765957446809,
        0.5308510638297873,
        0.7159574468085107,
        0.8521276595744681,
        0.9414893617021277,
        0.6393617021276596,
        0.5670212765957446,
        0.7648936170212767
    ],
    "GreedyAdditionalNew":[
        0.822340425531915,
        0.6457446808510638,
        0.6712765957446809,
        0.9180851063829788,
        0.9074468085106383,
        0.5819148936170213,
        0.7925531914893618,
        0.773404255319149,
        0.7053191489361702,
        0.8414893617021277,
        0.8882978723404256,
        0.9457446808510639,
        0.7755319148936171,
        0.9159574468085107,
        0.6414893617021277,
        0.65,
        0.8968085106382979,
        0.8648936170212767,
        0.7946808510638298,
        0.724468085106383,
        0.8691489361702128,
        0.8691489361702128,
        0.8202127659574469,
        0.8095744680851064,
        0.9436170212765957,
        0.8648936170212767,
        0.7797872340425532,
        0.5351063829787234,
        0.873404255319149,
        0.8861702127659575,
        0.6691489361702129,
        0.7202127659574468,
        0.8925531914893617,
        0.822340425531915,
        0.6563829787234042,
        0.8372340425531916,
        0.8053191489361703,
        0.7691489361702127,
        0.7755319148936171,
        0.5840425531914893,
        0.6797872340425531,
        0.7329787234042554,
        0.924468085106383,
        0.8202127659574469,
        0.7946808510638298,
        0.6393617021276596,
        0.6393617021276596,
        0.898936170212766,
        0.8010638297872341,
        0.4734042553191489,
        0.8138297872340426,
        0.4734042553191489,
        0.7053191489361702,
        0.8414893617021277,
        0.6372340425531916,
        0.7755319148936171,
        0.5542553191489362,
        0.9648936170212766,
        0.7925531914893618,
        0.847872340425532,
        0.8095744680851064,
        0.8351063829787234,
        0.8882978723404256,
        0.6882978723404255,
        0.924468085106383,
        0.9776595744680852,
        0.7521276595744681,
        0.8010638297872341,
        0.601063829787234,
        0.7180851063829787,
        0.7904255319148936,
        0.8329787234042554,
        0.9095744680851064,
        0.924468085106383,
        0.5287234042553192,
        0.5031914893617022,
        0.7882978723404256,
        0.7372340425531915,
        0.9265957446808512,
        0.7372340425531915,
        0.85,
        0.873404255319149,
        0.8457446808510639,
        0.9563829787234043,
        0.8712765957446809,
        0.873404255319149,
        0.8457446808510639,
        0.7414893617021278,
        0.9138297872340426,
        0.9372340425531915,
        0.575531914893617,
        0.8031914893617021,
        0.9074468085106383,
        0.6797872340425531,
        0.7414893617021278,
        0.7138297872340426,
        0.9031914893617021,
        0.6670212765957447,
        0.7372340425531915,
        0.5010638297872341,
        0.8159574468085107,
        0.824468085106383,
        0.9159574468085107,
        0.6308510638297873,
        0.6670212765957447,
        0.8925531914893617
    ],