{
    "ARTMaxMin":[
        0.9893617021276596,
        0.5957446808510638,
        0.9893617021276596,
        0.6595744680851063,
        0,
        0,
        0.9893617021276596,
        0.26595744680851063,
        0,
        0,
        0,
        0.6595744680851063,
        0.2127659574468085,
        0,
        0,
        0.7340425531914894,
        0.7446808510638298,
        0.46808510638297873,
        0.7340425531914894,
        0.6595744680851063,
        0.7553191489361702,
        0.7127659574468085,
        0.6595744680851063,
        0.4787234042553192,
        0.26595744680851063,
        0.4787234042553192,
        0.8191489361702128,
        0,
        0.9893617021276596,
        0.7978723404255319,
        0.8404255319148937,
        0,
        0.6595744680851063,
        0,
        0,
        0,
        0.7978723404255319,
        0.4787234042553192,
        0,
        0.5212765957446809,
        0.7127659574468085,
        0.7340425531914894,
        0.851063829787234,
        0.9893617021276596,
        0,
        0.4574468085106383,
        0.4787234042553192,
        0.7446808510638298,
        0.6595744680851063,
        0.39361702127659576,
        0.7553191489361702,
        0,
        0,
        0,
        0,
        0,
        0.22340425531914893,
        0.9893617021276596,
        0,
        0.9893617021276596,
        0.26595744680851063,
        0.6595744680851063,
        0,
        0,
        0.6595744680851063,
        0.8723404255319149,
        0.7553191489361702,
        0.14893617021276595,
        0.39361702127659576,
        0.7340425531914894,
        0.1595744680851064,
        0,
        0.7446808510638298,
        0.4787234042553192,
        0.6595744680851063,
        0,
        0.26595744680851063,
        0.4787234042553192,
        0.09574468085106383,
        0.5957446808510638,
        0.7446808510638298,
        0.9893617021276596,
        0.4787234042553192,
        0.9893617021276596,
        0,
        0,
        0.6595744680851063,
        0.9893617021276596,
        0.7978723404255319,
        0.6595744680851063,
        0.5957446808510638,
        0.05319148936170213,
        0.9893617021276596,
        0,
        0,
        0.9893617021276596,
        0.6595744680851063,
        0,
        0.14893617021276595,
        0,
        0.5851063829787234,
        0.5957446808510638,
        0.48936170212765956,
        0,
        0,
        0.4787234042553192
    ],
    "Genetic":[
        0.6276595744680851,
        0.6382978723404256,
        0.6276595744680851,
        0.5,
        0,
        0,
        0.7446808510638298,
        0.1276595744680851,
        0,
        0,
        0,
        0.5,
        0.6170212765957447,
        0,
        0,
        0.2553191489361702,
        0.8191489361702128,
        0.35106382978723405,
        0.2553191489361702,
        0.5,
        0.648936170212766,
        0.46808510638297873,
        0.5,
        0.648936170212766,
        0.1276595744680851,
        0.648936170212766,
        0.9468085106382979,
        0,
        0.6276595744680851,
        0.648936170212766,
        0.7021276595744681,
        0,
        0.5,
        0,
        0,
        0,
        0.6276595744680851,
        0.5,
        0,
        0.48936170212765956,
        0.46808510638297873,
        0.2553191489361702,
        0.3829787234042553,
        0.6276595744680851,
        0,
        0.20212765957446807,
        0.648936170212766,
        0.8297872340425532,
        0.5,
        0.2978723404255319,
        0.5212765957446809,
        0,
        0,
        0,
        0,
        0,
        0.09574468085106383,
        0.6276595744680851,
        0,
        0.6276595744680851,
        0.1276595744680851,
        0.5,
        0,
        0,
        0.5,
        0.6276595744680851,
        0.5212765957446809,
        0.06382978723404255,
        0.2978723404255319,
        0.2553191489361702,
        0.010638297872340425,
        0,
        0.8297872340425532,
        0.648936170212766,
        0.5,
        0,
        0.1276595744680851,
        0.5,
        0.5212765957446809,
        0.6382978723404256,
        0.5,
        0.6276595744680851,
        0.648936170212766,
        0.6276595744680851,
        0,
        0,
        0.5,
        0.6276595744680851,
        0.6276595744680851,
        0.5,
        0.2765957446808511,
        0.26595744680851063,
        0.7872340425531915,
        0,
        0,
        0.6382978723404256,
        0.5,
        0,
        0.06382978723404255,
        0,
        0.5,
        0.6382978723404256,
        0.14893617021276595,
        0,
        0,
        0.648936170212766
    ],
    "GreedyAdditional":[
        0.5957446808510638,
        0.5851063829787234,
        0.5957446808510638,
        0.5106382978723404,
        0,
        0,
        0.6808510638297872,
        0.3404255319148936,
        0,
        0,
        0,
        0.5106382978723404,
        0.7021276595744681,
        0,
        0,
        0.2765957446808511,
        0.7021276595744681,
        0.425531914893617,
        0.2765957446808511,
        0.5106382978723404,
        0.6063829787234043,
        0.3723404255319149,
        0.5106382978723404,
        0.6063829787234043,
        0.3404255319148936,
        0.6063829787234043,
        0.9468085106382979,
        0,
        0.5957446808510638,
        0.6063829787234043,
        0.6382978723404256,
        0,
        0.5106382978723404,
        0,
        0,
        0,
        0.5957446808510638,
        0.3723404255319149,
        0,
        0.6063829787234043,
        0.3723404255319149,
        0.2765957446808511,
        0.3191489361702128,
        0.5,
        0,
        0.19148936170212766,
        0.6063829787234043,
        0.7340425531914894,
        0.5106382978723404,
        0.3191489361702128,
        0.5425531914893617,
        0,
        0,
        0,
        0,
        0,
        0.574468085106383,
        0.6595744680851063,
        0,
        0.5957446808510638,
        0.3404255319148936,
        0.5106382978723404,
        0,
        0,
        0.5106382978723404,
        0.5957446808510638,
        0.5425531914893617,
        0.2127659574468085,
        0.3191489361702128,
        0.2765957446808511,
        0.10638297872340426,
        0,
        0.7340425531914894,
        0.6063829787234043,
        0.5106382978723404,
        0,
        0.3404255319148936,
        0.3723404255319149,
        0.031914893617021274,
        0.5851063829787234,
        0.5106382978723404,
        0.6595744680851063,
        0.6063829787234043,
        0.6595744680851063,
        0,
        0,
        0.5106382978723404,
        0.5957446808510638,
        0.5957446808510638,
        0.5106382978723404,
        0.2872340425531915,
        0.2553191489361702,
        0.8404255319148937,
        0,
        0,
        0.6595744680851063,
        0.5106382978723404,
        0,
        0.2127659574468085,
        0,
        0.48936170212765956,
        0.5851063829787234,
        0.11702127659574468,
        0,
        0,
        0.6063829787234043
    ],