{
    "ARTMaxMin":[
        0.8191489361702128,
        0.7553191489361702,
        0.8191489361702128,
        0.5,
        0,
        0,
        0.9042553191489362,
        0.20212765957446807,
        0,
        0,
        0,
        0.5,
        0.3191489361702128,
        0,
        0,
        0.7340425531914894,
        0.7127659574468085,
        0.4574468085106383,
        0.7340425531914894,
        0.5,
        0.9148936170212766,
        0.5106382978723404,
        0.5,
        0.6382978723404256,
        0.20212765957446807,
        0.6382978723404256,
        0.925531914893617,
        0,
        0.8191489361702128,
        0.6382978723404256,
        0.7978723404255319,
        0,
        0.5,
        0,
        0,
        0,
        0.9042553191489362,
        0.2127659574468085,
        0,
        0.6914893617021277,
        0.5106382978723404,
        0.7340425531914894,
        0.6914893617021277,
        0.8191489361702128,
        0,
        0.5106382978723404,
        0.6382978723404256,
        0.7127659574468085,
        0.5,
        0.5531914893617021,
        0.8723404255319149,
        0,
        0,
        0,
        0,
        0,
        0.2978723404255319,
        0.8191489361702128,
        0,
        0.8191489361702128,
        0.20212765957446807,
        0.5,
        0,
        0,
        0.851063829787234,
        0.9042553191489362,
        0.8723404255319149,
        0.4148936170212766,
        0.5531914893617021,
        0.7340425531914894,
        0.26595744680851063,
        0,
        0.7127659574468085,
        0.6382978723404256,
        0.5,
        0,
        0.20212765957446807,
        0.2127659574468085,
        0.22340425531914893,
        0.7553191489361702,
        0.7127659574468085,
        0.8191489361702128,
        0.6382978723404256,
        0.8191489361702128,
        0,
        0,
        0.5,
        0.8191489361702128,
        0.9042553191489362,
        0.851063829787234,
        0.3404255319148936,
        0.010638297872340425,
        0.9893617021276596,
        0,
        0,
        0.9042553191489362,
        0.5,
        0,
        0.4148936170212766,
        0,
        0.648936170212766,
        0.7553191489361702,
        0.648936170212766,
        0,
        0,
        0.6382978723404256
    ],
    "Genetic":[
        0.8936170212765957,
        0.2553191489361702,
        0.8936170212765957,
        0.44680851063829785,
        0,
        0,
        0.9148936170212766,
        0.648936170212766,
        0,
        0,
        0,
        0.44680851063829785,
        0.6170212765957447,
        0,
        0,
        0.3404255319148936,
        0.4574468085106383,
        0.2553191489361702,
        0.3404255319148936,
        0.44680851063829785,
        0.5212765957446809,
        0.6276595744680851,
        0.44680851063829785,
        0.5212765957446809,
        0.648936170212766,
        0.5212765957446809,
        0.8936170212765957,
        0,
        0.8936170212765957,
        0.5212765957446809,
        0.7978723404255319,
        0,
        0.44680851063829785,
        0,
        0,
        0,
        0.9148936170212766,
        0.3617021276595745,
        0,
        0.06382978723404255,
        0.6276595744680851,
        0.3404255319148936,
        0.9042553191489362,
        0.8936170212765957,
        0,
        0.18085106382978725,
        0.5212765957446809,
        0.9574468085106383,
        0.44680851063829785,
        0.5106382978723404,
        0.9148936170212766,
        0,
        0,
        0,
        0,
        0,
        0.5212765957446809,
        0.8936170212765957,
        0,
        0.8936170212765957,
        0.648936170212766,
        0.44680851063829785,
        0,
        0,
        0.9148936170212766,
        0.9148936170212766,
        0.9148936170212766,
        0.32978723404255317,
        0.5106382978723404,
        0.26595744680851063,
        0.07446808510638298,
        0,
        0.9574468085106383,
        0.5212765957446809,
        0.44680851063829785,
        0,
        0.648936170212766,
        0.3617021276595745,
        0.2553191489361702,
        0.2553191489361702,
        0.44680851063829785,
        0.8936170212765957,
        0.5212765957446809,
        0.8936170212765957,
        0,
        0,
        0.44680851063829785,
        0.8936170212765957,
        0.9148936170212766,
        0.9148936170212766,
        0.9042553191489362,
        0.6382978723404256,
        0.9574468085106383,
        0,
        0,
        0.9148936170212766,
        0.44680851063829785,
        0,
        0.32978723404255317,
        0,
        0.3191489361702128,
        0.2553191489361702,
        0.22340425531914893,
        0,
        0,
        0.5212765957446809
    ],
    "GreedyAdditional":[
        0.9574468085106383,
        0.23404255319148937,
        0.9574468085106383,
        0.776595744680851,
        0,
        0,
        0.9893617021276596,
        0.5425531914893617,
        0,
        0,
        0,
        0.776595744680851,
        0.6702127659574468,
        0,
        0,
        0.7021276595744681,
        0.9468085106382979,
        0.2553191489361702,
        0.7021276595744681,
        0.776595744680851,
        0.7340425531914894,
        0.7553191489361702,
        0.776595744680851,
        0.7340425531914894,
        0.5425531914893617,
        0.7340425531914894,
        0.9574468085106383,
        0,
        0.9574468085106383,
        0.7340425531914894,
        0.8936170212765957,
        0,
        0.776595744680851,
        0,
        0,
        0,
        0.9680851063829787,
        0.5638297872340425,
        0,
        0.851063829787234,
        0.7553191489361702,
        0.7021276595744681,
        0.776595744680851,
        0.9574468085106383,
        0,
        0.5957446808510638,
        0.7340425531914894,
        0.9468085106382979,
        0.776595744680851,
        0.851063829787234,
        0.9680851063829787,
        0,
        0,
        0,
        0,
        0,
        0.22340425531914893,
        0.9574468085106383,
        0,
        0.9574468085106383,
        0.5425531914893617,
        0.776595744680851,
        0,
        0,
        0.8297872340425532,
        0.9680851063829787,
        0.9680851063829787,
        0.2765957446808511,
        0.851063829787234,
        0.7021276595744681,
        0.5531914893617021,
        0,
        0.9468085106382979,
        0.7340425531914894,
        0.776595744680851,
        0,
        0.5425531914893617,
        0.5638297872340425,
        0.19148936170212766,
        0.23404255319148937,
        0.9468085106382979,
        0.9574468085106383,
        0.7340425531914894,
        0.9574468085106383,
        0,
        0,
        0.776595744680851,
        0.9574468085106383,
        0.9680851063829787,
        0.8297872340425532,
        0.7446808510638298,
        0.48936170212765956,
        0.9787234042553191,
        0,
        0,
        0.9680851063829787,
        0.776595744680851,
        0,
        0.2765957446808511,
        0,
        0.40425531914893614,
        0.7127659574468085,
        0.1595744680851064,
        0,
        0,
        0.7340425531914894
    ],