{
    "ARTMaxMin":[
        0.8404255319148937,
        0.3617021276595745,
        0.8404255319148937,
        0.3617021276595745,
        0,
        0,
        0.9361702127659575,
        0.6276595744680851,
        0,
        0,
        0,
        0.3617021276595745,
        0.06382978723404255,
        0,
        0,
        0.7978723404255319,
        0.4574468085106383,
        0.26595744680851063,
        0.7978723404255319,
        0.3617021276595745,
        0.6702127659574468,
        0.5425531914893617,
        0.3617021276595745,
        0.6702127659574468,
        0.6276595744680851,
        0.6702127659574468,
        0.9574468085106383,
        0,
        0.8404255319148937,
        0.6702127659574468,
        0.8936170212765957,
        0,
        0.3617021276595745,
        0,
        0,
        0,
        0.9148936170212766,
        0.5638297872340425,
        0,
        0.6595744680851063,
        0.5425531914893617,
        0.7978723404255319,
        0.9893617021276596,
        0.5425531914893617,
        0,
        0.11702127659574468,
        0.6702127659574468,
        0.4574468085106383,
        0.3617021276595745,
        0.3829787234042553,
        0.9148936170212766,
        0,
        0,
        0,
        0,
        0,
        0.010638297872340425,
        0.8829787234042553,
        0,
        0.8404255319148937,
        0.6276595744680851,
        0.3617021276595745,
        0,
        0,
        0.5851063829787234,
        0.9468085106382979,
        0.9148936170212766,
        0.14893617021276595,
        0.3829787234042553,
        0.7978723404255319,
        0.44680851063829785,
        0,
        0.4574468085106383,
        0.6702127659574468,
        0.3617021276595745,
        0,
        0.6276595744680851,
        0.5638297872340425,
        0.8297872340425532,
        0.3617021276595745,
        0.4574468085106383,
        0.8829787234042553,
        0.6702127659574468,
        0.8829787234042553,
        0,
        0,
        0.3617021276595745,
        0.8404255319148937,
        0.9148936170212766,
        0.5851063829787234,
        0.6702127659574468,
        0.5425531914893617,
        0.9468085106382979,
        0,
        0,
        0.9148936170212766,
        0.3617021276595745,
        0,
        0.14893617021276595,
        0,
        0.6382978723404256,
        0.3829787234042553,
        0.5638297872340425,
        0,
        0,
        0.6702127659574468
    ],
    "Genetic":[
        0.9893617021276596,
        0.776595744680851,
        0.6702127659574468,
        0.35106382978723405,
        0,
        0,
        0.9893617021276596,
        0.18085106382978725,
        0,
        0,
        0,
        0.35106382978723405,
        0.1595744680851064,
        0,
        0,
        0.6276595744680851,
        0.40425531914893614,
        0.3723404255319149,
        0.6276595744680851,
        0.35106382978723405,
        0.7446808510638298,
        0.6063829787234043,
        0.35106382978723405,
        0.6063829787234043,
        0.18085106382978725,
        0.6063829787234043,
        0.9361702127659575,
        0,
        0.9893617021276596,
        0.6063829787234043,
        0.9574468085106383,
        0,
        0.35106382978723405,
        0,
        0,
        0,
        0.8617021276595744,
        0.5,
        0,
        0.44680851063829785,
        0.6063829787234043,
        0.6276595744680851,
        0.9148936170212766,
        0.9893617021276596,
        0,
        0.4574468085106383,
        0.6063829787234043,
        0.7553191489361702,
        0.35106382978723405,
        0.6276595744680851,
        0.8617021276595744,
        0,
        0,
        0,
        0,
        0,
        0.46808510638297873,
        0.9893617021276596,
        0,
        0.6702127659574468,
        0.18085106382978725,
        0.35106382978723405,
        0,
        0,
        0.8617021276595744,
        0.9148936170212766,
        0.8617021276595744,
        0.39361702127659576,
        0.6276595744680851,
        0.5106382978723404,
        0.11702127659574468,
        0,
        0.7553191489361702,
        0.6063829787234043,
        0.35106382978723405,
        0,
        0.18085106382978725,
        0.5,
        0.6063829787234043,
        0.776595744680851,
        0.40425531914893614,
        0.9893617021276596,
        0.6063829787234043,
        0.9893617021276596,
        0,
        0,
        0.35106382978723405,
        0.6702127659574468,
        0.8617021276595744,
        0.8617021276595744,
        0.7127659574468085,
        0.8723404255319149,
        0.9893617021276596,
        0,
        0,
        0.9893617021276596,
        0.35106382978723405,
        0,
        0.39361702127659576,
        0,
        0.5106382978723404,
        0.776595744680851,
        0.5106382978723404,
        0,
        0,
        0.6063829787234043
    ],
    "GreedyAdditional":[
        0.4574468085106383,
        0.30851063829787234,
        0.4574468085106383,
        0.2978723404255319,
        0,
        0,
        0.6382978723404256,
        0.2978723404255319,
        0,
        0,
        0,
        0.2978723404255319,
        0.20212765957446807,
        0,
        0,
        0.1595744680851064,
        0.2978723404255319,
        0.031914893617021274,
        0.1595744680851064,
        0.2978723404255319,
        0.5212765957446809,
        0.2765957446808511,
        0.2978723404255319,
        0.3191489361702128,
        0.2978723404255319,
        0.3191489361702128,
        0.851063829787234,
        0,
        0.4574468085106383,
        0.46808510638297873,
        0.925531914893617,
        0,
        0.2978723404255319,
        0,
        0,
        0,
        0.5319148936170213,
        0.19148936170212766,
        0,
        0.23404255319148937,
        0.2765957446808511,
        0.1595744680851064,
        0.776595744680851,
        0.4574468085106383,
        0,
        0.2872340425531915,
        0.3191489361702128,
        0.5531914893617021,
        0.2978723404255319,
        0.35106382978723405,
        0.5,
        0,
        0,
        0,
        0,
        0,
        0.425531914893617,
        0.5531914893617021,
        0,
        0.4574468085106383,
        0.2978723404255319,
        0.2978723404255319,
        0,
        0,
        0.5,
        0.7978723404255319,
        0.5,
        0.3723404255319149,
        0.35106382978723405,
        0.1595744680851064,
        0.031914893617021274,
        0,
        0.5531914893617021,
        0.3191489361702128,
        0.2978723404255319,
        0,
        0.2978723404255319,
        0.19148936170212766,
        0.1276595744680851,
        0.30851063829787234,
        0.2978723404255319,
        0.5531914893617021,
        0.3191489361702128,
        0.5531914893617021,
        0,
        0,
        0.2978723404255319,
        0.4574468085106383,
        0.5319148936170213,
        0.5,
        0.723404255319149,
        0.40425531914893614,
        0.9361702127659575,
        0,
        0,
        0.6063829787234043,
        0.2978723404255319,
        0,
        0.3723404255319149,
        0,
        0.5,
        0.4574468085106383,
        0.26595744680851063,
        0,
        0,
        0.3191489361702128
    ],