{
    "AdditionalTotal":[
        0.9634146341463415,
        0.9673170731707318,
        0.9767479674796749,
        0.9504065040650407,
        0.9764227642276423,
        0.9702439024390245,
        0.9754471544715447,
        0.9478048780487806,
        0.9621138211382114,
        0.9751219512195123,
        0.9741463414634147,
        0.9744715447154472,
        0.9445528455284553,
        0.9676422764227642,
        0.9767479674796749,
        0.9770731707317074,
        0.9575609756097562,
        0.9611382113821139,
        0.9604878048780489,
        0.9800000000000001,
        0.9354471544715447,
        0.9588617886178862,
        0.9442276422764228,
        0.9507317073170732,
        0.9585365853658537,
        0.9582113821138212,
        0.9760975609756098,
        0.9305691056910569,
        0.9679674796747968,
        0.9487804878048781,
        0.962439024390244,
        0.9627642276422764,
        0.9621138211382114,
        0.9559349593495935,
        0.9721951219512196,
        0.9715447154471545,
        0.97869918699187,
        0.9809756097560977,
        0.9734959349593496,
        0.978048780487805,
        0.9647154471544716,
        0.9826016260162602,
        0.9783739837398374,
        0.9653658536585367,
        0.9731707317073172,
        0.9708943089430895,
        0.9871544715447155,
        0.9728455284552846,
        0.9871544715447155,
        0.9695934959349594,
        0.9764227642276423,
        0.9663414634146342,
        0.9565853658536586,
        0.971869918699187,
        0.9734959349593496,
        0.9572357723577236,
        0.9754471544715447,
        0.9494308943089431,
        0.9643902439024391,
        0.9500813008130081,
        0.963089430894309,
        0.97869918699187,
        0.9842276422764228,
        0.9608130081300813,
        0.9578861788617886,
        0.9601626016260163,
        0.9767479674796749,
        0.962439024390244,
        0.9591869918699187,
        0.9806504065040651,
        0.9604878048780489,
        0.9751219512195123,
        0.9471544715447154,
        0.9653658536585367,
        0.9614634146341464,
        0.9822764227642277,
        0.9390243902439025,
        0.9676422764227642,
        0.9647154471544716,
        0.9601626016260163,
        0.9582113821138212,
        0.9728455284552846,
        0.9673170731707318,
        0.9764227642276423,
        0.9731707317073172
    ],
    "GreedyAdditional":[
        0.8797101449275363,
        0.7608695652173914,
        0.9579710144927537,
        0.891304347826087,
        0.9202898550724639,
        0.8942028985507247,
        0.8507246376811595,
        0.9173913043478261,
        0.827536231884058,
        0.9231884057971015,
        0.9028985507246378,
        0.9289855072463769,
        0.9347826086956522,
        0.9492753623188406,
        0.8507246376811595,
        0.9550724637681159,
        0.8333333333333334,
        0.7811594202898551,
        0.7405797101449276,
        0.9753623188405798,
        0.7695652173913043,
        0.7753623188405797,
        0.8043478260869565,
        0.5898550724637681,
        0.8884057971014493,
        0.8797101449275363,
        0.9289855072463769,
        0.9028985507246378,
        0.9695652173913044,
        0.8159420289855073,
        0.8014492753623189,
        0.9231884057971015,
        0.8565217391304348,
        0.891304347826087,
        0.9811594202898551,
        0.7927536231884058,
        0.8072463768115943,
        0.9521739130434783,
        0.9608695652173913,
        0.9434782608695652,
        0.7260869565217392,
        0.9289855072463769,
        0.9608695652173913,
        0.49130434782608695,
        0.9086956521739131,
        0.9376811594202898,
        0.9869565217391305,
        0.9608695652173913,
        0.9869565217391305,
        0.9521739130434783,
        0.9840579710144928,
        0.8971014492753624,
        0.8768115942028986,
        0.9376811594202898,
        0.9173913043478261,
        0.8130434782608695,
        0.7057971014492754,
        0.8159420289855073,
        0.7260869565217392,
        0.827536231884058,
        0.8710144927536232,
        0.9492753623188406,
        0.9666666666666667,
        0.9115942028985508,
        0.8391304347826087,
        0.9086956521739131,
        0.9347826086956522,
        0.7985507246376812,
        0.8014492753623189,
        0.9782608695652174,
        0.636231884057971,
        0.8014492753623189,
        0.7695652173913043,
        0.8043478260869565,
        0.7724637681159421,
        0.8217391304347826,
        0.5521739130434783,
        0.827536231884058,
        0.6623188405797102,
        0.9173913043478261,
        0.7608695652173914,
        0.8420289855072465,
        0.9434782608695652,
        0.9608695652173913,
        0.9260869565217391
    ],
    "GreedyAdditionalNew":[
        0.8971014492753624,
        0.7869565217391304,
        0.9376811594202898,
        0.8565217391304348,
        0.8971014492753624,
        0.8594202898550725,
        0.9260869565217391,
        0.8884057971014493,
        0.8681159420289856,
        0.8884057971014493,
        0.8681159420289856,
        0.8971014492753624,
        0.9057971014492754,
        0.9318840579710145,
        0.8159420289855073,
        0.9318840579710145,
        0.8739130434782609,
        0.8884057971014493,
        0.7376811594202899,
        0.9666666666666667,
        0.7173913043478262,
        0.7289855072463769,
        0.7753623188405797,
        0.5463768115942029,
        0.8536231884057971,
        0.9231884057971015,
        0.9086956521739131,
        0.8565217391304348,
        0.963768115942029,
        0.7782608695652175,
        0.7811594202898551,
        0.9028985507246378,
        0.972463768115942,
        0.8391304347826087,
        0.9753623188405798,
        0.7782608695652175,
        0.8014492753623189,
        0.9318840579710145,
        0.946376811594203,
        0.9231884057971015,
        0.7,
        0.9695652173913044,
        0.9434782608695652,
        0.4681159420289855,
        0.9376811594202898,
        0.9115942028985508,
        0.9840579710144928,
        0.9405797101449276,
        0.9840579710144928,
        0.9289855072463769,
        0.9753623188405798,
        0.8710144927536232,
        0.8739130434782609,
        0.9289855072463769,
        0.8942028985507247,
        0.9086956521739131,
        0.691304347826087,
        0.7811594202898551,
        0.7,
        0.9318840579710145,
        0.8420289855072465,
        0.9289855072463769,
        0.9492753623188406,
        0.8681159420289856,
        0.8072463768115943,
        0.8826086956521739,
        0.9,
        0.7927536231884058,
        0.7724637681159421,
        0.9753623188405798,
        0.6043478260869566,
        0.7724637681159421,
        0.7492753623188406,
        0.7753623188405797,
        0.7521739130434784,
        0.8072463768115943,
        0.7144927536231884,
        0.9115942028985508,
        0.7724637681159421,
        0.8855072463768117,
        0.7521739130434784,
        0.8159420289855073,
        0.9202898550724639,
        0.9434782608695652,
        0.8971014492753624
    ],