{
    "AdditionalTotal":[
        0.8957943925233646,
        0.9060747663551402,
        0.933177570093458,
        0.8593457943925235,
        0.9322429906542057,
        0.9144859813084113,
        0.9294392523364486,
        0.8518691588785047,
        0.8976635514018692,
        0.9285046728971963,
        0.9257009345794392,
        0.9266355140186916,
        0.8425233644859813,
        0.9144859813084113,
        0.933177570093458,
        0.9341121495327103,
        0.8799065420560748,
        0.8929906542056075,
        0.9172897196261682,
        0.9425233644859813,
        0.8172897196261683,
        0.8817757009345795,
        0.8425233644859813,
        0.8584112149532711,
        0.8808411214953271,
        0.9453271028037383,
        0.9313084112149533,
        0.8051401869158878,
        0.9144859813084113,
        0.852803738317757,
        0.8929906542056075,
        0.8929906542056075,
        0.8911214953271028,
        0.8733644859813084,
        0.9247663551401869,
        0.9182242990654206,
        0.9434579439252336,
        0.9453271028037383,
        0.9238317757009346,
        0.9369158878504673,
        0.8985981308411215,
        0.9537383177570093,
        0.941588785046729,
        0.9004672897196262,
        0.9228971962616823,
        0.9163551401869159,
        0.9630841121495327,
        0.9257009345794392,
        0.9677570093457945,
        0.9126168224299066,
        0.9322429906542057,
        0.9032710280373832,
        0.8761682242990655,
        0.9294392523364486,
        0.9238317757009346,
        0.8771028037383178,
        0.933177570093458,
        0.9144859813084113,
        0.8976635514018692,
        0.8565420560747664,
        0.9537383177570093,
        0.9425233644859813,
        0.961214953271028,
        0.8873831775700934,
        0.8789719626168224,
        0.8873831775700934,
        0.933177570093458,
        0.8929906542056075,
        0.8827102803738318,
        0.944392523364486,
        0.8864485981308411,
        0.9285046728971963,
        0.8509345794392523,
        0.9004672897196262,
        0.935981308411215,
        0.9490654205607477,
        0.8257009345794393,
        0.9088785046728972,
        0.8985981308411215,
        0.8892523364485981,
        0.8808411214953271,
        0.9257009345794392,
        0.9079439252336449,
        0.9546728971962617,
        0.9228971962616823
    ],
    "GreedyAdditional":[
        0.7985507246376812,
        0.7115942028985507,
        0.9028985507246378,
        0.8159420289855073,
        0.8826086956521739,
        0.8565217391304348,
        0.8681159420289856,
        0.8739130434782609,
        0.8971014492753624,
        0.763768115942029,
        0.8971014492753624,
        0.8623188405797102,
        0.9376811594202898,
        0.946376811594203,
        0.8652173913043478,
        0.836231884057971,
        0.8855072463768117,
        0.7956521739130435,
        0.7782608695652175,
        0.946376811594203,
        0.8623188405797102,
        0.7376811594202899,
        0.636231884057971,
        0.7028985507246377,
        0.9144927536231884,
        0.7347826086956522,
        0.8507246376811595,
        0.5927536231884059,
        0.963768115942029,
        0.8797101449275363,
        0.7347826086956522,
        0.8130434782608695,
        0.7898550724637682,
        0.6797101449275362,
        0.9173913043478261,
        0.7579710144927536,
        0.8652173913043478,
        0.946376811594203,
        0.9434782608695652,
        0.8739130434782609,
        0.7521739130434784,
        0.9434782608695652,
        0.9057971014492754,
        0.627536231884058,
        0.8884057971014493,
        0.9144927536231884,
        0.9869565217391305,
        0.8768115942028986,
        0.9869565217391305,
        0.8971014492753624,
        0.9376811594202898,
        0.8449275362318841,
        0.8797101449275363,
        0.8333333333333334,
        0.8652173913043478,
        0.6681159420289855,
        0.836231884057971,
        0.673913043478261,
        0.7608695652173914,
        0.7521739130434784,
        0.7492753623188406,
        0.8217391304347826,
        0.9405797101449276,
        0.6420289855072464,
        0.755072463768116,
        0.6971014492753623,
        0.8855072463768117,
        0.7898550724637682,
        0.9086956521739131,
        0.9782608695652174,
        0.8101449275362319,
        0.8681159420289856,
        0.7869565217391304,
        0.6797101449275362,
        0.8072463768115943,
        0.8855072463768117,
        0.6101449275362318,
        0.8014492753623189,
        0.7289855072463769,
        0.8710144927536232,
        0.8072463768115943,
        0.9028985507246378,
        0.9115942028985508,
        0.9376811594202898,
        0.8623188405797102
    ],
    "GreedyAdditionalNew":[
        0.7057971014492754,
        0.6159420289855073,
        0.8826086956521739,
        0.8942028985507247,
        0.8159420289855073,
        0.7666666666666667,
        0.7869565217391304,
        0.8072463768115943,
        0.8971014492753624,
        0.673913043478261,
        0.8333333333333334,
        0.7927536231884058,
        0.8942028985507247,
        0.9086956521739131,
        0.8101449275362319,
        0.7753623188405797,
        0.9115942028985508,
        0.9028985507246378,
        0.8507246376811595,
        0.9492753623188406,
        0.7869565217391304,
        0.6391304347826088,
        0.7434782608695653,
        0.7289855072463769,
        0.8884057971014493,
        0.8652173913043478,
        0.8043478260869565,
        0.691304347826087,
        0.9492753623188406,
        0.7956521739130435,
        0.7,
        0.891304347826087,
        0.9666666666666667,
        0.563768115942029,
        0.9608695652173913,
        0.9057971014492754,
        0.8449275362318841,
        0.9086956521739131,
        0.9173913043478261,
        0.8478260869565217,
        0.6971014492753623,
        0.9086956521739131,
        0.8855072463768117,
        0.6217391304347826,
        0.8565217391304348,
        0.8855072463768117,
        0.9811594202898551,
        0.8420289855072465,
        0.9811594202898551,
        0.8710144927536232,
        0.9695652173913044,
        0.7811594202898551,
        0.8681159420289856,
        0.9318840579710145,
        0.8246376811594203,
        0.7405797101449276,
        0.7666666666666667,
        0.5985507246376811,
        0.6710144927536232,
        0.8710144927536232,
        0.6884057971014493,
        0.763768115942029,
        0.9057971014492754,
        0.5434782608695652,
        0.6594202898550725,
        0.7,
        0.8159420289855073,
        0.7,
        0.8449275362318841,
        0.972463768115942,
        0.7318840579710145,
        0.8681159420289856,
        0.6710144927536232,
        0.6710144927536232,
        0.7463768115942029,
        0.9173913043478261,
        0.7086956521739131,
        0.9405797101449276,
        0.818840579710145,
        0.8014492753623189,
        0.7521739130434784,
        0.8768115942028986,
        0.8768115942028986,
        0.9289855072463769,
        0.818840579710145
    ],