{
    "ARTMaxMin":[
        0.7260869565217392,
        0.7086956521739131,
        0.8246376811594203,
        0.7231884057971014,
        0.7927536231884058,
        0.7173913043478262,
        0.7318840579710145,
        0.4855072463768116,
        0.7115942028985507,
        0.8072463768115943,
        0.818840579710145,
        0.7376811594202899,
        0.5956521739130436,
        0.7608695652173914,
        0.7956521739130435,
        0.7898550724637682,
        0.8101449275362319,
        0.8942028985507247,
        0.8072463768115943,
        0.8623188405797102,
        0.29710144927536225,
        0.5318840579710145,
        0.8710144927536232,
        0.7666666666666667,
        0.7869565217391304,
        0.7840579710144928,
        0.8014492753623189,
        0.7434782608695653,
        0.7347826086956522,
        0.7521739130434784,
        0.7666666666666667,
        0.7695652173913043,
        0.9492753623188406,
        0.682608695652174,
        0.8710144927536232,
        0.8710144927536232,
        0.8971014492753624,
        0.9057971014492754,
        0.6971014492753623,
        0.7434782608695653,
        0.8130434782608695,
        0.7840579710144928,
        0.836231884057971,
        0.7608695652173914,
        0.7927536231884058,
        0.9144927536231884,
        0.8536231884057971,
        0.7434782608695653,
        0.8681159420289856,
        0.7463768115942029,
        0.9231884057971015,
        0.8043478260869565,
        0.9231884057971015,
        0.9318840579710145,
        0.6536231884057971,
        0.7811594202898551,
        0.7144927536231884,
        0.8304347826086957,
        0.8304347826086957,
        0.7695652173913043,
        0.8159420289855073,
        0.8391304347826087,
        0.8710144927536232,
        0.7434782608695653,
        0.5753623188405798,
        0.7840579710144928,
        0.7463768115942029,
        0.6710144927536232,
        0.7492753623188406,
        0.8246376811594203,
        0.8333333333333334,
        0.7463768115942029,
        0.6884057971014493,
        0.836231884057971,
        0.7115942028985507,
        0.8594202898550725,
        0.4971014492753623,
        0.7434782608695653,
        0.9057971014492754,
        0.6855072463768117,
        0.6420289855072464,
        0.8246376811594203,
        0.6333333333333333,
        0.9144927536231884,
        0.8710144927536232
    ],
    "Genetic":[
        0.9231884057971015,
        0.8855072463768117,
        0.7753623188405797,
        0.7144927536231884,
        0.6217391304347826,
        0.6101449275362318,
        0.8594202898550725,
        0.9260869565217391,
        0.763768115942029,
        0.7434782608695653,
        0.7724637681159421,
        0.763768115942029,
        0.7753623188405797,
        0.9521739130434783,
        0.8507246376811595,
        0.8072463768115943,
        0.755072463768116,
        0.8652173913043478,
        0.7,
        0.9579710144927537,
        0.3173913043478261,
        0.5057971014492754,
        0.891304347826087,
        0.7579710144927536,
        0.7086956521739131,
        0.8565217391304348,
        0.9492753623188406,
        0.7173913043478262,
        0.9434782608695652,
        0.8507246376811595,
        0.7753623188405797,
        0.8884057971014493,
        0.9086956521739131,
        0.7666666666666667,
        0.9347826086956522,
        0.9231884057971015,
        0.8855072463768117,
        0.9695652173913044,
        0.9202898550724639,
        0.8942028985507247,
        0.755072463768116,
        0.9347826086956522,
        0.8072463768115943,
        0.682608695652174,
        0.9028985507246378,
        0.9579710144927537,
        0.972463768115942,
        0.8043478260869565,
        0.972463768115942,
        0.755072463768116,
        0.963768115942029,
        0.8971014492753624,
        0.7724637681159421,
        0.9376811594202898,
        0.9434782608695652,
        0.7,
        0.7144927536231884,
        0.7956521739130435,
        0.818840579710145,
        0.7289855072463769,
        0.6768115942028986,
        0.9666666666666667,
        0.8101449275362319,
        0.7753623188405797,
        0.7840579710144928,
        0.9173913043478261,
        0.636231884057971,
        0.8971014492753624,
        0.7840579710144928,
        0.946376811594203,
        0.7608695652173914,
        0.6014492753623188,
        0.6652173913043479,
        0.9173913043478261,
        0.7231884057971014,
        0.9231884057971015,
        0.8130434782608695,
        0.8623188405797102,
        0.8246376811594203,
        0.9260869565217391,
        0.8130434782608695,
        0.7434782608695653,
        0.7463768115942029,
        0.963768115942029,
        0.9492753623188406
    ],
    "GreedyAdditional":[
        0.9231884057971015,
        0.8043478260869565,
        0.8710144927536232,
        0.682608695652174,
        0.7318840579710145,
        0.7144927536231884,
        0.8536231884057971,
        0.8159420289855073,
        0.7434782608695653,
        0.836231884057971,
        0.7782608695652175,
        0.827536231884058,
        0.7492753623188406,
        0.9434782608695652,
        0.8768115942028986,
        0.8739130434782609,
        0.7463768115942029,
        0.8333333333333334,
        0.6884057971014493,
        0.963768115942029,
        0.35797101449275365,
        0.5724637681159421,
        0.9376811594202898,
        0.8159420289855073,
        0.682608695652174,
        0.8507246376811595,
        0.8855072463768117,
        0.755072463768116,
        0.9521739130434783,
        0.7724637681159421,
        0.7956521739130435,
        0.8565217391304348,
        0.9405797101449276,
        0.7521739130434784,
        0.9782608695652174,
        0.9202898550724639,
        0.9086956521739131,
        0.963768115942029,
        0.891304347826087,
        0.9260869565217391,
        0.7347826086956522,
        0.9318840579710145,
        0.8768115942028986,
        0.682608695652174,
        0.9057971014492754,
        0.9492753623188406,
        0.963768115942029,
        0.7869565217391304,
        0.9666666666666667,
        0.8217391304347826,
        0.9869565217391305,
        0.8594202898550725,
        0.8304347826086957,
        0.9173913043478261,
        0.9,
        0.8014492753623189,
        0.7173913043478262,
        0.7579710144927536,
        0.8043478260869565,
        0.8159420289855073,
        0.7463768115942029,
        0.963768115942029,
        0.8855072463768117,
        0.8594202898550725,
        0.7115942028985507,
        0.9202898550724639,
        0.7724637681159421,
        0.8971014492753624,
        0.6884057971014493,
        0.9550724637681159,
        0.7057971014492754,
        0.6797101449275362,
        0.7927536231884058,
        0.9608695652173913,
        0.7289855072463769,
        0.9550724637681159,
        0.7,
        0.7985507246376812,
        0.8449275362318841,
        0.9057971014492754,
        0.827536231884058,
        0.8246376811594203,
        0.7463768115942029,
        0.9666666666666667,
        0.9521739130434783
    ],