{
    "AdditionalTotal":[
        0.7346666666666667,
        0.772,
        0.8706666666666667,
        0.652,
        0.868,
        0.8253333333333334,
        0.8200000000000001,
        0.628,
        0.7506666666666667,
        0.8573333333333334,
        0.8546666666666667,
        0.852,
        0.5986666666666668,
        0.7693333333333333,
        0.868,
        0.8733333333333334,
        0.7080000000000001,
        0.7266666666666667,
        0.7506666666666667,
        0.8653333333333334,
        0.66,
        0.8333333333333334,
        0.596,
        0.6786666666666666,
        0.7666666666666667,
        0.6920000000000001,
        0.8386666666666667,
        0.48666666666666664,
        0.8013333333333333,
        0.6253333333333334,
        0.7346666666666667,
        0.7266666666666667,
        0.7293333333333334,
        0.7506666666666667,
        0.7986666666666667,
        0.8306666666666668,
        0.868,
        0.8733333333333334,
        0.812,
        0.8413333333333334,
        0.7480000000000001,
        0.8893333333333334,
        0.8946666666666667,
        0.7506666666666667,
        0.8093333333333333,
        0.7986666666666667,
        0.908,
        0.8813333333333334,
        0.916,
        0.8200000000000001,
        0.8360000000000001,
        0.7560000000000001,
        0.6866666666666666,
        0.8306666666666668,
        0.812,
        0.7213333333333334,
        0.8866666666666667,
        0.6306666666666667,
        0.7400000000000001,
        0.6733333333333335,
        0.764,
        0.8573333333333334,
        0.932,
        0.7560000000000001,
        0.7613333333333334,
        0.7080000000000001,
        0.9426666666666667,
        0.764,
        0.7080000000000001,
        0.8946666666666667,
        0.7560000000000001,
        0.9506666666666667,
        0.6466666666666667,
        0.78,
        0.7186666666666667,
        0.908,
        0.612,
        0.7773333333333333,
        0.7426666666666667,
        0.7133333333333334,
        0.7160000000000001,
        0.8893333333333334,
        0.7586666666666667,
        0.8440000000000001,
        0.8093333333333333
    ],
    "GreedyAdditional":[
        0.9231884057971015,
        0.8043478260869565,
        0.8710144927536232,
        0.682608695652174,
        0.7318840579710145,
        0.7144927536231884,
        0.8536231884057971,
        0.8159420289855073,
        0.7434782608695653,
        0.836231884057971,
        0.7782608695652175,
        0.827536231884058,
        0.7492753623188406,
        0.9434782608695652,
        0.8768115942028986,
        0.8739130434782609,
        0.7463768115942029,
        0.8333333333333334,
        0.6884057971014493,
        0.963768115942029,
        0.35797101449275365,
        0.5724637681159421,
        0.9376811594202898,
        0.8159420289855073,
        0.682608695652174,
        0.8507246376811595,
        0.8855072463768117,
        0.755072463768116,
        0.9521739130434783,
        0.7724637681159421,
        0.7956521739130435,
        0.8565217391304348,
        0.9405797101449276,
        0.7521739130434784,
        0.9782608695652174,
        0.9202898550724639,
        0.9086956521739131,
        0.963768115942029,
        0.891304347826087,
        0.9260869565217391,
        0.7347826086956522,
        0.9318840579710145,
        0.8768115942028986,
        0.682608695652174,
        0.9057971014492754,
        0.9492753623188406,
        0.963768115942029,
        0.7869565217391304,
        0.9666666666666667,
        0.8217391304347826,
        0.9869565217391305,
        0.8594202898550725,
        0.8304347826086957,
        0.9173913043478261,
        0.9,
        0.8014492753623189,
        0.7173913043478262,
        0.7579710144927536,
        0.8043478260869565,
        0.8159420289855073,
        0.7463768115942029,
        0.963768115942029,
        0.8855072463768117,
        0.8594202898550725,
        0.7115942028985507,
        0.9202898550724639,
        0.7724637681159421,
        0.8971014492753624,
        0.6884057971014493,
        0.9550724637681159,
        0.7057971014492754,
        0.6797101449275362,
        0.7927536231884058,
        0.9608695652173913,
        0.7289855072463769,
        0.9550724637681159,
        0.7,
        0.7985507246376812,
        0.8449275362318841,
        0.9057971014492754,
        0.827536231884058,
        0.8246376811594203,
        0.7463768115942029,
        0.9666666666666667,
        0.9521739130434783
    ],
    "GreedyAdditionalNew":[
        0.8884057971014493,
        0.7608695652173914,
        0.8536231884057971,
        0.7956521739130435,
        0.7028985507246377,
        0.682608695652174,
        0.7840579710144928,
        0.8594202898550725,
        0.8855072463768117,
        0.8014492753623189,
        0.7463768115942029,
        0.7927536231884058,
        0.8942028985507247,
        0.9202898550724639,
        0.8507246376811595,
        0.8565217391304348,
        0.8884057971014493,
        0.8652173913043478,
        0.6478260869565218,
        0.9492753623188406,
        0.8101449275362319,
        0.7753623188405797,
        0.9173913043478261,
        0.7434782608695653,
        0.8246376811594203,
        0.8217391304347826,
        0.8594202898550725,
        0.9057971014492754,
        0.9521739130434783,
        0.7463768115942029,
        0.9231884057971015,
        0.8014492753623189,
        0.9840579710144928,
        0.8942028985507247,
        0.9666666666666667,
        0.8884057971014493,
        0.8884057971014493,
        0.9521739130434783,
        0.8449275362318841,
        0.8942028985507247,
        0.7,
        0.8971014492753624,
        0.8594202898550725,
        0.6304347826086957,
        0.8623188405797102,
        0.9347826086956522,
        0.946376811594203,
        0.9347826086956522,
        0.9521739130434783,
        0.7840579710144928,
        0.9811594202898551,
        0.836231884057971,
        0.9,
        0.9057971014492754,
        0.8507246376811595,
        0.827536231884058,
        0.755072463768116,
        0.7318840579710145,
        0.7753623188405797,
        0.8449275362318841,
        0.7202898550724638,
        0.9492753623188406,
        0.8739130434782609,
        0.8420289855072465,
        0.8159420289855073,
        0.9405797101449276,
        0.7492753623188406,
        0.8536231884057971,
        0.6420289855072464,
        0.9550724637681159,
        0.6594202898550725,
        0.818840579710145,
        0.7463768115942029,
        0.9492753623188406,
        0.7608695652173914,
        0.9405797101449276,
        0.8043478260869565,
        0.9289855072463769,
        0.8681159420289856,
        0.8710144927536232,
        0.8159420289855073,
        0.7869565217391304,
        0.8797101449275363,
        0.9550724637681159,
        0.9376811594202898
    ],