{
    "ARTMaxMin":[
        0,
        0.3188405797101449,
        0.6376811594202898,
        0.43478260869565216,
        0.7971014492753623,
        0.391304347826087,
        0.37681159420289856,
        0,
        0.9565217391304348,
        0,
        0.7536231884057971,
        0.7971014492753623,
        0,
        0.7246376811594203,
        0.391304347826087,
        0.7971014492753623,
        0.7971014492753623,
        0.391304347826087,
        0.7971014492753623,
        0.43478260869565216,
        0.36231884057971014,
        0,
        0,
        0,
        0.43478260869565216,
        0.2318840579710145,
        0.7971014492753623,
        0.7971014492753623,
        0,
        0.391304347826087,
        0.7971014492753623,
        0.7971014492753623,
        0.7246376811594203,
        0,
        0.7971014492753623,
        0.7971014492753623,
        0.7971014492753623,
        0.5072463768115942,
        0.8985507246376812,
        0.7971014492753623,
        0.391304347826087,
        0.7971014492753623,
        0,
        0.8260869565217391,
        0.2318840579710145,
        0.927536231884058,
        0.8115942028985508,
        0.8985507246376812,
        0.43478260869565216,
        0,
        0.43478260869565216,
        0,
        0.8840579710144928,
        0.8840579710144928,
        0,
        0,
        0,
        0.7971014492753623,
        0,
        0.5217391304347826,
        0.391304347826087,
        0.8260869565217391,
        0,
        0,
        0,
        0,
        0.7971014492753623,
        0,
        0,
        0.8115942028985508,
        0.7971014492753623,
        0.927536231884058,
        0,
        0,
        0,
        0.927536231884058,
        0,
        0,
        0.8840579710144928,
        0.7971014492753623,
        0.8840579710144928,
        0,
        0,
        0.7971014492753623,
        0.7971014492753623
    ],
    "Genetic":[
        0,
        0.3333333333333333,
        0.6521739130434783,
        0.8840579710144928,
        0.7101449275362319,
        0.5072463768115942,
        0.36231884057971014,
        0,
        0.9855072463768116,
        0,
        0.6521739130434783,
        0.7101449275362319,
        0,
        0.6086956521739131,
        0.5072463768115942,
        0.7101449275362319,
        0.7101449275362319,
        0.5072463768115942,
        0.7101449275362319,
        0.6231884057971014,
        0.014492753623188406,
        0,
        0,
        0,
        0.6231884057971014,
        0.6086956521739131,
        0.855072463768116,
        0.6086956521739131,
        0,
        0.5072463768115942,
        0.7101449275362319,
        0.7101449275362319,
        0.5072463768115942,
        0,
        0.7101449275362319,
        0.7101449275362319,
        0.855072463768116,
        0.2463768115942029,
        0.7101449275362319,
        0.7101449275362319,
        0.5072463768115942,
        0.7101449275362319,
        0,
        0.7101449275362319,
        0.6086956521739131,
        0.7101449275362319,
        0.927536231884058,
        0.855072463768116,
        0.8840579710144928,
        0,
        0.6231884057971014,
        0,
        0.6086956521739131,
        0.8840579710144928,
        0,
        0,
        0,
        0.7101449275362319,
        0,
        0.8840579710144928,
        0.5072463768115942,
        0.7101449275362319,
        0,
        0,
        0,
        0,
        0.7101449275362319,
        0,
        0,
        0.927536231884058,
        0.7101449275362319,
        0.7101449275362319,
        0,
        0,
        0,
        0.7101449275362319,
        0,
        0,
        0.15942028985507245,
        0.7101449275362319,
        0.8840579710144928,
        0,
        0,
        0.855072463768116,
        0.6086956521739131
    ],
    "GreedyAdditional":[
        0,
        0.17391304347826086,
        0.855072463768116,
        0.6376811594202898,
        0.30434782608695654,
        0.3188405797101449,
        0.2898550724637681,
        0,
        0.9420289855072463,
        0,
        0.34782608695652173,
        0.30434782608695654,
        0,
        0.855072463768116,
        0.3188405797101449,
        0.30434782608695654,
        0.30434782608695654,
        0.5072463768115942,
        0.30434782608695654,
        0.391304347826087,
        0.028985507246376812,
        0,
        0,
        0,
        0.391304347826087,
        0.2318840579710145,
        0.855072463768116,
        0.43478260869565216,
        0,
        0.3188405797101449,
        0.30434782608695654,
        0.30434782608695654,
        0.5072463768115942,
        0,
        0.30434782608695654,
        0.30434782608695654,
        0.855072463768116,
        0.15942028985507245,
        0.3333333333333333,
        0.30434782608695654,
        0.3188405797101449,
        0.30434782608695654,
        0,
        0.4782608695652174,
        0.2318840579710145,
        0.4927536231884058,
        0.6811594202898551,
        0.9420289855072463,
        0.6376811594202898,
        0,
        0.391304347826087,
        0,
        0.2463768115942029,
        0.6376811594202898,
        0,
        0,
        0,
        0.30434782608695654,
        0,
        0.6376811594202898,
        0.3188405797101449,
        0.4782608695652174,
        0,
        0,
        0,
        0,
        0.30434782608695654,
        0,
        0,
        0.6811594202898551,
        0.30434782608695654,
        0.4927536231884058,
        0,
        0,
        0,
        0.4927536231884058,
        0,
        0,
        0.2318840579710145,
        0.30434782608695654,
        0.7101449275362319,
        0,
        0,
        0.855072463768116,
        0.43478260869565216
    ],
    "GreedyTotal":[
        0,
        0.043478260869565216,
        0.6086956521739131,
        0.17391304347826086,
        0.2898550724637681,
        0.08695652173913043,
        0.028985507246376812,
        0,
        0.8840579710144928,
        0,
        0.4057971014492754,
        0.028985507246376812,
        0,
        0.5652173913043478,
        0.08695652173913043,
        0.028985507246376812,
        0.028985507246376812,
        0.2463768115942029,
        0.028985507246376812,
        0.2898550724637681,
        0.028985507246376812,
        0,
        0,
        0,
        0.2898550724637681,
        0.028985507246376812,
        0.5362318840579711,
        0.043478260869565216,
        0,
        0.08695652173913043,
        0.028985507246376812,
        0.028985507246376812,
        0.6811594202898551,
        0,
        0.8840579710144928,
        0.028985507246376812,
        0.5362318840579711,
        0.057971014492753624,
        0.10144927536231885,
        0.028985507246376812,
        0.08695652173913043,
        0.028985507246376812,
        0,
        0.18840579710144928,
        0.028985507246376812,
        0.2028985507246377,
        0.4927536231884058,
        0.8695652173913043,
        0.17391304347826086,
        0,
        0.2898550724637681,
        0,
        0.21739130434782608,
        0.3333333333333333,
        0,
        0,
        0,
        0.028985507246376812,
        0,
        0.6666666666666666,
        0.08695652173913043,
        0.18840579710144928,
        0,
        0,
        0,
        0,
        0.028985507246376812,
        0,
        0,
        0.4927536231884058,
        0.028985507246376812,
        0.2028985507246377,
        0,
        0,
        0,
        0.2028985507246377,
        0,
        0,
        0.08695652173913043,
        0.8840579710144928,
        0.5942028985507246,
        0,
        0,
        0.5362318840579711,
        0.043478260869565216
    ]
}