{
    "ARTMaxMin":[
        0,
        0.2028985507246377,
        0.8985507246376812,
        0.8115942028985508,
        0.6956521739130435,
        0.6231884057971014,
        0.42028985507246375,
        0,
        0.9855072463768116,
        0,
        0.6231884057971014,
        0.6956521739130435,
        0,
        0.8260869565217391,
        0.6231884057971014,
        0.6956521739130435,
        0.6956521739130435,
        0.6231884057971014,
        0.6956521739130435,
        0.7246376811594203,
        0.5507246376811594,
        0,
        0,
        0,
        0.7246376811594203,
        0.6086956521739131,
        0.6956521739130435,
        0.8985507246376812,
        0,
        0.6231884057971014,
        0.6956521739130435,
        0.6956521739130435,
        0.9420289855072463,
        0,
        0.6956521739130435,
        0.6956521739130435,
        0.6956521739130435,
        0.7101449275362319,
        0.8115942028985508,
        0.6956521739130435,
        0.6231884057971014,
        0.6956521739130435,
        0,
        0.8985507246376812,
        0.6086956521739131,
        0.8985507246376812,
        0.6956521739130435,
        0.7246376811594203,
        0.8115942028985508,
        0,
        0.7246376811594203,
        0,
        0.6086956521739131,
        0.8695652173913043,
        0,
        0,
        0,
        0.6956521739130435,
        0,
        0.8115942028985508,
        0.6231884057971014,
        0.8985507246376812,
        0,
        0,
        0,
        0,
        0.6956521739130435,
        0,
        0,
        0.6956521739130435,
        0.6956521739130435,
        0.8985507246376812,
        0,
        0,
        0,
        0.8985507246376812,
        0,
        0,
        0.3333333333333333,
        0.6956521739130435,
        0.8695652173913043,
        0,
        0,
        0.6956521739130435,
        0.8985507246376812
    ],
    "Genetic":[
        0,
        0.6376811594202898,
        0.8115942028985508,
        0.2898550724637681,
        0.855072463768116,
        0.6376811594202898,
        0.5652173913043478,
        0,
        0.9855072463768116,
        0,
        0.5362318840579711,
        0.2318840579710145,
        0,
        0.7536231884057971,
        0.6376811594202898,
        0.2318840579710145,
        0.2318840579710145,
        0.6376811594202898,
        0.2318840579710145,
        0.8115942028985508,
        0.2028985507246377,
        0,
        0,
        0,
        0.8115942028985508,
        0.2608695652173913,
        0.9710144927536232,
        0.5797101449275363,
        0,
        0.6376811594202898,
        0.2318840579710145,
        0.2318840579710145,
        0.7681159420289855,
        0,
        0.8695652173913043,
        0.2318840579710145,
        0.9710144927536232,
        0.42028985507246375,
        0.7971014492753623,
        0.2318840579710145,
        0.6376811594202898,
        0.2318840579710145,
        0,
        0.8985507246376812,
        0.2608695652173913,
        0.8985507246376812,
        0.7536231884057971,
        0.9710144927536232,
        0.2898550724637681,
        0,
        0.8115942028985508,
        0,
        0.8985507246376812,
        0.9710144927536232,
        0,
        0,
        0,
        0.2318840579710145,
        0,
        0.9130434782608695,
        0.6376811594202898,
        0.8985507246376812,
        0,
        0,
        0,
        0,
        0.2318840579710145,
        0,
        0,
        0.7536231884057971,
        0.2318840579710145,
        0.8985507246376812,
        0,
        0,
        0,
        0.8985507246376812,
        0,
        0,
        0.43478260869565216,
        0.8695652173913043,
        0.9710144927536232,
        0,
        0,
        0.9710144927536232,
        0.5797101449275363
    ],
    "GreedyAdditional":[
        0,
        0.5652173913043478,
        0.7246376811594203,
        0.34782608695652173,
        0.36231884057971014,
        0.7101449275362319,
        0.4057971014492754,
        0,
        0.9855072463768116,
        0,
        0.5652173913043478,
        0.30434782608695654,
        0,
        0.9565217391304348,
        0.7101449275362319,
        0.30434782608695654,
        0.30434782608695654,
        0.7101449275362319,
        0.30434782608695654,
        0.8405797101449275,
        0.21739130434782608,
        0,
        0,
        0,
        0.8405797101449275,
        0.7246376811594203,
        0.8695652173913043,
        0.4057971014492754,
        0,
        0.7101449275362319,
        0.30434782608695654,
        0.30434782608695654,
        0.9565217391304348,
        0,
        0.9565217391304348,
        0.30434782608695654,
        0.8695652173913043,
        0.9565217391304348,
        0.9710144927536232,
        0.30434782608695654,
        0.7101449275362319,
        0.30434782608695654,
        0,
        0.7246376811594203,
        0.7246376811594203,
        0.9710144927536232,
        0.7971014492753623,
        0.9710144927536232,
        0.34782608695652173,
        0,
        0.8405797101449275,
        0,
        0.8985507246376812,
        0.9565217391304348,
        0,
        0,
        0,
        0.30434782608695654,
        0,
        0.43478260869565216,
        0.7101449275362319,
        0.7246376811594203,
        0,
        0,
        0,
        0,
        0.30434782608695654,
        0,
        0,
        0.7971014492753623,
        0.30434782608695654,
        0.9710144927536232,
        0,
        0,
        0,
        0.9710144927536232,
        0,
        0,
        0.2463768115942029,
        0.9565217391304348,
        0.9565217391304348,
        0,
        0,
        0.8695652173913043,
        0.4057971014492754
    ],
    "GreedyTotal":[
        0,
        0.014492753623188406,
        0.5217391304347826,
        0.057971014492753624,
        0.10144927536231885,
        0.07246376811594203,
        0.08695652173913043,
        0,
        0.9855072463768116,
        0,
        0.043478260869565216,
        0.014492753623188406,
        0,
        0.7246376811594203,
        0.07246376811594203,
        0.014492753623188406,
        0.014492753623188406,
        0.782608695652174,
        0.014492753623188406,
        0.6376811594202898,
        0.014492753623188406,
        0,
        0,
        0,
        0.6376811594202898,
        0.028985507246376812,
        0.6376811594202898,
        0.057971014492753624,
        0,
        0.07246376811594203,
        0.014492753623188406,
        0.014492753623188406,
        0.2028985507246377,
        0,
        0.5072463768115942,
        0.014492753623188406,
        0.6376811594202898,
        0.014492753623188406,
        0.07246376811594203,
        0.014492753623188406,
        0.07246376811594203,
        0.014492753623188406,
        0,
        0.3333333333333333,
        0.028985507246376812,
        0.3333333333333333,
        0.6231884057971014,
        0.927536231884058,
        0.057971014492753624,
        0,
        0.6376811594202898,
        0,
        0.2028985507246377,
        0.391304347826087,
        0,
        0,
        0,
        0.014492753623188406,
        0,
        0.5507246376811594,
        0.07246376811594203,
        0.3333333333333333,
        0,
        0,
        0,
        0,
        0.014492753623188406,
        0,
        0,
        0.6231884057971014,
        0.014492753623188406,
        0.3333333333333333,
        0,
        0,
        0,
        0.3333333333333333,
        0,
        0,
        0.043478260869565216,
        0.5072463768115942,
        0.8115942028985508,
        0,
        0,
        0.6376811594202898,
        0.057971014492753624
    ]
}