{
    "ARTMaxMin":[
        0.5845410628019324,
        0.5978260869565217,
        0.605072463768116,
        0.3768115942028985,
        0.6956521739130435,
        0.5289855072463768,
        0.518840579710145,
        0.6376811594202898,
        0.8357487922705314,
        0.5169082125603864,
        0.49637681159420294,
        0.5434782608695652,
        0.4855072463768116,
        0.681159420289855,
        0.4927536231884059,
        0.40096618357487923,
        0.6920289855072465,
        0.6594202898550725,
        0.4492753623188406,
        0.6028985507246376,
        0.8115942028985508,
        0.40096618357487923,
        0.5434782608695652,
        0.2826086956521739,
        0.5905797101449275,
        0.35144927536231885,
        0.6485507246376812,
        0.5289855072463768,
        0.6376811594202899,
        0.5942028985507246,
        0.6702898550724637,
        0.5072463768115942,
        0.5623188405797102,
        0.6231884057971014,
        0.48695652173913045,
        0.6739130434782609,
        0.7898550724637681,
        0.5652173913043479,
        0.5420289855072463,
        0.5797101449275363,
        0.572463768115942,
        0.5978260869565217,
        0.6376811594202899,
        0.536231884057971,
        0.5594202898550724,
        0.553623188405797,
        0.5826086956521739,
        0.713768115942029,
        0.7333333333333333,
        0.5833333333333334,
        0.5797101449275363,
        0.4734299516908213,
        0.47463768115942034,
        0.7427536231884058,
        0.5314009661835749,
        0.5072463768115942,
        0.6376811594202899,
        0.5217391304347826,
        0.39855072463768115,
        0.48792270531400966,
        0.5265700483091788,
        0.644927536231884,
        0.5615942028985507,
        0.644927536231884,
        0.5555555555555556,
        0.642512077294686,
        0.5169082125603865,
        0.5458937198067634,
        0.5,
        0.5760869565217391,
        0.4057971014492754,
        0.6956521739130435,
        0.2681159420289855,
        0.5748792270531401,
        0.40942028985507245,
        0.48695652173913045,
        0.5942028985507246,
        0.644927536231884,
        0.3333333333333333,
        0.5652173913043479,
        0.7391304347826088,
        0.6908212560386474,
        0.5217391304347826,
        0.553623188405797,
        0.5594202898550724
    ],
    "Genetic":[
        0.5990338164251208,
        0.5579710144927535,
        0.6376811594202899,
        0.5555555555555555,
        0.6473429951690821,
        0.49275362318840576,
        0.36231884057971014,
        0.6328502415458938,
        0.6908212560386473,
        0.7246376811594203,
        0.46376811594202905,
        0.6884057971014492,
        0.427536231884058,
        0.7608695652173914,
        0.5739130434782609,
        0.5169082125603864,
        0.5579710144927537,
        0.7608695652173914,
        0.4734299516908213,
        0.5884057971014492,
        0.014492753623188406,
        0.5362318840579711,
        0.5579710144927537,
        0.644927536231884,
        0.4818840579710145,
        0.2717391304347826,
        0.681159420289855,
        0.536231884057971,
        0.7439613526570049,
        0.37681159420289856,
        0.6884057971014492,
        0.6304347826086956,
        0.5159420289855072,
        0.36231884057971014,
        0.5594202898550724,
        0.7644927536231885,
        0.6594202898550725,
        0.501449275362319,
        0.527536231884058,
        0.5217391304347827,
        0.5289855072463768,
        0.6123188405797102,
        0.5833333333333333,
        0.7391304347826088,
        0.4231884057971015,
        0.4724637681159421,
        0.7101449275362318,
        0.5471014492753623,
        0.8086956521739129,
        0.5434782608695652,
        0.5739130434782609,
        0.6763285024154589,
        0.3695652173913043,
        0.8550724637681159,
        0.5748792270531401,
        0.6473429951690821,
        0.7632850241545893,
        0.6521739130434783,
        0.5797101449275363,
        0.4879227053140096,
        0.6618357487922705,
        0.8514492753623188,
        0.644927536231884,
        0.6231884057971014,
        0.5990338164251208,
        0.7777777777777778,
        0.5748792270531401,
        0.5748792270531401,
        0.4492753623188406,
        0.6340579710144928,
        0.5458937198067633,
        0.5942028985507247,
        0.7608695652173914,
        0.46859903381642515,
        0.6195652173913044,
        0.5681159420289854,
        0.5579710144927537,
        0.717391304347826,
        0.36594202898550726,
        0.536231884057971,
        0.782608695652174,
        0.6666666666666666,
        0.6521739130434783,
        0.49565217391304356,
        0.5855072463768116
    ],
    "GreedyAdditional":[
        0.33816425120772947,
        0.4601449275362318,
        0.463768115942029,
        0.3768115942028985,
        0.48792270531400966,
        0.3115942028985507,
        0.23768115942028983,
        0.4444444444444444,
        0.6811594202898551,
        0.3671497584541063,
        0.33695652173913043,
        0.32608695652173914,
        0.2318840579710145,
        0.6340579710144927,
        0.3652173913043478,
        0.2560386473429952,
        0.5,
        0.5905797101449275,
        0.4106280193236715,
        0.5014492753623188,
        0.028985507246376812,
        0.32367149758454106,
        0.3188405797101449,
        0.26811594202898553,
        0.34782608695652173,
        0.18115942028985507,
        0.5398550724637681,
        0.2971014492753623,
        0.5893719806763286,
        0.39855072463768115,
        0.5108695652173914,
        0.45289855072463764,
        0.3652173913043478,
        0.20772946859903382,
        0.3478260869565218,
        0.5471014492753623,
        0.6666666666666667,
        0.42028985507246375,
        0.2840579710144927,
        0.41304347826086957,
        0.37318840579710144,
        0.3586956521739131,
        0.4166666666666667,
        0.3840579710144928,
        0.32463768115942027,
        0.30144927536231886,
        0.44637681159420295,
        0.39492753623188404,
        0.6492753623188406,
        0.3913043478260869,
        0.34492753623188405,
        0.41545893719806765,
        0.2427536231884058,
        0.6702898550724639,
        0.28019323671497587,
        0.608695652173913,
        0.4396135265700483,
        0.30434782608695654,
        0.2536231884057971,
        0.4202898550724637,
        0.48309178743961345,
        0.46739130434782605,
        0.5289855072463768,
        0.41304347826086957,
        0.3140096618357488,
        0.4396135265700483,
        0.2705314009661836,
        0.4589371980676329,
        0.2282608695652174,
        0.4492753623188406,
        0.31884057971014496,
        0.38768115942028986,
        0.30434782608695654,
        0.42512077294685985,
        0.34420289855072467,
        0.463768115942029,
        0.5072463768115942,
        0.5869565217391305,
        0.213768115942029,
        0.28260869565217395,
        0.5652173913043478,
        0.5217391304347826,
        0.30434782608695654,
        0.4405797101449275,
        0.35942028985507246
    ],