{
    "ARTMaxMin":[
        0.5458937198067634,
        0.49637681159420294,
        0.6376811594202899,
        0.6908212560386473,
        0.7004830917874396,
        0.5507246376811594,
        0.3159420289855072,
        0.6376811594202899,
        0.6280193236714976,
        0.5024154589371981,
        0.6413043478260869,
        0.677536231884058,
        0.5652173913043479,
        0.6811594202898551,
        0.49565217391304345,
        0.6183574879227053,
        0.5434782608695652,
        0.7318840579710145,
        0.5603864734299516,
        0.6086956521739131,
        0.6086956521739131,
        0.4830917874396136,
        0.6521739130434783,
        0.36231884057971014,
        0.641304347826087,
        0.5108695652173912,
        0.7753623188405796,
        0.6521739130434783,
        0.7342995169082126,
        0.6884057971014493,
        0.6376811594202899,
        0.7101449275362319,
        0.6,
        0.6376811594202899,
        0.6782608695652174,
        0.7427536231884058,
        0.75,
        0.7130434782608696,
        0.6231884057971013,
        0.6014492753623188,
        0.6485507246376812,
        0.5253623188405797,
        0.6014492753623188,
        0.5362318840579711,
        0.5246376811594202,
        0.591304347826087,
        0.6695652173913043,
        0.6884057971014492,
        0.7304347826086957,
        0.644927536231884,
        0.5826086956521739,
        0.6666666666666666,
        0.6521739130434783,
        0.7608695652173914,
        0.6280193236714976,
        0.5942028985507247,
        0.8260869565217392,
        0.6086956521739131,
        0.644927536231884,
        0.5893719806763285,
        0.6859903381642513,
        0.7391304347826086,
        0.7065217391304348,
        0.6521739130434783,
        0.7149758454106281,
        0.6231884057971014,
        0.5507246376811594,
        0.7487922705314011,
        0.5978260869565217,
        0.713768115942029,
        0.5265700483091788,
        0.7427536231884058,
        0.33333333333333337,
        0.7101449275362318,
        0.5253623188405797,
        0.7333333333333333,
        0.4492753623188406,
        0.6739130434782609,
        0.5579710144927537,
        0.6884057971014492,
        0.7246376811594203,
        0.6714975845410628,
        0.6086956521739131,
        0.5855072463768115,
        0.6492753623188406
    ],
    "Genetic":[
        0.6425120772946861,
        0.5326086956521738,
        0.5036231884057971,
        0.49275362318840576,
        0.5603864734299516,
        0.5289855072463767,
        0.5971014492753624,
        0.43478260869565216,
        0.6618357487922705,
        0.38647342995169076,
        0.48550724637681153,
        0.5,
        0.28985507246376807,
        0.4963768115942029,
        0.472463768115942,
        0.47826086956521746,
        0.37681159420289856,
        0.536231884057971,
        0.5942028985507246,
        0.5884057971014492,
        0.36231884057971014,
        0.36231884057971014,
        0.44202898550724634,
        0.39855072463768115,
        0.44202898550724634,
        0.5471014492753623,
        0.6739130434782609,
        0.37681159420289856,
        0.6570048309178743,
        0.6376811594202898,
        0.5434782608695652,
        0.35144927536231885,
        0.44637681159420295,
        0.37198067632850246,
        0.4115942028985507,
        0.5869565217391304,
        0.6666666666666666,
        0.5159420289855072,
        0.4811594202898551,
        0.47101449275362317,
        0.6231884057971013,
        0.5543478260869564,
        0.572463768115942,
        0.46376811594202894,
        0.5507246376811594,
        0.3942028985507246,
        0.5014492753623189,
        0.44565217391304346,
        0.4579710144927536,
        0.4021739130434782,
        0.48985507246376814,
        0.3768115942028986,
        0.6847826086956521,
        0.6376811594202898,
        0.40096618357487923,
        0.5410628019323672,
        0.6859903381642513,
        0.42028985507246375,
        0.5072463768115942,
        0.32850241545893716,
        0.5555555555555555,
        0.6231884057971014,
        0.605072463768116,
        0.5434782608695652,
        0.40579710144927533,
        0.4879227053140096,
        0.38164251207729466,
        0.5072463768115941,
        0.38405797101449274,
        0.5905797101449276,
        0.5362318840579711,
        0.572463768115942,
        0.427536231884058,
        0.6183574879227053,
        0.6159420289855072,
        0.6057971014492752,
        0.2681159420289855,
        0.6123188405797101,
        0.3333333333333333,
        0.3840579710144928,
        0.5845410628019323,
        0.4830917874396135,
        0.4202898550724637,
        0.47536231884057967,
        0.4608695652173912
    ],
    "GreedyAdditional":[
        0.5362318840579711,
        0.44927536231884063,
        0.4420289855072464,
        0.4879227053140096,
        0.4734299516908213,
        0.5072463768115942,
        0.5072463768115942,
        0.4396135265700483,
        0.6135265700483092,
        0.5362318840579711,
        0.3695652173913043,
        0.4818840579710145,
        0.2536231884057971,
        0.5072463768115942,
        0.518840579710145,
        0.3478260869565218,
        0.35144927536231885,
        0.532608695652174,
        0.6328502415458938,
        0.5507246376811594,
        0.42028985507246375,
        0.34782608695652173,
        0.39855072463768115,
        0.33333333333333337,
        0.41666666666666663,
        0.2971014492753623,
        0.6557971014492754,
        0.32608695652173914,
        0.6570048309178744,
        0.6086956521739131,
        0.5217391304347826,
        0.35144927536231885,
        0.3739130434782608,
        0.357487922705314,
        0.4434782608695652,
        0.427536231884058,
        0.6231884057971014,
        0.42608695652173917,
        0.4724637681159421,
        0.41304347826086957,
        0.5543478260869565,
        0.4818840579710145,
        0.5217391304347826,
        0.37318840579710144,
        0.4521739130434782,
        0.3246376811594203,
        0.4927536231884059,
        0.4565217391304348,
        0.44637681159420295,
        0.35144927536231885,
        0.41159420289855075,
        0.3768115942028986,
        0.5942028985507246,
        0.6413043478260869,
        0.391304347826087,
        0.5942028985507246,
        0.6570048309178743,
        0.4057971014492754,
        0.31884057971014496,
        0.2753623188405797,
        0.5410628019323672,
        0.6014492753623188,
        0.46014492753623193,
        0.43478260869565216,
        0.4202898550724638,
        0.4734299516908213,
        0.5169082125603865,
        0.5072463768115942,
        0.4094202898550725,
        0.4963768115942029,
        0.37198067632850246,
        0.4311594202898551,
        0.35507246376811596,
        0.25120772946859904,
        0.572463768115942,
        0.41159420289855075,
        0.2246376811594203,
        0.5217391304347826,
        0.23188405797101452,
        0.35507246376811596,
        0.5797101449275363,
        0.4975845410628019,
        0.4057971014492754,
        0.36811594202898557,
        0.39710144927536234
    ],