{
    "AdditionalTotal":[
        0.8260869565217392,
        0.4782608695652174,
        0.5434782608695652,
        0.4589371980676329,
        0.6231884057971014,
        0.5072463768115942,
        0.5942028985507246,
        0.5700483091787439,
        0.7681159420289855,
        0.5024154589371981,
        0.7355072463768115,
        0.5978260869565218,
        0.463768115942029,
        0.7282608695652173,
        0.5739130434782609,
        0.5217391304347826,
        0.5471014492753623,
        0.6811594202898551,
        0.6473429951690822,
        0.6260869565217391,
        0.21739130434782608,
        0.2946859903381642,
        0.6739130434782609,
        0.5217391304347826,
        0.5905797101449275,
        0.8007246376811594,
        0.717391304347826,
        0.5144927536231885,
        0.7391304347826088,
        0.7101449275362319,
        0.6231884057971014,
        0.4528985507246377,
        0.6376811594202898,
        0.4154589371980677,
        0.5884057971014492,
        0.6050724637681159,
        0.8514492753623188,
        0.7855072463768116,
        0.6869565217391305,
        0.572463768115942,
        0.6304347826086957,
        0.532608695652174,
        0.7028985507246377,
        0.4311594202898551,
        0.7594202898550725,
        0.672463768115942,
        0.4231884057971015,
        0.6123188405797101,
        0.6434782608695653,
        0.5760869565217391,
        0.6492753623188406,
        0.31884057971014496,
        0.8659420289855072,
        0.9166666666666667,
        0.4444444444444445,
        0.5990338164251208,
        0.8743961352657005,
        0.30434782608695654,
        0.8405797101449275,
        0.5072463768115941,
        0.6763285024154589,
        0.5978260869565217,
        0.8115942028985508,
        0.6231884057971014,
        0.4734299516908213,
        0.6859903381642513,
        0.5797101449275363,
        0.5990338164251208,
        0.5072463768115942,
        0.7536231884057971,
        0.46859903381642515,
        0.4782608695652174,
        0.3115942028985507,
        0.7391304347826088,
        0.6594202898550725,
        0.6666666666666666,
        0.427536231884058,
        0.855072463768116,
        0.532608695652174,
        0.6775362318840581,
        0.6859903381642513,
        0.7439613526570049,
        0.30434782608695654,
        0.744927536231884,
        0.5768115942028985
    ],
    "GreedyAdditional":[
        0.8260869565217392,
        0.4782608695652174,
        0.5434782608695652,
        0.4589371980676329,
        0.6231884057971014,
        0.5072463768115942,
        0.5942028985507246,
        0.5700483091787439,
        0.7681159420289855,
        0.5024154589371981,
        0.7355072463768115,
        0.5978260869565218,
        0.463768115942029,
        0.7282608695652173,
        0.5739130434782609,
        0.5217391304347826,
        0.5471014492753623,
        0.6811594202898551,
        0.6473429951690822,
        0.6260869565217391,
        0.21739130434782608,
        0.2946859903381642,
        0.6739130434782609,
        0.5217391304347826,
        0.5905797101449275,
        0.8007246376811594,
        0.717391304347826,
        0.5144927536231885,
        0.7391304347826088,
        0.7101449275362319,
        0.6231884057971014,
        0.4528985507246377,
        0.6376811594202898,
        0.4154589371980677,
        0.5884057971014492,
        0.6050724637681159,
        0.8514492753623188,
        0.7855072463768116,
        0.6869565217391305,
        0.572463768115942,
        0.6304347826086957,
        0.532608695652174,
        0.7028985507246377,
        0.4311594202898551,
        0.7594202898550725,
        0.672463768115942,
        0.4231884057971015,
        0.6123188405797101,
        0.6434782608695653,
        0.5760869565217391,
        0.6492753623188406,
        0.31884057971014496,
        0.8659420289855072,
        0.9166666666666667,
        0.4444444444444445,
        0.5990338164251208,
        0.8743961352657005,
        0.30434782608695654,
        0.8405797101449275,
        0.5072463768115941,
        0.6763285024154589,
        0.5978260869565217,
        0.8115942028985508,
        0.6231884057971014,
        0.4734299516908213,
        0.6859903381642513,
        0.5797101449275363,
        0.5990338164251208,
        0.5072463768115942,
        0.7536231884057971,
        0.46859903381642515,
        0.4782608695652174,
        0.3115942028985507,
        0.7391304347826088,
        0.6594202898550725,
        0.6666666666666666,
        0.427536231884058,
        0.855072463768116,
        0.532608695652174,
        0.6775362318840581,
        0.6859903381642513,
        0.7439613526570049,
        0.30434782608695654,
        0.744927536231884,
        0.5768115942028985
    ],
    "GreedyAdditionalSimilarity":[
        0.19806763285024154,
        0.22826086956521735,
        0.24275362318840582,
        0.24637681159420288,
        0.30434782608695654,
        0.021739130434782608,
        0.02028985507246377,
        0.28502415458937197,
        0.5797101449275363,
        0.2657004830917874,
        0.12318840579710144,
        0.02536231884057971,
        0.014492753623188406,
        0.5471014492753623,
        0.10434782608695652,
        0.024154589371980676,
        0.46014492753623193,
        0.427536231884058,
        0.1642512077294686,
        0.26666666666666666,
        0.014492753623188406,
        0.024154589371980676,
        0.34782608695652173,
        0.014492753623188406,
        0.12681159420289856,
        0.02898550724637681,
        0.4746376811594203,
        0.021739130434782608,
        0.5990338164251208,
        0.18115942028985507,
        0.32971014492753625,
        0.19202898550724634,
        0.2753623188405797,
        0.01932367149758454,
        0.19420289855072465,
        0.4239130434782609,
        0.6413043478260869,
        0.35072463768115936,
        0.028985507246376812,
        0.28623188405797106,
        0.12681159420289856,
        0.2427536231884058,
        0.34420289855072467,
        0.39855072463768115,
        0.2,
        0.22608695652173916,
        0.09565217391304348,
        0.34782608695652173,
        0.35072463768115936,
        0.28260869565217395,
        0.17681159420289858,
        0.024154589371980676,
        0.37318840579710144,
        0.7753623188405797,
        0.014492753623188406,
        0.33816425120772947,
        0.4734299516908213,
        0.014492753623188406,
        0.36231884057971014,
        0.37198067632850246,
        0.25120772946859904,
        0.41304347826086957,
        0.49275362318840576,
        0.2173913043478261,
        0.14009661835748793,
        0.1497584541062802,
        0.033816425120772944,
        0.41062801932367154,
        0.018115942028985508,
        0.33695652173913043,
        0.024154589371980676,
        0.3333333333333333,
        0.014492753623188406,
        0.357487922705314,
        0.28260869565217395,
        0.2811594202898551,
        0.3695652173913043,
        0.6014492753623188,
        0.021739130434782608,
        0.14130434782608697,
        0.43478260869565216,
        0.6763285024154589,
        0.014492753623188406,
        0.2695652173913043,
        0.16811594202898553
    ],