{
    "AdditionalTotal":[
        0.6859903381642513,
        0.5,
        0.8152173913043478,
        0.42512077294685985,
        0.7777777777777777,
        0.7681159420289855,
        0.5768115942028985,
        0.7101449275362318,
        0.859903381642512,
        0.5990338164251208,
        0.34420289855072467,
        0.7028985507246377,
        0.46376811594202894,
        0.7246376811594203,
        0.5333333333333333,
        0.5652173913043478,
        0.7210144927536232,
        0.8188405797101449,
        0.5845410628019323,
        0.7565217391304347,
        0.42028985507246375,
        0.4975845410628019,
        0.5072463768115942,
        0.6304347826086956,
        0.605072463768116,
        0.38405797101449274,
        0.6920289855072463,
        0.48550724637681164,
        0.8647342995169082,
        0.7681159420289855,
        0.8731884057971014,
        0.5434782608695652,
        0.8434782608695652,
        0.463768115942029,
        0.7710144927536231,
        0.7753623188405796,
        0.8985507246376812,
        0.5304347826086956,
        0.7014492753623187,
        0.7246376811594203,
        0.6992753623188406,
        0.7318840579710144,
        0.8152173913043478,
        0.6123188405797102,
        0.7246376811594203,
        0.5826086956521739,
        0.7014492753623188,
        0.7282608695652173,
        0.7449275362318841,
        0.6811594202898551,
        0.817391304347826,
        0.647342995169082,
        0.6086956521739131,
        0.855072463768116,
        0.7101449275362318,
        0.7681159420289854,
        0.7777777777777777,
        0.7681159420289855,
        0.46376811594202894,
        0.7004830917874396,
        0.681159420289855,
        0.8007246376811594,
        0.7101449275362319,
        0.8840579710144928,
        0.5603864734299516,
        0.7342995169082126,
        0.5265700483091788,
        0.5603864734299516,
        0.6159420289855072,
        0.6594202898550724,
        0.5748792270531401,
        0.681159420289855,
        0.717391304347826,
        0.5942028985507246,
        0.7391304347826086,
        0.5739130434782609,
        0.7826086956521738,
        0.6956521739130435,
        0.45652173913043476,
        0.5833333333333334,
        0.821256038647343,
        0.6859903381642511,
        0.7681159420289855,
        0.7159420289855072,
        0.6927536231884057
    ],
    "GreedyAdditional":[
        0.33816425120772947,
        0.4601449275362318,
        0.463768115942029,
        0.3768115942028985,
        0.48792270531400966,
        0.3115942028985507,
        0.23768115942028983,
        0.4444444444444444,
        0.6811594202898551,
        0.3671497584541063,
        0.33695652173913043,
        0.32608695652173914,
        0.2318840579710145,
        0.6340579710144927,
        0.3652173913043478,
        0.2560386473429952,
        0.5,
        0.5905797101449275,
        0.4106280193236715,
        0.5014492753623188,
        0.028985507246376812,
        0.32367149758454106,
        0.3188405797101449,
        0.26811594202898553,
        0.34782608695652173,
        0.18115942028985507,
        0.5398550724637681,
        0.2971014492753623,
        0.5893719806763286,
        0.39855072463768115,
        0.5108695652173914,
        0.45289855072463764,
        0.3652173913043478,
        0.20772946859903382,
        0.3478260869565218,
        0.5471014492753623,
        0.6666666666666667,
        0.42028985507246375,
        0.2840579710144927,
        0.41304347826086957,
        0.37318840579710144,
        0.3586956521739131,
        0.4166666666666667,
        0.3840579710144928,
        0.32463768115942027,
        0.30144927536231886,
        0.44637681159420295,
        0.39492753623188404,
        0.6492753623188406,
        0.3913043478260869,
        0.34492753623188405,
        0.41545893719806765,
        0.2427536231884058,
        0.6702898550724639,
        0.28019323671497587,
        0.608695652173913,
        0.4396135265700483,
        0.30434782608695654,
        0.2536231884057971,
        0.4202898550724637,
        0.48309178743961345,
        0.46739130434782605,
        0.5289855072463768,
        0.41304347826086957,
        0.3140096618357488,
        0.4396135265700483,
        0.2705314009661836,
        0.4589371980676329,
        0.2282608695652174,
        0.4492753623188406,
        0.31884057971014496,
        0.38768115942028986,
        0.30434782608695654,
        0.42512077294685985,
        0.34420289855072467,
        0.463768115942029,
        0.5072463768115942,
        0.5869565217391305,
        0.213768115942029,
        0.28260869565217395,
        0.5652173913043478,
        0.5217391304347826,
        0.30434782608695654,
        0.4405797101449275,
        0.35942028985507246
    ],
    "GreedyAdditionalSimilarity":[
        0.3333333333333333,
        0.3514492753623188,
        0.32608695652173914,
        0.08695652173913043,
        0.78743961352657,
        0.028985507246376812,
        0.03768115942028986,
        0.2898550724637681,
        0.4879227053140096,
        0.043478260869565216,
        0.30797101449275366,
        0.03260869565217391,
        0.014492753623188406,
        0.6159420289855072,
        0.37681159420289856,
        0.014492753623188406,
        0.42391304347826086,
        0.45652173913043476,
        0.12077294685990338,
        0.3188405797101449,
        0.028985507246376812,
        0.05314009661835748,
        0.07246376811594203,
        0.028985507246376812,
        0.1920289855072464,
        0.025362318840579712,
        0.5471014492753623,
        0.021739130434782608,
        0.41545893719806753,
        0.44202898550724634,
        0.36594202898550726,
        0.19202898550724634,
        0.42898550724637685,
        0.024154589371980676,
        0.17971014492753623,
        0.28623188405797106,
        0.7934782608695652,
        0.5217391304347826,
        0.04347826086956522,
        0.30797101449275366,
        0.25724637681159424,
        0.20289855072463767,
        0.34782608695652173,
        0.17028985507246377,
        0.3246376811594203,
        0.16231884057971016,
        0.1971014492753623,
        0.42391304347826086,
        0.5391304347826087,
        0.3079710144927536,
        0.24637681159420288,
        0.04830917874396135,
        0.05797101449275362,
        0.6666666666666666,
        0.024154589371980676,
        0.2898550724637681,
        0.5748792270531401,
        0.014492753623188406,
        0.06521739130434782,
        0.4057971014492754,
        0.11594202898550725,
        0.2318840579710145,
        0.6304347826086956,
        0.30434782608695654,
        0.024154589371980676,
        0.2946859903381642,
        0.22705314009661834,
        0.19806763285024154,
        0.036231884057971016,
        0.2934782608695652,
        0.06280193236714976,
        0.1811594202898551,
        0.014492753623188406,
        0.37198067632850246,
        0.043478260869565216,
        0.10144927536231885,
        0.2753623188405797,
        0.46376811594202894,
        0.021739130434782608,
        0.21014492753623187,
        0.4396135265700483,
        0.642512077294686,
        0.014492753623188406,
        0.3710144927536232,
        0.13623188405797101
    ],