{
    "AdditionalTotal":[
        0.8260869565217392,
        0.4782608695652174,
        0.5434782608695652,
        0.4589371980676329,
        0.6231884057971014,
        0.5072463768115942,
        0.5942028985507246,
        0.5700483091787439,
        0.7681159420289855,
        0.5024154589371981,
        0.7355072463768115,
        0.5978260869565218,
        0.463768115942029,
        0.7282608695652173,
        0.5739130434782609,
        0.5217391304347826,
        0.5471014492753623,
        0.6811594202898551,
        0.6473429951690822,
        0.6260869565217391,
        0.21739130434782608,
        0.2946859903381642,
        0.6739130434782609,
        0.5217391304347826,
        0.5905797101449275,
        0.8007246376811594,
        0.717391304347826,
        0.5144927536231885,
        0.7391304347826088,
        0.7101449275362319,
        0.6231884057971014,
        0.4528985507246377,
        0.6376811594202898,
        0.4154589371980677,
        0.5884057971014492,
        0.6050724637681159,
        0.8514492753623188,
        0.7855072463768116,
        0.6869565217391305,
        0.572463768115942,
        0.6304347826086957,
        0.532608695652174,
        0.7028985507246377,
        0.4311594202898551,
        0.7594202898550725,
        0.672463768115942,
        0.4231884057971015,
        0.6123188405797101,
        0.6434782608695653,
        0.5760869565217391,
        0.6492753623188406,
        0.31884057971014496,
        0.8659420289855072,
        0.9166666666666667,
        0.4444444444444445,
        0.5990338164251208,
        0.8743961352657005,
        0.30434782608695654,
        0.8405797101449275,
        0.5072463768115941,
        0.6763285024154589,
        0.5978260869565217,
        0.8115942028985508,
        0.6231884057971014,
        0.4734299516908213,
        0.6859903381642513,
        0.5797101449275363,
        0.5990338164251208,
        0.5072463768115942,
        0.7536231884057971,
        0.46859903381642515,
        0.4782608695652174,
        0.3115942028985507,
        0.7391304347826088,
        0.6594202898550725,
        0.6666666666666666,
        0.427536231884058,
        0.855072463768116,
        0.532608695652174,
        0.6775362318840581,
        0.6859903381642513,
        0.7439613526570049,
        0.30434782608695654,
        0.744927536231884,
        0.5768115942028985
    ],
    "GreedyAdditional":[
        0.8260869565217392,
        0.4782608695652174,
        0.5434782608695652,
        0.4589371980676329,
        0.6231884057971014,
        0.5072463768115942,
        0.5942028985507246,
        0.5700483091787439,
        0.7681159420289855,
        0.5024154589371981,
        0.7355072463768115,
        0.5978260869565218,
        0.463768115942029,
        0.7282608695652173,
        0.5739130434782609,
        0.5217391304347826,
        0.5471014492753623,
        0.6811594202898551,
        0.6473429951690822,
        0.6260869565217391,
        0.21739130434782608,
        0.2946859903381642,
        0.6739130434782609,
        0.5217391304347826,
        0.5905797101449275,
        0.8007246376811594,
        0.717391304347826,
        0.5144927536231885,
        0.7391304347826088,
        0.7101449275362319,
        0.6231884057971014,
        0.4528985507246377,
        0.6376811594202898,
        0.4154589371980677,
        0.5884057971014492,
        0.6050724637681159,
        0.8514492753623188,
        0.7855072463768116,
        0.6869565217391305,
        0.572463768115942,
        0.6304347826086957,
        0.532608695652174,
        0.7028985507246377,
        0.4311594202898551,
        0.7594202898550725,
        0.672463768115942,
        0.4231884057971015,
        0.6123188405797101,
        0.6434782608695653,
        0.5760869565217391,
        0.6492753623188406,
        0.31884057971014496,
        0.8659420289855072,
        0.9166666666666667,
        0.4444444444444445,
        0.5990338164251208,
        0.8743961352657005,
        0.30434782608695654,
        0.8405797101449275,
        0.5072463768115941,
        0.6763285024154589,
        0.5978260869565217,
        0.8115942028985508,
        0.6231884057971014,
        0.4734299516908213,
        0.6859903381642513,
        0.5797101449275363,
        0.5990338164251208,
        0.5072463768115942,
        0.7536231884057971,
        0.46859903381642515,
        0.4782608695652174,
        0.3115942028985507,
        0.7391304347826088,
        0.6594202898550725,
        0.6666666666666666,
        0.427536231884058,
        0.855072463768116,
        0.532608695652174,
        0.6775362318840581,
        0.6859903381642513,
        0.7439613526570049,
        0.30434782608695654,
        0.744927536231884,
        0.5768115942028985
    ],
    "GreedyAdditionalNew":[
        0.7391304347826088,
        0.4891304347826087,
        0.6014492753623188,
        0.5797101449275363,
        0.5845410628019324,
        0.6231884057971014,
        0.6434782608695653,
        0.6908212560386473,
        0.8357487922705314,
        0.4975845410628019,
        0.13043478260869565,
        0.6086956521739131,
        0.2318840579710145,
        0.7028985507246377,
        0.43768115942028984,
        0.30434782608695654,
        0.6086956521739131,
        0.7753623188405797,
        0.3864734299516908,
        0.6608695652173913,
        0.3333333333333333,
        0.37198067632850246,
        0.44202898550724634,
        0.5579710144927537,
        0.572463768115942,
        0.3442028985507246,
        0.6340579710144928,
        0.2101449275362319,
        0.7681159420289855,
        0.7971014492753623,
        0.5978260869565217,
        0.5652173913043479,
        0.7246376811594203,
        0.25120772946859904,
        0.5565217391304348,
        0.6231884057971016,
        0.8297101449275363,
        0.5072463768115942,
        0.7304347826086957,
        0.6268115942028987,
        0.4891304347826087,
        0.5543478260869565,
        0.681159420289855,
        0.46376811594202894,
        0.727536231884058,
        0.4115942028985507,
        0.46376811594202894,
        0.6123188405797101,
        0.5594202898550724,
        0.6268115942028986,
        0.6202898550724638,
        0.45410628019323673,
        0.7318840579710145,
        0.7681159420289855,
        0.5652173913043478,
        0.7294685990338164,
        0.78743961352657,
        0.4492753623188406,
        0.44202898550724634,
        0.7101449275362318,
        0.7101449275362318,
        0.6231884057971014,
        0.6123188405797102,
        0.5579710144927537,
        0.5507246376811594,
        0.5603864734299516,
        0.6038647342995169,
        0.6425120772946861,
        0.427536231884058,
        0.45652173913043476,
        0.5797101449275363,
        0.5942028985507246,
        0.38405797101449274,
        0.5797101449275363,
        0.7065217391304348,
        0.6318840579710145,
        0.7971014492753623,
        0.7065217391304348,
        0.33695652173913043,
        0.4746376811594203,
        0.6038647342995169,
        0.6763285024154589,
        0.4492753623188406,
        0.6028985507246377,
        0.47536231884057967
    ],