{
    "AdditionalTotal":[
        0.5362318840579711,
        0.44927536231884063,
        0.4420289855072464,
        0.4879227053140096,
        0.4734299516908213,
        0.5072463768115942,
        0.5072463768115942,
        0.4396135265700483,
        0.6135265700483092,
        0.5362318840579711,
        0.3695652173913043,
        0.4818840579710145,
        0.2536231884057971,
        0.5072463768115942,
        0.518840579710145,
        0.3478260869565218,
        0.35144927536231885,
        0.532608695652174,
        0.6328502415458938,
        0.5507246376811594,
        0.42028985507246375,
        0.34782608695652173,
        0.39855072463768115,
        0.33333333333333337,
        0.41666666666666663,
        0.2971014492753623,
        0.6557971014492754,
        0.32608695652173914,
        0.6570048309178744,
        0.6086956521739131,
        0.5217391304347826,
        0.35144927536231885,
        0.3739130434782608,
        0.357487922705314,
        0.4434782608695652,
        0.427536231884058,
        0.6231884057971014,
        0.42608695652173917,
        0.4724637681159421,
        0.41304347826086957,
        0.5543478260869565,
        0.4818840579710145,
        0.5217391304347826,
        0.37318840579710144,
        0.4521739130434782,
        0.3246376811594203,
        0.4927536231884059,
        0.4565217391304348,
        0.44637681159420295,
        0.35144927536231885,
        0.41159420289855075,
        0.3768115942028986,
        0.5942028985507246,
        0.6413043478260869,
        0.391304347826087,
        0.5942028985507246,
        0.6570048309178743,
        0.4057971014492754,
        0.31884057971014496,
        0.2753623188405797,
        0.5410628019323672,
        0.6014492753623188,
        0.46014492753623193,
        0.43478260869565216,
        0.4202898550724638,
        0.4734299516908213,
        0.5169082125603865,
        0.5072463768115942,
        0.4094202898550725,
        0.4963768115942029,
        0.37198067632850246,
        0.4311594202898551,
        0.35507246376811596,
        0.25120772946859904,
        0.572463768115942,
        0.41159420289855075,
        0.2246376811594203,
        0.5217391304347826,
        0.23188405797101452,
        0.35507246376811596,
        0.5797101449275363,
        0.4975845410628019,
        0.4057971014492754,
        0.36811594202898557,
        0.39710144927536234
    ],
    "GreedyAdditional":[
        0.5362318840579711,
        0.44927536231884063,
        0.4420289855072464,
        0.4879227053140096,
        0.4734299516908213,
        0.5072463768115942,
        0.5072463768115942,
        0.4396135265700483,
        0.6135265700483092,
        0.5362318840579711,
        0.3695652173913043,
        0.4818840579710145,
        0.2536231884057971,
        0.5072463768115942,
        0.518840579710145,
        0.3478260869565218,
        0.35144927536231885,
        0.532608695652174,
        0.6328502415458938,
        0.5507246376811594,
        0.42028985507246375,
        0.34782608695652173,
        0.39855072463768115,
        0.33333333333333337,
        0.41666666666666663,
        0.2971014492753623,
        0.6557971014492754,
        0.32608695652173914,
        0.6570048309178744,
        0.6086956521739131,
        0.5217391304347826,
        0.35144927536231885,
        0.3739130434782608,
        0.357487922705314,
        0.4434782608695652,
        0.427536231884058,
        0.6231884057971014,
        0.42608695652173917,
        0.4724637681159421,
        0.41304347826086957,
        0.5543478260869565,
        0.4818840579710145,
        0.5217391304347826,
        0.37318840579710144,
        0.4521739130434782,
        0.3246376811594203,
        0.4927536231884059,
        0.4565217391304348,
        0.44637681159420295,
        0.35144927536231885,
        0.41159420289855075,
        0.3768115942028986,
        0.5942028985507246,
        0.6413043478260869,
        0.391304347826087,
        0.5942028985507246,
        0.6570048309178743,
        0.4057971014492754,
        0.31884057971014496,
        0.2753623188405797,
        0.5410628019323672,
        0.6014492753623188,
        0.46014492753623193,
        0.43478260869565216,
        0.4202898550724638,
        0.4734299516908213,
        0.5169082125603865,
        0.5072463768115942,
        0.4094202898550725,
        0.4963768115942029,
        0.37198067632850246,
        0.4311594202898551,
        0.35507246376811596,
        0.25120772946859904,
        0.572463768115942,
        0.41159420289855075,
        0.2246376811594203,
        0.5217391304347826,
        0.23188405797101452,
        0.35507246376811596,
        0.5797101449275363,
        0.4975845410628019,
        0.4057971014492754,
        0.36811594202898557,
        0.39710144927536234
    ],
    "GreedyAdditionalSimilarity":[
        0.07729468599033816,
        0.18115942028985504,
        0.2608695652173913,
        0.20772946859903382,
        0.26570048309178745,
        0.028985507246376812,
        0.028985507246376812,
        0.21739130434782605,
        0.5845410628019324,
        0.024154589371980676,
        0.10144927536231885,
        0.02536231884057971,
        0.014492753623188406,
        0.5036231884057971,
        0.08985507246376812,
        0.014492753623188406,
        0.46014492753623193,
        0.4420289855072464,
        0.22705314009661834,
        0.25217391304347825,
        0.014492753623188406,
        0.024154589371980676,
        0.2101449275362319,
        0.014492753623188406,
        0.15579710144927536,
        0.018115942028985508,
        0.2826086956521739,
        0.021739130434782608,
        0.5410628019323672,
        0.043478260869565216,
        0.3695652173913043,
        0.13768115942028983,
        0.24637681159420294,
        0.01932367149758454,
        0.1855072463768116,
        0.30434782608695654,
        0.5471014492753623,
        0.17101449275362318,
        0.03188405797101449,
        0.2644927536231884,
        0.15942028985507245,
        0.12681159420289853,
        0.25724637681159424,
        0.16666666666666669,
        0.1507246376811594,
        0.19420289855072465,
        0.08405797101449275,
        0.31521739130434784,
        0.3014492753623188,
        0.2572463768115942,
        0.22318840579710142,
        0.024154589371980676,
        0.32608695652173914,
        0.5579710144927537,
        0.014492753623188406,
        0.3864734299516908,
        0.3526570048309179,
        0.014492753623188406,
        0.2101449275362319,
        0.33816425120772947,
        0.16425120772946858,
        0.2282608695652174,
        0.48550724637681164,
        0.2753623188405797,
        0.15942028985507248,
        0.13043478260869565,
        0.024154589371980676,
        0.49275362318840576,
        0.018115942028985508,
        0.3115942028985507,
        0.024154589371980676,
        0.2246376811594203,
        0.014492753623188406,
        0.3429951690821256,
        0.2753623188405797,
        0.2,
        0.3695652173913043,
        0.43115942028985504,
        0.014492753623188406,
        0.12681159420289856,
        0.3961352657004831,
        0.5169082125603864,
        0.014492753623188406,
        0.3043478260869565,
        0.20289855072463764
    ],