{
    "ARTMaxMin":[
        0.6376811594202899,
        0.4855072463768116,
        0.7065217391304348,
        0.6183574879227053,
        0.7681159420289855,
        0.6521739130434783,
        0.4318840579710145,
        0.6763285024154589,
        0.7294685990338164,
        0.5507246376811594,
        0.6014492753623188,
        0.7210144927536232,
        0.47101449275362317,
        0.6123188405797102,
        0.4579710144927537,
        0.714975845410628,
        0.536231884057971,
        0.7608695652173914,
        0.6376811594202899,
        0.6869565217391305,
        0.4492753623188406,
        0.4444444444444445,
        0.5289855072463768,
        0.3550724637681159,
        0.6594202898550725,
        0.5978260869565217,
        0.782608695652174,
        0.5217391304347826,
        0.7777777777777778,
        0.7608695652173914,
        0.7028985507246377,
        0.7391304347826088,
        0.7217391304347827,
        0.4975845410628019,
        0.6608695652173913,
        0.7282608695652174,
        0.8043478260869565,
        0.7043478260869565,
        0.6840579710144927,
        0.6847826086956522,
        0.6847826086956522,
        0.5833333333333333,
        0.6557971014492754,
        0.4746376811594203,
        0.6,
        0.5304347826086957,
        0.7188405797101449,
        0.6376811594202898,
        0.7565217391304347,
        0.6920289855072463,
        0.6782608695652175,
        0.7342995169082126,
        0.782608695652174,
        0.7572463768115941,
        0.6763285024154589,
        0.7198067632850241,
        0.7729468599033816,
        0.6956521739130435,
        0.7463768115942029,
        0.7294685990338164,
        0.7536231884057972,
        0.7753623188405797,
        0.7282608695652174,
        0.7101449275362319,
        0.6763285024154589,
        0.714975845410628,
        0.5507246376811594,
        0.5458937198067633,
        0.644927536231884,
        0.7572463768115942,
        0.5700483091787439,
        0.6666666666666666,
        0.38405797101449274,
        0.6859903381642511,
        0.5434782608695652,
        0.7391304347826088,
        0.6739130434782609,
        0.7391304347826086,
        0.6123188405797102,
        0.5942028985507246,
        0.7584541062801932,
        0.7246376811594203,
        0.6956521739130435,
        0.6028985507246377,
        0.5942028985507246
    ],
    "Genetic":[
        0.5507246376811594,
        0.6014492753623188,
        0.46014492753623193,
        0.7729468599033816,
        0.6908212560386473,
        0.4855072463768116,
        0.6144927536231883,
        0.5265700483091788,
        0.7294685990338164,
        0.33816425120772947,
        0.5978260869565217,
        0.4855072463768116,
        0.30434782608695654,
        0.7028985507246377,
        0.5594202898550724,
        0.3671497584541063,
        0.5507246376811594,
        0.7355072463768115,
        0.4975845410628019,
        0.6173913043478261,
        0.11594202898550725,
        0.36231884057971014,
        0.5434782608695652,
        0.3260869565217391,
        0.5217391304347826,
        0.5181159420289856,
        0.7355072463768115,
        0.4057971014492754,
        0.6956521739130436,
        0.6666666666666666,
        0.5471014492753623,
        0.7137681159420289,
        0.5217391304347826,
        0.30917874396135264,
        0.4115942028985507,
        0.677536231884058,
        0.7028985507246377,
        0.5623188405797102,
        0.5478260869565218,
        0.6123188405797101,
        0.6376811594202899,
        0.48550724637681164,
        0.5942028985507246,
        0.4818840579710145,
        0.553623188405797,
        0.44637681159420295,
        0.5217391304347826,
        0.427536231884058,
        0.744927536231884,
        0.605072463768116,
        0.42898550724637685,
        0.5217391304347826,
        0.6884057971014492,
        0.8514492753623188,
        0.41545893719806765,
        0.7101449275362318,
        0.6618357487922705,
        0.30434782608695654,
        0.6304347826086957,
        0.6763285024154589,
        0.8067632850241546,
        0.6195652173913043,
        0.6666666666666666,
        0.5144927536231885,
        0.48792270531400966,
        0.5120772946859903,
        0.4396135265700483,
        0.7004830917874396,
        0.4891304347826087,
        0.6231884057971014,
        0.5603864734299516,
        0.5217391304347826,
        0.15942028985507248,
        0.6280193236714976,
        0.536231884057971,
        0.7565217391304347,
        0.5434782608695652,
        0.6376811594202898,
        0.41304347826086957,
        0.5144927536231885,
        0.6666666666666666,
        0.7487922705314008,
        0.30434782608695654,
        0.5217391304347826,
        0.4608695652173913
    ],
    "GreedyAdditional":[
        0.8260869565217392,
        0.4782608695652174,
        0.5434782608695652,
        0.4589371980676329,
        0.6231884057971014,
        0.5072463768115942,
        0.5942028985507246,
        0.5700483091787439,
        0.7681159420289855,
        0.5024154589371981,
        0.7355072463768115,
        0.5978260869565218,
        0.463768115942029,
        0.7282608695652173,
        0.5739130434782609,
        0.5217391304347826,
        0.5471014492753623,
        0.6811594202898551,
        0.6473429951690822,
        0.6260869565217391,
        0.21739130434782608,
        0.2946859903381642,
        0.6739130434782609,
        0.5217391304347826,
        0.5905797101449275,
        0.8007246376811594,
        0.717391304347826,
        0.5144927536231885,
        0.7391304347826088,
        0.7101449275362319,
        0.6231884057971014,
        0.4528985507246377,
        0.6376811594202898,
        0.4154589371980677,
        0.5884057971014492,
        0.6050724637681159,
        0.8514492753623188,
        0.7855072463768116,
        0.6869565217391305,
        0.572463768115942,
        0.6304347826086957,
        0.532608695652174,
        0.7028985507246377,
        0.4311594202898551,
        0.7594202898550725,
        0.672463768115942,
        0.4231884057971015,
        0.6123188405797101,
        0.6434782608695653,
        0.5760869565217391,
        0.6492753623188406,
        0.31884057971014496,
        0.8659420289855072,
        0.9166666666666667,
        0.4444444444444445,
        0.5990338164251208,
        0.8743961352657005,
        0.30434782608695654,
        0.8405797101449275,
        0.5072463768115941,
        0.6763285024154589,
        0.5978260869565217,
        0.8115942028985508,
        0.6231884057971014,
        0.4734299516908213,
        0.6859903381642513,
        0.5797101449275363,
        0.5990338164251208,
        0.5072463768115942,
        0.7536231884057971,
        0.46859903381642515,
        0.4782608695652174,
        0.3115942028985507,
        0.7391304347826088,
        0.6594202898550725,
        0.6666666666666666,
        0.427536231884058,
        0.855072463768116,
        0.532608695652174,
        0.6775362318840581,
        0.6859903381642513,
        0.7439613526570049,
        0.30434782608695654,
        0.744927536231884,
        0.5768115942028985
    ],