{
    "ARTMaxMin":[
        0.6956521739130435,
        0.5942028985507246,
        0.6956521739130435,
        0.6183574879227053,
        0.7487922705314011,
        0.5797101449275363,
        0.42608695652173917,
        0.6328502415458938,
        0.7101449275362318,
        0.5072463768115942,
        0.5072463768115942,
        0.6630434782608695,
        0.5507246376811594,
        0.644927536231884,
        0.5942028985507246,
        0.4830917874396135,
        0.6195652173913042,
        0.8007246376811594,
        0.5652173913043478,
        0.6434782608695653,
        0.5797101449275363,
        0.7294685990338164,
        0.681159420289855,
        0.681159420289855,
        0.6195652173913043,
        0.3115942028985507,
        0.8586956521739131,
        0.681159420289855,
        0.7053140096618358,
        0.7246376811594203,
        0.7318840579710144,
        0.6231884057971014,
        0.7014492753623187,
        0.647342995169082,
        0.5739130434782609,
        0.7065217391304348,
        0.8152173913043479,
        0.6550724637681159,
        0.5536231884057972,
        0.605072463768116,
        0.6920289855072463,
        0.6304347826086957,
        0.6086956521739131,
        0.6594202898550724,
        0.5826086956521739,
        0.6057971014492753,
        0.6608695652173914,
        0.6702898550724639,
        0.7159420289855073,
        0.5905797101449275,
        0.6144927536231883,
        0.6666666666666666,
        0.6739130434782609,
        0.717391304347826,
        0.5845410628019324,
        0.7922705314009661,
        0.8019323671497585,
        0.6521739130434783,
        0.4492753623188406,
        0.6811594202898551,
        0.7053140096618358,
        0.7971014492753623,
        0.5797101449275361,
        0.7391304347826086,
        0.4927536231884058,
        0.6473429951690821,
        0.46859903381642515,
        0.6570048309178744,
        0.6086956521739131,
        0.5579710144927537,
        0.5700483091787439,
        0.7427536231884058,
        0.7826086956521738,
        0.6714975845410628,
        0.7536231884057971,
        0.6695652173913044,
        0.7246376811594203,
        0.782608695652174,
        0.5072463768115942,
        0.6159420289855072,
        0.6956521739130435,
        0.6618357487922705,
        0.6521739130434783,
        0.6173913043478262,
        0.6782608695652174
    ],
    "Genetic":[
        0.4734299516908213,
        0.3768115942028986,
        0.4492753623188406,
        0.5893719806763286,
        0.4975845410628019,
        0.37681159420289856,
        0.2985507246376812,
        0.42512077294685985,
        0.5507246376811593,
        0.4057971014492754,
        0.36231884057971014,
        0.5217391304347826,
        0.2318840579710145,
        0.5507246376811594,
        0.40869565217391307,
        0.3526570048309179,
        0.32971014492753625,
        0.4420289855072464,
        0.5072463768115942,
        0.4898550724637681,
        0.2753623188405797,
        0.3961352657004831,
        0.427536231884058,
        0.38405797101449274,
        0.4202898550724638,
        0.21739130434782608,
        0.6304347826086956,
        0.3695652173913044,
        0.6859903381642511,
        0.3913043478260869,
        0.5072463768115942,
        0.42028985507246375,
        0.336231884057971,
        0.33816425120772947,
        0.391304347826087,
        0.4492753623188406,
        0.5543478260869565,
        0.3942028985507246,
        0.41739130434782606,
        0.37681159420289856,
        0.5072463768115942,
        0.4202898550724638,
        0.4565217391304348,
        0.43478260869565216,
        0.3333333333333333,
        0.3159420289855072,
        0.5014492753623189,
        0.4130434782608695,
        0.49855072463768113,
        0.3695652173913043,
        0.4028985507246377,
        0.42512077294685996,
        0.46739130434782605,
        0.6557971014492754,
        0.3768115942028986,
        0.5024154589371982,
        0.5458937198067633,
        0.4057971014492754,
        0.32608695652173914,
        0.2753623188405797,
        0.5362318840579711,
        0.6739130434782609,
        0.536231884057971,
        0.47101449275362317,
        0.3285024154589372,
        0.4975845410628019,
        0.3961352657004831,
        0.41062801932367154,
        0.3442028985507246,
        0.5072463768115942,
        0.4734299516908213,
        0.42028985507246375,
        0.427536231884058,
        0.23671497584541065,
        0.44565217391304346,
        0.40869565217391307,
        0.20289855072463767,
        0.536231884057971,
        0.1956521739130435,
        0.36594202898550726,
        0.5893719806763286,
        0.463768115942029,
        0.4057971014492754,
        0.3391304347826087,
        0.35072463768115936
    ],
    "GreedyAdditional":[
        0.5362318840579711,
        0.44927536231884063,
        0.4420289855072464,
        0.4879227053140096,
        0.4734299516908213,
        0.5072463768115942,
        0.5072463768115942,
        0.4396135265700483,
        0.6135265700483092,
        0.5362318840579711,
        0.3695652173913043,
        0.4818840579710145,
        0.2536231884057971,
        0.5072463768115942,
        0.518840579710145,
        0.3478260869565218,
        0.35144927536231885,
        0.532608695652174,
        0.6328502415458938,
        0.5507246376811594,
        0.42028985507246375,
        0.34782608695652173,
        0.39855072463768115,
        0.33333333333333337,
        0.41666666666666663,
        0.2971014492753623,
        0.6557971014492754,
        0.32608695652173914,
        0.6570048309178744,
        0.6086956521739131,
        0.5217391304347826,
        0.35144927536231885,
        0.3739130434782608,
        0.357487922705314,
        0.4434782608695652,
        0.427536231884058,
        0.6231884057971014,
        0.42608695652173917,
        0.4724637681159421,
        0.41304347826086957,
        0.5543478260869565,
        0.4818840579710145,
        0.5217391304347826,
        0.37318840579710144,
        0.4521739130434782,
        0.3246376811594203,
        0.4927536231884059,
        0.4565217391304348,
        0.44637681159420295,
        0.35144927536231885,
        0.41159420289855075,
        0.3768115942028986,
        0.5942028985507246,
        0.6413043478260869,
        0.391304347826087,
        0.5942028985507246,
        0.6570048309178743,
        0.4057971014492754,
        0.31884057971014496,
        0.2753623188405797,
        0.5410628019323672,
        0.6014492753623188,
        0.46014492753623193,
        0.43478260869565216,
        0.4202898550724638,
        0.4734299516908213,
        0.5169082125603865,
        0.5072463768115942,
        0.4094202898550725,
        0.4963768115942029,
        0.37198067632850246,
        0.4311594202898551,
        0.35507246376811596,
        0.25120772946859904,
        0.572463768115942,
        0.41159420289855075,
        0.2246376811594203,
        0.5217391304347826,
        0.23188405797101452,
        0.35507246376811596,
        0.5797101449275363,
        0.4975845410628019,
        0.4057971014492754,
        0.36811594202898557,
        0.39710144927536234
    ],