{
    "ARTMaxMin":[
        0.5507246376811594,
        0.5869565217391304,
        0.6992753623188406,
        0.6618357487922706,
        0.7922705314009661,
        0.8188405797101449,
        0.3826086956521739,
        0.6908212560386473,
        0.7826086956521738,
        0.5507246376811594,
        0.644927536231884,
        0.6992753623188406,
        0.644927536231884,
        0.6992753623188406,
        0.5565217391304348,
        0.6666666666666666,
        0.6340579710144927,
        0.7608695652173912,
        0.6859903381642513,
        0.7362318840579709,
        0.6086956521739131,
        0.48792270531400966,
        0.6811594202898551,
        0.34782608695652173,
        0.6485507246376812,
        0.427536231884058,
        0.8043478260869565,
        0.6666666666666667,
        0.782608695652174,
        0.8985507246376812,
        0.7028985507246377,
        0.7101449275362319,
        0.6463768115942029,
        0.6473429951690822,
        0.7507246376811594,
        0.7789855072463767,
        0.786231884057971,
        0.7217391304347827,
        0.7217391304347827,
        0.7355072463768115,
        0.75,
        0.5724637681159419,
        0.7318840579710144,
        0.4710144927536232,
        0.5942028985507246,
        0.6405797101449275,
        0.744927536231884,
        0.717391304347826,
        0.7768115942028985,
        0.6594202898550725,
        0.6521739130434782,
        0.7439613526570049,
        0.7028985507246377,
        0.7753623188405796,
        0.6908212560386473,
        0.6473429951690821,
        0.8792270531400966,
        0.7391304347826086,
        0.6304347826086956,
        0.5990338164251208,
        0.8212560386473431,
        0.7934782608695652,
        0.7173913043478262,
        0.6666666666666667,
        0.7729468599033816,
        0.7198067632850241,
        0.5603864734299516,
        0.7487922705314011,
        0.6884057971014492,
        0.7282608695652173,
        0.6811594202898551,
        0.7463768115942029,
        0.42028985507246375,
        0.6328502415458938,
        0.6485507246376812,
        0.7623188405797101,
        0.4927536231884058,
        0.7028985507246377,
        0.5760869565217391,
        0.6666666666666667,
        0.7632850241545893,
        0.7101449275362318,
        0.7391304347826088,
        0.6202898550724637,
        0.7043478260869565
    ],
    "Genetic":[
        0.5555555555555556,
        0.5,
        0.44565217391304346,
        0.4975845410628019,
        0.4444444444444444,
        0.49275362318840576,
        0.5246376811594203,
        0.37198067632850246,
        0.642512077294686,
        0.49275362318840576,
        0.44202898550724634,
        0.44565217391304346,
        0.2536231884057971,
        0.4891304347826087,
        0.5101449275362319,
        0.4202898550724637,
        0.3804347826086956,
        0.5289855072463767,
        0.6135265700483091,
        0.5942028985507246,
        0.3333333333333333,
        0.30434782608695654,
        0.44202898550724634,
        0.2681159420289855,
        0.4311594202898551,
        0.44565217391304346,
        0.6557971014492753,
        0.3623188405797101,
        0.6376811594202899,
        0.6376811594202898,
        0.5434782608695652,
        0.30434782608695654,
        0.4318840579710145,
        0.35265700483091783,
        0.38260869565217387,
        0.536231884057971,
        0.6666666666666666,
        0.5072463768115941,
        0.42608695652173917,
        0.4420289855072464,
        0.5942028985507246,
        0.4601449275362319,
        0.5543478260869565,
        0.37681159420289856,
        0.4753623188405796,
        0.37391304347826093,
        0.4666666666666666,
        0.40579710144927533,
        0.4144927536231884,
        0.34782608695652173,
        0.4521739130434783,
        0.3333333333333333,
        0.6557971014492754,
        0.6268115942028986,
        0.31884057971014496,
        0.5845410628019324,
        0.6811594202898551,
        0.34782608695652173,
        0.5072463768115942,
        0.3236714975845411,
        0.5555555555555556,
        0.5978260869565217,
        0.5289855072463767,
        0.5217391304347826,
        0.42512077294685985,
        0.43478260869565216,
        0.5169082125603864,
        0.5362318840579711,
        0.36594202898550726,
        0.5471014492753623,
        0.36231884057971014,
        0.5326086956521738,
        0.3115942028985507,
        0.5893719806763285,
        0.5652173913043478,
        0.591304347826087,
        0.2608695652173913,
        0.605072463768116,
        0.3152173913043478,
        0.3333333333333333,
        0.5072463768115942,
        0.5314009661835749,
        0.34782608695652173,
        0.4434782608695652,
        0.43768115942028984
    ],
    "GreedyAdditional":[
        0.5362318840579711,
        0.44927536231884063,
        0.4420289855072464,
        0.4879227053140096,
        0.4734299516908213,
        0.5072463768115942,
        0.5072463768115942,
        0.4396135265700483,
        0.6135265700483092,
        0.5362318840579711,
        0.3695652173913043,
        0.4818840579710145,
        0.2536231884057971,
        0.5072463768115942,
        0.518840579710145,
        0.3478260869565218,
        0.35144927536231885,
        0.532608695652174,
        0.6328502415458938,
        0.5507246376811594,
        0.42028985507246375,
        0.34782608695652173,
        0.39855072463768115,
        0.33333333333333337,
        0.41666666666666663,
        0.2971014492753623,
        0.6557971014492754,
        0.32608695652173914,
        0.6570048309178744,
        0.6086956521739131,
        0.5217391304347826,
        0.35144927536231885,
        0.3739130434782608,
        0.357487922705314,
        0.4434782608695652,
        0.427536231884058,
        0.6231884057971014,
        0.42608695652173917,
        0.4724637681159421,
        0.41304347826086957,
        0.5543478260869565,
        0.4818840579710145,
        0.5217391304347826,
        0.37318840579710144,
        0.4521739130434782,
        0.3246376811594203,
        0.4927536231884059,
        0.4565217391304348,
        0.44637681159420295,
        0.35144927536231885,
        0.41159420289855075,
        0.3768115942028986,
        0.5942028985507246,
        0.6413043478260869,
        0.391304347826087,
        0.5942028985507246,
        0.6570048309178743,
        0.4057971014492754,
        0.31884057971014496,
        0.2753623188405797,
        0.5410628019323672,
        0.6014492753623188,
        0.46014492753623193,
        0.43478260869565216,
        0.4202898550724638,
        0.4734299516908213,
        0.5169082125603865,
        0.5072463768115942,
        0.4094202898550725,
        0.4963768115942029,
        0.37198067632850246,
        0.4311594202898551,
        0.35507246376811596,
        0.25120772946859904,
        0.572463768115942,
        0.41159420289855075,
        0.2246376811594203,
        0.5217391304347826,
        0.23188405797101452,
        0.35507246376811596,
        0.5797101449275363,
        0.4975845410628019,
        0.4057971014492754,
        0.36811594202898557,
        0.39710144927536234
    ],