{
    "AdditionalTotal":[
        0.5362318840579711,
        0.44927536231884063,
        0.4420289855072464,
        0.4879227053140096,
        0.4734299516908213,
        0.5072463768115942,
        0.5072463768115942,
        0.4396135265700483,
        0.6135265700483092,
        0.5362318840579711,
        0.3695652173913043,
        0.4818840579710145,
        0.2536231884057971,
        0.5072463768115942,
        0.518840579710145,
        0.3478260869565218,
        0.35144927536231885,
        0.532608695652174,
        0.6328502415458938,
        0.5507246376811594,
        0.42028985507246375,
        0.34782608695652173,
        0.39855072463768115,
        0.33333333333333337,
        0.41666666666666663,
        0.2971014492753623,
        0.6557971014492754,
        0.32608695652173914,
        0.6570048309178744,
        0.6086956521739131,
        0.5217391304347826,
        0.35144927536231885,
        0.3739130434782608,
        0.357487922705314,
        0.4434782608695652,
        0.427536231884058,
        0.6231884057971014,
        0.42608695652173917,
        0.4724637681159421,
        0.41304347826086957,
        0.5543478260869565,
        0.4818840579710145,
        0.5217391304347826,
        0.37318840579710144,
        0.4521739130434782,
        0.3246376811594203,
        0.4927536231884059,
        0.4565217391304348,
        0.44637681159420295,
        0.35144927536231885,
        0.41159420289855075,
        0.3768115942028986,
        0.5942028985507246,
        0.6413043478260869,
        0.391304347826087,
        0.5942028985507246,
        0.6570048309178743,
        0.4057971014492754,
        0.31884057971014496,
        0.2753623188405797,
        0.5410628019323672,
        0.6014492753623188,
        0.46014492753623193,
        0.43478260869565216,
        0.4202898550724638,
        0.4734299516908213,
        0.5169082125603865,
        0.5072463768115942,
        0.4094202898550725,
        0.4963768115942029,
        0.37198067632850246,
        0.4311594202898551,
        0.35507246376811596,
        0.25120772946859904,
        0.572463768115942,
        0.41159420289855075,
        0.2246376811594203,
        0.5217391304347826,
        0.23188405797101452,
        0.35507246376811596,
        0.5797101449275363,
        0.4975845410628019,
        0.4057971014492754,
        0.36811594202898557,
        0.39710144927536234
    ],
    "GreedyAdditional":[
        0.5362318840579711,
        0.44927536231884063,
        0.4420289855072464,
        0.4879227053140096,
        0.4734299516908213,
        0.5072463768115942,
        0.5072463768115942,
        0.4396135265700483,
        0.6135265700483092,
        0.5362318840579711,
        0.3695652173913043,
        0.4818840579710145,
        0.2536231884057971,
        0.5072463768115942,
        0.518840579710145,
        0.3478260869565218,
        0.35144927536231885,
        0.532608695652174,
        0.6328502415458938,
        0.5507246376811594,
        0.42028985507246375,
        0.34782608695652173,
        0.39855072463768115,
        0.33333333333333337,
        0.41666666666666663,
        0.2971014492753623,
        0.6557971014492754,
        0.32608695652173914,
        0.6570048309178744,
        0.6086956521739131,
        0.5217391304347826,
        0.35144927536231885,
        0.3739130434782608,
        0.357487922705314,
        0.4434782608695652,
        0.427536231884058,
        0.6231884057971014,
        0.42608695652173917,
        0.4724637681159421,
        0.41304347826086957,
        0.5543478260869565,
        0.4818840579710145,
        0.5217391304347826,
        0.37318840579710144,
        0.4521739130434782,
        0.3246376811594203,
        0.4927536231884059,
        0.4565217391304348,
        0.44637681159420295,
        0.35144927536231885,
        0.41159420289855075,
        0.3768115942028986,
        0.5942028985507246,
        0.6413043478260869,
        0.391304347826087,
        0.5942028985507246,
        0.6570048309178743,
        0.4057971014492754,
        0.31884057971014496,
        0.2753623188405797,
        0.5410628019323672,
        0.6014492753623188,
        0.46014492753623193,
        0.43478260869565216,
        0.4202898550724638,
        0.4734299516908213,
        0.5169082125603865,
        0.5072463768115942,
        0.4094202898550725,
        0.4963768115942029,
        0.37198067632850246,
        0.4311594202898551,
        0.35507246376811596,
        0.25120772946859904,
        0.572463768115942,
        0.41159420289855075,
        0.2246376811594203,
        0.5217391304347826,
        0.23188405797101452,
        0.35507246376811596,
        0.5797101449275363,
        0.4975845410628019,
        0.4057971014492754,
        0.36811594202898557,
        0.39710144927536234
    ],
    "GreedyAdditionalNew":[
        0.5120772946859903,
        0.4311594202898551,
        0.4927536231884058,
        0.5120772946859904,
        0.44927536231884063,
        0.37681159420289856,
        0.32753623188405795,
        0.36231884057971014,
        0.6038647342995169,
        0.5603864734299516,
        0.3804347826086957,
        0.4130434782608695,
        0.28260869565217395,
        0.5434782608695652,
        0.44927536231884063,
        0.4057971014492754,
        0.4311594202898551,
        0.6014492753623188,
        0.6763285024154589,
        0.5159420289855072,
        0.4057971014492754,
        0.3478260869565218,
        0.4057971014492754,
        0.13768115942028986,
        0.4492753623188406,
        0.19927536231884055,
        0.6086956521739131,
        0.30434782608695654,
        0.6956521739130435,
        0.33333333333333337,
        0.5,
        0.3115942028985507,
        0.5072463768115941,
        0.33816425120772947,
        0.4434782608695652,
        0.46739130434782605,
        0.5942028985507247,
        0.3942028985507246,
        0.28985507246376807,
        0.37681159420289856,
        0.46739130434782605,
        0.5,
        0.4782608695652174,
        0.3659420289855072,
        0.31304347826086953,
        0.35072463768115947,
        0.5478260869565218,
        0.5,
        0.5072463768115941,
        0.3115942028985508,
        0.4695652173913043,
        0.4444444444444445,
        0.46739130434782605,
        0.6413043478260869,
        0.3236714975845411,
        0.7439613526570047,
        0.5748792270531401,
        0.4782608695652174,
        0.3695652173913043,
        0.4734299516908213,
        0.45893719806763283,
        0.6268115942028986,
        0.5036231884057971,
        0.4492753623188406,
        0.35748792270531404,
        0.5314009661835749,
        0.5507246376811593,
        0.45893719806763283,
        0.34420289855072467,
        0.5471014492753623,
        0.2801932367149758,
        0.4492753623188406,
        0.3695652173913043,
        0.27536231884057966,
        0.3840579710144927,
        0.3652173913043478,
        0.6086956521739131,
        0.5579710144927537,
        0.37318840579710144,
        0.2753623188405797,
        0.6328502415458938,
        0.5120772946859904,
        0.47826086956521746,
        0.40869565217391307,
        0.35942028985507246
    ],