{
    "ARTMaxMin":[
        0.6183574879227053,
        0.6268115942028986,
        0.7536231884057971,
        0.6183574879227053,
        0.7777777777777777,
        0.6594202898550725,
        0.41159420289855075,
        0.6666666666666666,
        0.7101449275362319,
        0.5217391304347826,
        0.6884057971014493,
        0.7282608695652174,
        0.7101449275362319,
        0.6630434782608696,
        0.5913043478260869,
        0.7004830917874396,
        0.5615942028985508,
        0.6413043478260869,
        0.6280193236714976,
        0.7101449275362319,
        0.5507246376811594,
        0.7536231884057972,
        0.8115942028985508,
        0.7536231884057971,
        0.6992753623188407,
        0.5579710144927537,
        0.7898550724637681,
        0.8115942028985508,
        0.78743961352657,
        0.7826086956521738,
        0.7536231884057971,
        0.7318840579710145,
        0.6840579710144927,
        0.7246376811594203,
        0.6608695652173913,
        0.7934782608695652,
        0.8369565217391304,
        0.8028985507246376,
        0.6695652173913044,
        0.7137681159420289,
        0.7173913043478262,
        0.572463768115942,
        0.6847826086956522,
        0.6702898550724637,
        0.6115942028985508,
        0.7536231884057971,
        0.7188405797101449,
        0.6666666666666666,
        0.7623188405797101,
        0.7101449275362319,
        0.7101449275362319,
        0.7342995169082126,
        0.6376811594202899,
        0.7717391304347826,
        0.6666666666666666,
        0.6183574879227053,
        0.7777777777777778,
        0.6956521739130435,
        0.7318840579710145,
        0.6231884057971014,
        0.7777777777777778,
        0.8152173913043478,
        0.7391304347826088,
        0.8115942028985508,
        0.6714975845410628,
        0.7004830917874396,
        0.5072463768115942,
        0.5217391304347826,
        0.5615942028985508,
        0.7644927536231884,
        0.5265700483091788,
        0.7572463768115941,
        0.7971014492753623,
        0.7729468599033816,
        0.6884057971014493,
        0.7855072463768116,
        0.427536231884058,
        0.75,
        0.6159420289855073,
        0.7318840579710145,
        0.753623188405797,
        0.7681159420289855,
        0.6956521739130435,
        0.7101449275362318,
        0.7333333333333334
    ],
    "Genetic":[
        0.7198067632850241,
        0.5833333333333333,
        0.5217391304347826,
        0.6618357487922705,
        0.5748792270531401,
        0.43478260869565216,
        0.5478260869565217,
        0.48792270531400966,
        0.6908212560386473,
        0.3671497584541063,
        0.3840579710144928,
        0.45652173913043476,
        0.2898550724637681,
        0.8297101449275361,
        0.5507246376811595,
        0.2946859903381643,
        0.6014492753623188,
        0.6992753623188406,
        0.5700483091787439,
        0.6434782608695653,
        0.2028985507246377,
        0.16908212560386474,
        0.6231884057971014,
        0.13768115942028986,
        0.5144927536231885,
        0.43478260869565216,
        0.7608695652173912,
        0.463768115942029,
        0.6521739130434783,
        0.6376811594202898,
        0.6485507246376812,
        0.42391304347826086,
        0.6115942028985507,
        0.3768115942028986,
        0.4405797101449275,
        0.40942028985507245,
        0.8514492753623188,
        0.6289855072463768,
        0.43768115942028984,
        0.6485507246376812,
        0.6413043478260869,
        0.49275362318840576,
        0.6376811594202899,
        0.5072463768115942,
        0.6202898550724638,
        0.527536231884058,
        0.4028985507246377,
        0.5688405797101449,
        0.49565217391304345,
        0.5543478260869565,
        0.5681159420289855,
        0.25120772946859904,
        0.713768115942029,
        0.7463768115942029,
        0.24154589371980675,
        0.6859903381642513,
        0.7729468599033815,
        0.2318840579710145,
        0.6521739130434783,
        0.7198067632850241,
        0.608695652173913,
        0.6557971014492754,
        0.7898550724637681,
        0.6956521739130435,
        0.47826086956521735,
        0.4057971014492754,
        0.5990338164251208,
        0.7004830917874396,
        0.34782608695652173,
        0.5942028985507246,
        0.4734299516908212,
        0.4311594202898551,
        0.12318840579710146,
        0.5410628019323672,
        0.5471014492753623,
        0.5043478260869565,
        0.44202898550724634,
        0.8152173913043478,
        0.358695652173913,
        0.5144927536231884,
        0.6521739130434783,
        0.8647342995169082,
        0.2318840579710145,
        0.5565217391304348,
        0.5217391304347826
    ],
    "GreedyAdditional":[
        0.8260869565217392,
        0.4782608695652174,
        0.5434782608695652,
        0.4589371980676329,
        0.6231884057971014,
        0.5072463768115942,
        0.5942028985507246,
        0.5700483091787439,
        0.7681159420289855,
        0.5024154589371981,
        0.7355072463768115,
        0.5978260869565218,
        0.463768115942029,
        0.7282608695652173,
        0.5739130434782609,
        0.5217391304347826,
        0.5471014492753623,
        0.6811594202898551,
        0.6473429951690822,
        0.6260869565217391,
        0.21739130434782608,
        0.2946859903381642,
        0.6739130434782609,
        0.5217391304347826,
        0.5905797101449275,
        0.8007246376811594,
        0.717391304347826,
        0.5144927536231885,
        0.7391304347826088,
        0.7101449275362319,
        0.6231884057971014,
        0.4528985507246377,
        0.6376811594202898,
        0.4154589371980677,
        0.5884057971014492,
        0.6050724637681159,
        0.8514492753623188,
        0.7855072463768116,
        0.6869565217391305,
        0.572463768115942,
        0.6304347826086957,
        0.532608695652174,
        0.7028985507246377,
        0.4311594202898551,
        0.7594202898550725,
        0.672463768115942,
        0.4231884057971015,
        0.6123188405797101,
        0.6434782608695653,
        0.5760869565217391,
        0.6492753623188406,
        0.31884057971014496,
        0.8659420289855072,
        0.9166666666666667,
        0.4444444444444445,
        0.5990338164251208,
        0.8743961352657005,
        0.30434782608695654,
        0.8405797101449275,
        0.5072463768115941,
        0.6763285024154589,
        0.5978260869565217,
        0.8115942028985508,
        0.6231884057971014,
        0.4734299516908213,
        0.6859903381642513,
        0.5797101449275363,
        0.5990338164251208,
        0.5072463768115942,
        0.7536231884057971,
        0.46859903381642515,
        0.4782608695652174,
        0.3115942028985507,
        0.7391304347826088,
        0.6594202898550725,
        0.6666666666666666,
        0.427536231884058,
        0.855072463768116,
        0.532608695652174,
        0.6775362318840581,
        0.6859903381642513,
        0.7439613526570049,
        0.30434782608695654,
        0.744927536231884,
        0.5768115942028985
    ],