{
    "ARTMaxMin":[
        0.8792270531400966,
        0.6847826086956522,
        0.7318840579710144,
        0.6231884057971014,
        0.8019323671497585,
        0.8478260869565217,
        0.7797101449275362,
        0.6908212560386474,
        0.8357487922705314,
        0.5024154589371981,
        0.6086956521739131,
        0.7137681159420289,
        0.7391304347826086,
        0.6847826086956521,
        0.5304347826086956,
        0.5845410628019324,
        0.6630434782608695,
        0.8623188405797101,
        0.5652173913043478,
        0.8028985507246377,
        0.5362318840579711,
        0.48792270531400966,
        0.8043478260869565,
        0.3695652173913043,
        0.7028985507246376,
        0.5760869565217391,
        0.7898550724637682,
        0.7971014492753623,
        0.7584541062801932,
        0.9855072463768116,
        0.7536231884057971,
        0.7608695652173912,
        0.8,
        0.7101449275362319,
        0.7449275362318841,
        0.75,
        0.8623188405797102,
        0.7565217391304349,
        0.7536231884057971,
        0.8260869565217391,
        0.8007246376811594,
        0.7789855072463768,
        0.7934782608695652,
        0.5543478260869565,
        0.8115942028985508,
        0.7710144927536231,
        0.736231884057971,
        0.6811594202898551,
        0.7913043478260869,
        0.7427536231884058,
        0.7246376811594202,
        0.7536231884057972,
        0.8623188405797101,
        0.7789855072463768,
        0.6908212560386474,
        0.6231884057971014,
        0.927536231884058,
        0.7101449275362319,
        0.5434782608695652,
        0.7922705314009661,
        0.8888888888888888,
        0.7971014492753623,
        0.6521739130434783,
        0.7971014492753623,
        0.8115942028985508,
        0.6956521739130435,
        0.5410628019323672,
        0.6086956521739131,
        0.6086956521739131,
        0.6630434782608696,
        0.7004830917874396,
        0.7065217391304348,
        0.39855072463768115,
        0.7246376811594203,
        0.7391304347826088,
        0.8144927536231885,
        0.6521739130434783,
        0.7318840579710144,
        0.644927536231884,
        0.7391304347826088,
        0.7729468599033816,
        0.7922705314009661,
        0.7101449275362319,
        0.7246376811594203,
        0.8115942028985506
    ],
    "Genetic":[
        0.5990338164251208,
        0.47101449275362317,
        0.4782608695652174,
        0.7004830917874396,
        0.7681159420289855,
        0.39855072463768115,
        0.4782608695652174,
        0.6038647342995169,
        0.714975845410628,
        0.43478260869565216,
        0.6739130434782609,
        0.5253623188405797,
        0.3695652173913043,
        0.8442028985507245,
        0.553623188405797,
        0.3091787439613527,
        0.6050724637681159,
        0.6666666666666667,
        0.5603864734299517,
        0.5681159420289855,
        0.17391304347826086,
        0.3429951690821256,
        0.5579710144927537,
        0.46376811594202894,
        0.5471014492753623,
        0.46739130434782605,
        0.7101449275362319,
        0.39855072463768115,
        0.6521739130434782,
        0.5362318840579711,
        0.48188405797101447,
        0.6666666666666666,
        0.4782608695652174,
        0.32367149758454106,
        0.3101449275362319,
        0.5942028985507246,
        0.7101449275362319,
        0.591304347826087,
        0.6202898550724637,
        0.5760869565217391,
        0.5760869565217391,
        0.41304347826086957,
        0.5507246376811593,
        0.4746376811594203,
        0.5826086956521739,
        0.5101449275362319,
        0.4811594202898551,
        0.38768115942028986,
        0.7478260869565218,
        0.6340579710144927,
        0.4811594202898551,
        0.4057971014492754,
        0.6195652173913043,
        0.8659420289855073,
        0.429951690821256,
        0.5797101449275363,
        0.7439613526570049,
        0.2608695652173913,
        0.4420289855072464,
        0.5845410628019323,
        0.6666666666666666,
        0.5398550724637681,
        0.7246376811594202,
        0.44202898550724634,
        0.31884057971014496,
        0.6473429951690821,
        0.42512077294685996,
        0.714975845410628,
        0.3804347826086957,
        0.605072463768116,
        0.4927536231884058,
        0.48913043478260865,
        0.21014492753623187,
        0.5748792270531401,
        0.5,
        0.5652173913043479,
        0.4492753623188406,
        0.6521739130434783,
        0.34782608695652173,
        0.47463768115942023,
        0.6763285024154589,
        0.7826086956521738,
        0.2608695652173913,
        0.5507246376811594,
        0.43188405797101453
    ],
    "GreedyAdditional":[
        0.8260869565217392,
        0.4782608695652174,
        0.5434782608695652,
        0.4589371980676329,
        0.6231884057971014,
        0.5072463768115942,
        0.5942028985507246,
        0.5700483091787439,
        0.7681159420289855,
        0.5024154589371981,
        0.7355072463768115,
        0.5978260869565218,
        0.463768115942029,
        0.7282608695652173,
        0.5739130434782609,
        0.5217391304347826,
        0.5471014492753623,
        0.6811594202898551,
        0.6473429951690822,
        0.6260869565217391,
        0.21739130434782608,
        0.2946859903381642,
        0.6739130434782609,
        0.5217391304347826,
        0.5905797101449275,
        0.8007246376811594,
        0.717391304347826,
        0.5144927536231885,
        0.7391304347826088,
        0.7101449275362319,
        0.6231884057971014,
        0.4528985507246377,
        0.6376811594202898,
        0.4154589371980677,
        0.5884057971014492,
        0.6050724637681159,
        0.8514492753623188,
        0.7855072463768116,
        0.6869565217391305,
        0.572463768115942,
        0.6304347826086957,
        0.532608695652174,
        0.7028985507246377,
        0.4311594202898551,
        0.7594202898550725,
        0.672463768115942,
        0.4231884057971015,
        0.6123188405797101,
        0.6434782608695653,
        0.5760869565217391,
        0.6492753623188406,
        0.31884057971014496,
        0.8659420289855072,
        0.9166666666666667,
        0.4444444444444445,
        0.5990338164251208,
        0.8743961352657005,
        0.30434782608695654,
        0.8405797101449275,
        0.5072463768115941,
        0.6763285024154589,
        0.5978260869565217,
        0.8115942028985508,
        0.6231884057971014,
        0.4734299516908213,
        0.6859903381642513,
        0.5797101449275363,
        0.5990338164251208,
        0.5072463768115942,
        0.7536231884057971,
        0.46859903381642515,
        0.4782608695652174,
        0.3115942028985507,
        0.7391304347826088,
        0.6594202898550725,
        0.6666666666666666,
        0.427536231884058,
        0.855072463768116,
        0.532608695652174,
        0.6775362318840581,
        0.6859903381642513,
        0.7439613526570049,
        0.30434782608695654,
        0.744927536231884,
        0.5768115942028985
    ],