{
    "AdditionalTotal":[
        0.7244444444444446,
        0.4033333333333333,
        0.5866666666666667,
        0.32888888888888895,
        0.6000000000000001,
        0.5866666666666667,
        0.4293333333333334,
        0.5377777777777778,
        0.7777777777777778,
        0.5688888888888889,
        0.51,
        0.5833333333333334,
        0.4666666666666667,
        0.5333333333333334,
        0.4373333333333333,
        0.6666666666666666,
        0.6566666666666667,
        0.5966666666666667,
        0.5422222222222222,
        0.5466666666666666,
        0.7733333333333333,
        0.4577777777777778,
        0.5066666666666667,
        0.3866666666666667,
        0.5966666666666667,
        0.6366666666666667,
        0.5700000000000001,
        0.44666666666666666,
        0.7688888888888888,
        0.5733333333333334,
        0.6533333333333333,
        0.3433333333333334,
        0.5866666666666667,
        0.5555555555555555,
        0.5626666666666666,
        0.64,
        0.71,
        0.6293333333333333,
        0.5493333333333333,
        0.4966666666666666,
        0.5066666666666667,
        0.66,
        0.6633333333333333,
        0.49,
        0.5866666666666667,
        0.5413333333333333,
        0.5253333333333333,
        0.7633333333333333,
        0.5840000000000002,
        0.4466666666666666,
        0.6453333333333334,
        0.4666666666666666,
        0.63,
        0.7933333333333333,
        0.5244444444444444,
        0.46222222222222226,
        0.7288888888888888,
        0.6,
        0.7,
        0.3733333333333333,
        0.5333333333333333,
        0.6766666666666667,
        0.7666666666666667,
        0.5866666666666667,
        0.4444444444444444,
        0.6755555555555555,
        0.5688888888888889,
        0.5155555555555555,
        0.48,
        0.7333333333333334,
        0.39999999999999997,
        0.6933333333333334,
        0.5,
        0.6622222222222223,
        0.53,
        0.5813333333333334,
        0.5800000000000001,
        0.7433333333333334,
        0.51,
        0.52,
        0.7022222222222222,
        0.7066666666666667,
        0.6,
        0.6533333333333333,
        0.536
    ],
    "GreedyAdditional":[
        0.33816425120772947,
        0.4601449275362318,
        0.463768115942029,
        0.3768115942028985,
        0.48792270531400966,
        0.3115942028985507,
        0.23768115942028983,
        0.4444444444444444,
        0.6811594202898551,
        0.3671497584541063,
        0.33695652173913043,
        0.32608695652173914,
        0.2318840579710145,
        0.6340579710144927,
        0.3652173913043478,
        0.2560386473429952,
        0.5,
        0.5905797101449275,
        0.4106280193236715,
        0.5014492753623188,
        0.028985507246376812,
        0.32367149758454106,
        0.3188405797101449,
        0.26811594202898553,
        0.34782608695652173,
        0.18115942028985507,
        0.5398550724637681,
        0.2971014492753623,
        0.5893719806763286,
        0.39855072463768115,
        0.5108695652173914,
        0.45289855072463764,
        0.3652173913043478,
        0.20772946859903382,
        0.3478260869565218,
        0.5471014492753623,
        0.6666666666666667,
        0.42028985507246375,
        0.2840579710144927,
        0.41304347826086957,
        0.37318840579710144,
        0.3586956521739131,
        0.4166666666666667,
        0.3840579710144928,
        0.32463768115942027,
        0.30144927536231886,
        0.44637681159420295,
        0.39492753623188404,
        0.6492753623188406,
        0.3913043478260869,
        0.34492753623188405,
        0.41545893719806765,
        0.2427536231884058,
        0.6702898550724639,
        0.28019323671497587,
        0.608695652173913,
        0.4396135265700483,
        0.30434782608695654,
        0.2536231884057971,
        0.4202898550724637,
        0.48309178743961345,
        0.46739130434782605,
        0.5289855072463768,
        0.41304347826086957,
        0.3140096618357488,
        0.4396135265700483,
        0.2705314009661836,
        0.4589371980676329,
        0.2282608695652174,
        0.4492753623188406,
        0.31884057971014496,
        0.38768115942028986,
        0.30434782608695654,
        0.42512077294685985,
        0.34420289855072467,
        0.463768115942029,
        0.5072463768115942,
        0.5869565217391305,
        0.213768115942029,
        0.28260869565217395,
        0.5652173913043478,
        0.5217391304347826,
        0.30434782608695654,
        0.4405797101449275,
        0.35942028985507246
    ],
    "GreedyAdditionalNew":[
        0.3671497584541063,
        0.47463768115942023,
        0.5181159420289855,
        0.36231884057971014,
        0.5314009661835749,
        0.3695652173913043,
        0.24057971014492754,
        0.4734299516908213,
        0.6859903381642511,
        0.3961352657004831,
        0.391304347826087,
        0.33333333333333337,
        0.2971014492753623,
        0.644927536231884,
        0.4144927536231885,
        0.32850241545893716,
        0.5181159420289856,
        0.641304347826087,
        0.3864734299516908,
        0.553623188405797,
        0.4927536231884058,
        0.5072463768115942,
        0.31884057971014496,
        0.28260869565217395,
        0.5072463768115942,
        0.21739130434782608,
        0.5398550724637681,
        0.2971014492753623,
        0.6473429951690821,
        0.4420289855072464,
        0.5217391304347826,
        0.4746376811594203,
        0.43478260869565216,
        0.36231884057971014,
        0.4028985507246377,
        0.5688405797101449,
        0.7101449275362319,
        0.4811594202898551,
        0.3101449275362319,
        0.4673913043478261,
        0.3876811594202898,
        0.391304347826087,
        0.4746376811594203,
        0.34057971014492755,
        0.3478260869565218,
        0.34492753623188405,
        0.49565217391304345,
        0.5471014492753623,
        0.6898550724637681,
        0.42391304347826086,
        0.41159420289855075,
        0.463768115942029,
        0.42028985507246375,
        0.7391304347826086,
        0.3091787439613527,
        0.642512077294686,
        0.4830917874396136,
        0.36231884057971014,
        0.33333333333333337,
        0.4879227053140096,
        0.49275362318840576,
        0.4565217391304348,
        0.5905797101449275,
        0.41304347826086957,
        0.41545893719806765,
        0.4975845410628019,
        0.34299516908212563,
        0.4541062801932368,
        0.23550724637681159,
        0.5289855072463768,
        0.33816425120772947,
        0.5144927536231884,
        0.36231884057971014,
        0.4975845410628019,
        0.4492753623188406,
        0.49855072463768113,
        0.5217391304347826,
        0.6159420289855073,
        0.2971014492753623,
        0.2898550724637681,
        0.6473429951690821,
        0.5652173913043478,
        0.36231884057971014,
        0.49855072463768124,
        0.391304347826087
    ],