{
    "ARTMaxMin":[
        0.5893719806763285,
        0.42391304347826086,
        0.6666666666666667,
        0.5845410628019324,
        0.6811594202898551,
        0.5942028985507246,
        0.327536231884058,
        0.608695652173913,
        0.7342995169082126,
        0.753623188405797,
        0.6086956521739131,
        0.6376811594202898,
        0.5797101449275363,
        0.6992753623188406,
        0.4579710144927536,
        0.7004830917874396,
        0.6376811594202898,
        0.7536231884057971,
        0.5507246376811593,
        0.5768115942028986,
        0.36231884057971014,
        0.36231884057971014,
        0.5942028985507246,
        0.2608695652173913,
        0.4891304347826087,
        0.391304347826087,
        0.7028985507246377,
        0.5797101449275363,
        0.8115942028985508,
        0.41304347826086957,
        0.7065217391304348,
        0.4963768115942029,
        0.6550724637681159,
        0.5072463768115942,
        0.5768115942028985,
        0.8079710144927537,
        0.6557971014492754,
        0.5652173913043479,
        0.5101449275362319,
        0.536231884057971,
        0.5942028985507246,
        0.6992753623188406,
        0.6268115942028986,
        0.6340579710144928,
        0.42028985507246375,
        0.5768115942028985,
        0.7333333333333333,
        0.713768115942029,
        0.7565217391304349,
        0.4963768115942029,
        0.6376811594202898,
        0.6763285024154589,
        0.7210144927536232,
        0.8260869565217391,
        0.608695652173913,
        0.7198067632850241,
        0.6763285024154589,
        0.7971014492753623,
        0.6521739130434783,
        0.6135265700483092,
        0.5845410628019324,
        0.8333333333333334,
        0.7318840579710145,
        0.6159420289855072,
        0.5652173913043478,
        0.7777777777777778,
        0.5217391304347826,
        0.5845410628019324,
        0.5978260869565217,
        0.7572463768115942,
        0.5990338164251208,
        0.7355072463768116,
        0.5434782608695652,
        0.6714975845410628,
        0.48913043478260876,
        0.6347826086956523,
        0.8695652173913044,
        0.7862318840579711,
        0.6376811594202899,
        0.5471014492753623,
        0.8309178743961353,
        0.6231884057971014,
        0.7971014492753623,
        0.6289855072463768,
        0.5565217391304348
    ],
    "Genetic":[
        0.3913043478260869,
        0.5289855072463768,
        0.673913043478261,
        0.5603864734299516,
        0.6425120772946861,
        0.6086956521739131,
        0.42898550724637674,
        0.7246376811594203,
        0.7729468599033816,
        0.43478260869565216,
        0.4239130434782609,
        0.5652173913043479,
        0.39855072463768115,
        0.7753623188405797,
        0.49565217391304345,
        0.5555555555555556,
        0.7536231884057971,
        0.644927536231884,
        0.4975845410628019,
        0.7159420289855072,
        0.014492753623188406,
        0.3671497584541063,
        0.39855072463768115,
        0.4057971014492754,
        0.46376811594202894,
        0.3586956521739131,
        0.6811594202898551,
        0.34782608695652173,
        0.8019323671497585,
        0.5072463768115942,
        0.6992753623188406,
        0.7717391304347826,
        0.5246376811594203,
        0.2367149758454106,
        0.6144927536231884,
        0.7028985507246377,
        0.7427536231884058,
        0.4405797101449275,
        0.6289855072463768,
        0.6811594202898551,
        0.5978260869565217,
        0.6159420289855073,
        0.6376811594202899,
        0.568840579710145,
        0.48405797101449277,
        0.4434782608695652,
        0.7884057971014493,
        0.5724637681159421,
        0.8434782608695652,
        0.7065217391304348,
        0.6,
        0.7681159420289855,
        0.4927536231884058,
        0.7789855072463768,
        0.6763285024154589,
        0.48792270531400966,
        0.5748792270531401,
        0.7101449275362319,
        0.4782608695652174,
        0.5555555555555555,
        0.7004830917874396,
        0.6847826086956522,
        0.6557971014492754,
        0.6159420289855073,
        0.5410628019323672,
        0.5845410628019324,
        0.41062801932367154,
        0.4830917874396135,
        0.5615942028985508,
        0.6920289855072465,
        0.4589371980676329,
        0.5507246376811594,
        0.4565217391304348,
        0.5458937198067633,
        0.4565217391304348,
        0.6057971014492753,
        0.49275362318840576,
        0.6666666666666667,
        0.3007246376811594,
        0.5036231884057971,
        0.8405797101449276,
        0.7294685990338164,
        0.7101449275362319,
        0.5971014492753624,
        0.5072463768115942
    ],
    "GreedyAdditional":[
        0.33816425120772947,
        0.4601449275362318,
        0.463768115942029,
        0.3768115942028985,
        0.48792270531400966,
        0.3115942028985507,
        0.23768115942028983,
        0.4444444444444444,
        0.6811594202898551,
        0.3671497584541063,
        0.33695652173913043,
        0.32608695652173914,
        0.2318840579710145,
        0.6340579710144927,
        0.3652173913043478,
        0.2560386473429952,
        0.5,
        0.5905797101449275,
        0.4106280193236715,
        0.5014492753623188,
        0.028985507246376812,
        0.32367149758454106,
        0.3188405797101449,
        0.26811594202898553,
        0.34782608695652173,
        0.18115942028985507,
        0.5398550724637681,
        0.2971014492753623,
        0.5893719806763286,
        0.39855072463768115,
        0.5108695652173914,
        0.45289855072463764,
        0.3652173913043478,
        0.20772946859903382,
        0.3478260869565218,
        0.5471014492753623,
        0.6666666666666667,
        0.42028985507246375,
        0.2840579710144927,
        0.41304347826086957,
        0.37318840579710144,
        0.3586956521739131,
        0.4166666666666667,
        0.3840579710144928,
        0.32463768115942027,
        0.30144927536231886,
        0.44637681159420295,
        0.39492753623188404,
        0.6492753623188406,
        0.3913043478260869,
        0.34492753623188405,
        0.41545893719806765,
        0.2427536231884058,
        0.6702898550724639,
        0.28019323671497587,
        0.608695652173913,
        0.4396135265700483,
        0.30434782608695654,
        0.2536231884057971,
        0.4202898550724637,
        0.48309178743961345,
        0.46739130434782605,
        0.5289855072463768,
        0.41304347826086957,
        0.3140096618357488,
        0.4396135265700483,
        0.2705314009661836,
        0.4589371980676329,
        0.2282608695652174,
        0.4492753623188406,
        0.31884057971014496,
        0.38768115942028986,
        0.30434782608695654,
        0.42512077294685985,
        0.34420289855072467,
        0.463768115942029,
        0.5072463768115942,
        0.5869565217391305,
        0.213768115942029,
        0.28260869565217395,
        0.5652173913043478,
        0.5217391304347826,
        0.30434782608695654,
        0.4405797101449275,
        0.35942028985507246
    ],