{
    "ARTMaxMin":[
        0.4202898550724638,
        0.5615942028985507,
        0.6992753623188407,
        0.5555555555555555,
        0.7294685990338164,
        0.7173913043478262,
        0.22608695652173916,
        0.6038647342995168,
        0.7971014492753623,
        0.42512077294685985,
        0.4601449275362319,
        0.4891304347826087,
        0.5434782608695652,
        0.5724637681159421,
        0.4666666666666667,
        0.5362318840579711,
        0.6268115942028984,
        0.7681159420289855,
        0.5362318840579711,
        0.6956521739130436,
        0.11594202898550725,
        0.2705314009661836,
        0.5434782608695652,
        0.15217391304347827,
        0.4492753623188406,
        0.13405797101449277,
        0.7318840579710146,
        0.41304347826086957,
        0.7632850241545895,
        0.6811594202898551,
        0.6666666666666667,
        0.5579710144927537,
        0.6521739130434783,
        0.3140096618357488,
        0.681159420289855,
        0.7463768115942029,
        0.7717391304347827,
        0.5246376811594203,
        0.536231884057971,
        0.6594202898550725,
        0.6014492753623188,
        0.6231884057971016,
        0.7246376811594204,
        0.5724637681159421,
        0.42028985507246375,
        0.5565217391304348,
        0.727536231884058,
        0.644927536231884,
        0.7623188405797101,
        0.5471014492753623,
        0.6289855072463768,
        0.7101449275362318,
        0.5398550724637681,
        0.8152173913043478,
        0.5797101449275363,
        0.6135265700483092,
        0.7439613526570049,
        0.7536231884057971,
        0.427536231884058,
        0.6231884057971014,
        0.6956521739130435,
        0.7210144927536233,
        0.6123188405797102,
        0.5362318840579711,
        0.6425120772946861,
        0.6618357487922705,
        0.46859903381642515,
        0.6376811594202899,
        0.5507246376811594,
        0.6413043478260869,
        0.7342995169082126,
        0.6304347826086957,
        0.41304347826086957,
        0.5314009661835749,
        0.5253623188405797,
        0.5855072463768115,
        0.6956521739130435,
        0.644927536231884,
        0.46376811594202894,
        0.4818840579710145,
        0.8164251207729469,
        0.6376811594202899,
        0.7536231884057972,
        0.5304347826086957,
        0.5681159420289854
    ],
    "Genetic":[
        0.6714975845410628,
        0.6231884057971014,
        0.7391304347826088,
        0.5265700483091788,
        0.7971014492753623,
        0.8043478260869565,
        0.6347826086956522,
        0.6183574879227053,
        0.8550724637681159,
        0.41545893719806765,
        0.35144927536231885,
        0.5108695652173914,
        0.43478260869565216,
        0.5869565217391305,
        0.455072463768116,
        0.5603864734299516,
        0.7210144927536233,
        0.786231884057971,
        0.463768115942029,
        0.846376811594203,
        0.2028985507246377,
        0.3671497584541063,
        0.43478260869565216,
        0.17391304347826086,
        0.5797101449275363,
        0.3333333333333333,
        0.7028985507246377,
        0.40579710144927533,
        0.8067632850241546,
        0.855072463768116,
        0.8297101449275361,
        0.6376811594202898,
        0.8057971014492754,
        0.33816425120772947,
        0.6434782608695653,
        0.7971014492753623,
        0.9202898550724637,
        0.5826086956521739,
        0.5681159420289854,
        0.8405797101449275,
        0.7137681159420289,
        0.7536231884057971,
        0.8333333333333333,
        0.5543478260869565,
        0.655072463768116,
        0.544927536231884,
        0.7652173913043478,
        0.6702898550724637,
        0.8173913043478261,
        0.6847826086956522,
        0.7623188405797101,
        0.7632850241545895,
        0.4746376811594203,
        0.822463768115942,
        0.5797101449275363,
        0.4975845410628019,
        0.8647342995169082,
        0.7536231884057971,
        0.463768115942029,
        0.7294685990338164,
        0.8019323671497585,
        0.7391304347826086,
        0.7173913043478262,
        0.8333333333333333,
        0.7971014492753623,
        0.6328502415458938,
        0.43478260869565216,
        0.6231884057971014,
        0.49275362318840576,
        0.6485507246376812,
        0.5845410628019324,
        0.6521739130434783,
        0.43478260869565216,
        0.6763285024154589,
        0.5869565217391305,
        0.6927536231884058,
        0.5797101449275363,
        0.6666666666666667,
        0.3695652173913043,
        0.4492753623188406,
        0.7729468599033816,
        0.8357487922705314,
        0.7536231884057972,
        0.6057971014492753,
        0.6956521739130435
    ],
    "GreedyAdditional":[
        0.33816425120772947,
        0.4601449275362318,
        0.463768115942029,
        0.3768115942028985,
        0.48792270531400966,
        0.3115942028985507,
        0.23768115942028983,
        0.4444444444444444,
        0.6811594202898551,
        0.3671497584541063,
        0.33695652173913043,
        0.32608695652173914,
        0.2318840579710145,
        0.6340579710144927,
        0.3652173913043478,
        0.2560386473429952,
        0.5,
        0.5905797101449275,
        0.4106280193236715,
        0.5014492753623188,
        0.028985507246376812,
        0.32367149758454106,
        0.3188405797101449,
        0.26811594202898553,
        0.34782608695652173,
        0.18115942028985507,
        0.5398550724637681,
        0.2971014492753623,
        0.5893719806763286,
        0.39855072463768115,
        0.5108695652173914,
        0.45289855072463764,
        0.3652173913043478,
        0.20772946859903382,
        0.3478260869565218,
        0.5471014492753623,
        0.6666666666666667,
        0.42028985507246375,
        0.2840579710144927,
        0.41304347826086957,
        0.37318840579710144,
        0.3586956521739131,
        0.4166666666666667,
        0.3840579710144928,
        0.32463768115942027,
        0.30144927536231886,
        0.44637681159420295,
        0.39492753623188404,
        0.6492753623188406,
        0.3913043478260869,
        0.34492753623188405,
        0.41545893719806765,
        0.2427536231884058,
        0.6702898550724639,
        0.28019323671497587,
        0.608695652173913,
        0.4396135265700483,
        0.30434782608695654,
        0.2536231884057971,
        0.4202898550724637,
        0.48309178743961345,
        0.46739130434782605,
        0.5289855072463768,
        0.41304347826086957,
        0.3140096618357488,
        0.4396135265700483,
        0.2705314009661836,
        0.4589371980676329,
        0.2282608695652174,
        0.4492753623188406,
        0.31884057971014496,
        0.38768115942028986,
        0.30434782608695654,
        0.42512077294685985,
        0.34420289855072467,
        0.463768115942029,
        0.5072463768115942,
        0.5869565217391305,
        0.213768115942029,
        0.28260869565217395,
        0.5652173913043478,
        0.5217391304347826,
        0.30434782608695654,
        0.4405797101449275,
        0.35942028985507246
    ],