{
    "AdditionalTotal":[
        0.9263888888888889,
        0.9463888888888888,
        0.9547222222222222,
        0.9241666666666667,
        0.9163888888888889,
        0.9691666666666666,
        0.9519444444444445,
        0.8686111111111111,
        0.8919444444444444,
        0.8886111111111111,
        0.9497222222222222,
        0.9208333333333333,
        0.8636111111111111,
        0.9463888888888888,
        0.9052777777777777,
        0.9608333333333333,
        0.9508333333333333,
        0.9536111111111111,
        0.9375,
        0.9213888888888889,
        0.9486111111111111,
        0.9108333333333334,
        0.8713888888888889,
        0.8769444444444444,
        0.8819444444444444,
        0.9525,
        0.9069444444444444,
        0.9569444444444445,
        0.9247222222222222,
        0.9508333333333333,
        0.9086111111111111,
        0.9652777777777778,
        0.9652777777777778,
        0.9208333333333333,
        0.9419444444444445,
        0.9536111111111111,
        0.9236111111111112,
        0.9458333333333333,
        0.9069444444444444,
        0.9219444444444445,
        0.9675,
        0.9486111111111111,
        0.8752777777777778,
        0.9063888888888889,
        0.9036111111111111,
        0.9680555555555556,
        0.9480555555555555,
        0.9302777777777778,
        0.9225,
        0.9497222222222222,
        0.8786111111111111,
        0.9136111111111112,
        0.9258333333333333,
        0.8691666666666666,
        0.9519444444444445,
        0.9247222222222222,
        0.8619444444444444,
        0.9402777777777778,
        0.9613888888888888,
        0.9497222222222222,
        0.9163888888888889,
        0.9647222222222223,
        0.9225,
        0.9197222222222222,
        0.9519444444444445,
        0.9591666666666666,
        0.9180555555555555,
        0.9486111111111111,
        0.8869444444444444,
        0.9375,
        0.9686111111111111,
        0.9563888888888888,
        0.9652777777777778,
        0.9175,
        0.8913888888888889,
        0.8863888888888889,
        0.9486111111111111,
        0.8847222222222222,
        0.9252777777777778,
        0.9669444444444444,
        0.9341666666666667,
        0.9613888888888888
    ],
    "GreedyAdditional":[
        0.8517241379310345,
        0.7942528735632184,
        0.9528735632183909,
        0.8632183908045977,
        0.8287356321839081,
        0.9367816091954023,
        0.9321839080459771,
        0.571264367816092,
        0.6172413793103448,
        0.8471264367816093,
        0.8172413793103449,
        0.9137931034482759,
        0.6517241379310346,
        0.8954022988505748,
        0.803448275862069,
        0.8540229885057472,
        0.9183908045977012,
        0.9344827586206897,
        0.8977011494252874,
        0.8356321839080461,
        0.667816091954023,
        0.7804597701149426,
        0.5758620689655173,
        0.7022988505747128,
        0.7275862068965517,
        0.842528735632184,
        0.7413793103448276,
        0.8586206896551725,
        0.7321839080459771,
        0.8310344827586207,
        0.8586206896551725,
        0.7988505747126438,
        0.8655172413793104,
        0.7758620689655173,
        0.8931034482758621,
        0.8310344827586207,
        0.7298850574712644,
        0.7436781609195402,
        0.7942528735632184,
        0.8724137931034484,
        0.9551724137931035,
        0.9298850574712644,
        0.6218390804597702,
        0.8448275862068966,
        0.810344827586207,
        0.8839080459770116,
        0.8862068965517242,
        0.9229885057471265,
        0.9114942528735632,
        0.8770114942528736,
        0.7505747126436781,
        0.8195402298850575,
        0.7827586206896552,
        0.6839080459770115,
        0.9436781609195403,
        0.810344827586207,
        0.674712643678161,
        0.9206896551724139,
        0.8402298850574713,
        0.9252873563218391,
        0.7091954022988507,
        0.9183908045977012,
        0.5574712643678161,
        0.8724137931034484,
        0.8908045977011495,
        0.9275862068965518,
        0.7620689655172415,
        0.8977011494252874,
        0.6540229885057471,
        0.771264367816092,
        0.9022988505747127,
        0.8563218390804598,
        0.939080459770115,
        0.6908045977011494,
        0.6816091954022989,
        0.6770114942528735,
        0.803448275862069,
        0.7367816091954024,
        0.9183908045977012,
        0.9551724137931035,
        0.9275862068965518,
        0.9597701149425288
    ],
    "GreedyAdditionalNew":[
        0.8172413793103449,
        0.7896551724137931,
        0.9252873563218391,
        0.7827586206896552,
        0.7413793103448276,
        0.9275862068965518,
        0.8977011494252874,
        0.8793103448275863,
        0.860919540229885,
        0.8448275862068966,
        0.860919540229885,
        0.8701149425287357,
        0.7827586206896552,
        0.842528735632184,
        0.6977011494252874,
        0.7873563218390804,
        0.8701149425287357,
        0.8977011494252874,
        0.8356321839080461,
        0.7804597701149426,
        0.6977011494252874,
        0.9643678160919541,
        0.6310344827586207,
        0.7781609195402299,
        0.6103448275862069,
        0.771264367816092,
        0.8632183908045977,
        0.8402298850574713,
        0.8977011494252874,
        0.7275862068965517,
        0.7988505747126438,
        0.8747126436781609,
        0.9344827586206897,
        0.9183908045977012,
        0.8264367816091954,
        0.7735632183908047,
        0.6471264367816092,
        0.6793103448275862,
        0.7827586206896552,
        0.8057471264367817,
        0.9275862068965518,
        0.8908045977011495,
        0.7666666666666667,
        0.7505747126436781,
        0.7229885057471265,
        0.8149425287356322,
        0.8379310344827586,
        0.8816091954022989,
        0.8563218390804598,
        0.8057471264367817,
        0.7574712643678161,
        0.7344827586206897,
        0.7344827586206897,
        0.7689655172413794,
        0.906896551724138,
        0.7942528735632184,
        0.7896551724137931,
        0.8747126436781609,
        0.8448275862068966,
        0.8862068965517242,
        0.6333333333333333,
        0.8701149425287357,
        0.7298850574712644,
        0.803448275862069,
        0.8471264367816093,
        0.8908045977011495,
        0.8701149425287357,
        0.8954022988505748,
        0.6011494252873564,
        0.6954022988505748,
        0.8793103448275863,
        0.867816091954023,
        0.9574712643678162,
        0.6011494252873564,
        0.8057471264367817,
        0.7482758620689656,
        0.7482758620689656,
        0.6586206896551725,
        0.8724137931034484,
        0.9321839080459771,
        0.8839080459770116,
        0.9413793103448276
    ],