{
    "ARTMaxMin":[
        0.7482758620689656,
        0.739080459770115,
        0.8816091954022989,
        0.6862068965517242,
        0.7666666666666667,
        0.9206896551724139,
        0.9298850574712644,
        0.9183908045977012,
        0.7482758620689656,
        0.6494252873563219,
        0.7666666666666667,
        0.8356321839080461,
        0.7000000000000001,
        0.9114942528735632,
        0.810344827586207,
        0.860919540229885,
        0.849425287356322,
        0.8356321839080461,
        0.860919540229885,
        0.8172413793103449,
        0.7735632183908047,
        0.9298850574712644,
        0.7482758620689656,
        0.7183908045977012,
        0.6563218390804598,
        0.745977011494253,
        0.9022988505747127,
        0.8586206896551725,
        0.9206896551724139,
        0.8172413793103449,
        0.8586206896551725,
        0.8172413793103449,
        0.9183908045977012,
        0.9,
        0.803448275862069,
        0.8793103448275863,
        0.7551724137931035,
        0.8379310344827586,
        0.7597701149425288,
        0.8954022988505748,
        0.9091954022988507,
        0.7000000000000001,
        0.867816091954023,
        0.7068965517241379,
        0.667816091954023,
        0.8356321839080461,
        0.8241379310344827,
        0.7482758620689656,
        0.7597701149425288,
        0.8172413793103449,
        0.6241379310344828,
        0.7597701149425288,
        0.8218390804597702,
        0.6770114942528735,
        0.8471264367816093,
        0.771264367816092,
        0.5574712643678161,
        0.842528735632184,
        0.8862068965517242,
        0.7758620689655173,
        0.8448275862068966,
        0.8057471264367817,
        0.8080459770114943,
        0.7091954022988507,
        0.8793103448275863,
        0.8770114942528736,
        0.8724137931034484,
        0.7321839080459771,
        0.6770114942528735,
        0.8701149425287357,
        0.9091954022988507,
        0.8793103448275863,
        0.9229885057471265,
        0.8333333333333334,
        0.8057471264367817,
        0.8977011494252874,
        0.8563218390804598,
        0.7367816091954024,
        0.7873563218390804,
        0.7528735632183908,
        0.8402298850574713,
        0.9160919540229886
    ],
    "Genetic":[
        0.8954022988505748,
        0.6425287356321839,
        0.7965517241379311,
        0.6655172413793105,
        0.41264367816091957,
        0.9137931034482759,
        0.9022988505747127,
        0.7574712643678161,
        0.7551724137931035,
        0.842528735632184,
        0.9229885057471265,
        0.8057471264367817,
        0.764367816091954,
        0.7965517241379311,
        0.5367816091954023,
        0.7413793103448276,
        0.8264367816091954,
        0.8310344827586207,
        0.8126436781609196,
        0.8287356321839081,
        0.8241379310344827,
        0.8908045977011495,
        0.7229885057471265,
        0.739080459770115,
        0.6977011494252874,
        0.7735632183908047,
        0.739080459770115,
        0.8379310344827586,
        0.8471264367816093,
        0.5666666666666667,
        0.8517241379310345,
        0.7896551724137931,
        0.945977011494253,
        0.906896551724138,
        0.6448275862068966,
        0.9045977011494253,
        0.8172413793103449,
        0.7666666666666667,
        0.7275862068965517,
        0.7850574712643679,
        0.9045977011494253,
        0.9229885057471265,
        0.7160919540229885,
        0.6885057471264369,
        0.7735632183908047,
        0.6586206896551725,
        0.8977011494252874,
        0.9574712643678162,
        0.867816091954023,
        0.7528735632183908,
        0.8471264367816093,
        0.7252873563218392,
        0.7252873563218392,
        0.8126436781609196,
        0.945977011494253,
        0.7183908045977012,
        0.8701149425287357,
        0.9643678160919541,
        0.9206896551724139,
        0.9206896551724139,
        0.8931034482758621,
        0.8885057471264368,
        0.7689655172413794,
        0.8195402298850575,
        0.6333333333333333,
        0.939080459770115,
        0.8011494252873563,
        0.9298850574712644,
        0.764367816091954,
        0.7965517241379311,
        0.8172413793103449,
        0.8931034482758621,
        0.9482758620689655,
        0.8770114942528736,
        0.6839080459770115,
        0.8701149425287357,
        0.9,
        0.7781609195402299,
        0.7827586206896552,
        0.9183908045977012,
        0.9114942528735632,
        0.9551724137931035
    ],
    "GreedyAdditional":[
        0.860919540229885,
        0.667816091954023,
        0.7988505747126438,
        0.6540229885057471,
        0.6172413793103448,
        0.9275862068965518,
        0.9022988505747127,
        0.8356321839080461,
        0.7919540229885058,
        0.8264367816091954,
        0.9252873563218391,
        0.8862068965517242,
        0.7137931034482758,
        0.8126436781609196,
        0.5896551724137932,
        0.6931034482758621,
        0.8333333333333334,
        0.8402298850574713,
        0.8701149425287357,
        0.7919540229885058,
        0.8563218390804598,
        0.9022988505747127,
        0.7298850574712644,
        0.6724137931034484,
        0.6494252873563219,
        0.7275862068965517,
        0.803448275862069,
        0.8264367816091954,
        0.7873563218390804,
        0.7873563218390804,
        0.7620689655172415,
        0.8218390804597702,
        0.9689655172413794,
        0.9275862068965518,
        0.7068965517241379,
        0.9160919540229886,
        0.8379310344827586,
        0.7804597701149426,
        0.7804597701149426,
        0.8218390804597702,
        0.8816091954022989,
        0.8793103448275863,
        0.8724137931034484,
        0.7528735632183908,
        0.7045977011494253,
        0.803448275862069,
        0.8885057471264368,
        0.8931034482758621,
        0.7873563218390804,
        0.8954022988505748,
        0.842528735632184,
        0.7229885057471265,
        0.7850574712643679,
        0.7436781609195402,
        0.9620689655172414,
        0.8632183908045977,
        0.8287356321839081,
        0.8977011494252874,
        0.939080459770115,
        0.9160919540229886,
        0.8839080459770116,
        0.8908045977011495,
        0.8080459770114943,
        0.7321839080459771,
        0.7574712643678161,
        0.9574712643678162,
        0.8747126436781609,
        0.9344827586206897,
        0.6540229885057471,
        0.8724137931034484,
        0.8057471264367817,
        0.9114942528735632,
        0.971264367816092,
        0.9022988505747127,
        0.7298850574712644,
        0.9160919540229886,
        0.8724137931034484,
        0.7183908045977012,
        0.8287356321839081,
        0.9137931034482759,
        0.8977011494252874,
        0.971264367816092
    ],