{
    "AdditionalTotal":[
        0.912448132780083,
        0.9058091286307054,
        0.916597510373444,
        0.9024896265560166,
        0.8659751037344399,
        0.9506224066390041,
        0.933195020746888,
        0.829460580912863,
        0.8269709543568464,
        0.833609958506224,
        0.904149377593361,
        0.8800829875518672,
        0.7564315352697095,
        0.9116182572614108,
        0.9448132780082987,
        0.9688796680497925,
        0.9697095435684647,
        0.9215767634854771,
        0.9207468879668049,
        0.8684647302904565,
        0.9091286307053942,
        0.8510373443983402,
        0.7987551867219918,
        0.8319502074688796,
        0.8394190871369295,
        0.912448132780083,
        0.8759336099585062,
        0.9481327800829875,
        0.875103734439834,
        0.9489626556016597,
        0.8825726141078838,
        0.9282157676348548,
        0.9414937759336099,
        0.8900414937759336,
        0.9597510373443984,
        0.9116182572614108,
        0.8668049792531121,
        0.8991701244813278,
        0.8419087136929461,
        0.9132780082987552,
        0.9414937759336099,
        0.924896265560166,
        0.8004149377593361,
        0.879253112033195,
        0.8410788381742739,
        0.9398340248962656,
        0.9174273858921161,
        0.8800829875518672,
        0.9174273858921161,
        0.9132780082987552,
        0.8012448132780083,
        0.875103734439834,
        0.9049792531120332,
        0.7937759336099585,
        0.9149377593360996,
        0.9141078838174274,
        0.7804979253112033,
        0.8983402489626556,
        0.9456431535269709,
        0.912448132780083,
        0.8609958506224067,
        0.9049792531120332,
        0.8867219917012448,
        0.8643153526970955,
        0.9456431535269709,
        0.9323651452282158,
        0.895850622406639,
        0.9390041493775934,
        0.8170124481327801,
        0.8941908713692945,
        0.9614107883817428,
        0.9730290456431535,
        0.9697095435684647,
        0.9174273858921161,
        0.8568464730290456,
        0.8112033195020747,
        0.9099585062240664,
        0.8136929460580913,
        0.9174273858921161,
        0.9514522821576763,
        0.9232365145228216,
        0.9356846473029046
    ],
    "GreedyAdditional":[
        0.860919540229885,
        0.667816091954023,
        0.7988505747126438,
        0.6540229885057471,
        0.6172413793103448,
        0.9275862068965518,
        0.9022988505747127,
        0.8356321839080461,
        0.7919540229885058,
        0.8264367816091954,
        0.9252873563218391,
        0.8862068965517242,
        0.7137931034482758,
        0.8126436781609196,
        0.5896551724137932,
        0.6931034482758621,
        0.8333333333333334,
        0.8402298850574713,
        0.8701149425287357,
        0.7919540229885058,
        0.8563218390804598,
        0.9022988505747127,
        0.7298850574712644,
        0.6724137931034484,
        0.6494252873563219,
        0.7275862068965517,
        0.803448275862069,
        0.8264367816091954,
        0.7873563218390804,
        0.7873563218390804,
        0.7620689655172415,
        0.8218390804597702,
        0.9689655172413794,
        0.9275862068965518,
        0.7068965517241379,
        0.9160919540229886,
        0.8379310344827586,
        0.7804597701149426,
        0.7804597701149426,
        0.8218390804597702,
        0.8816091954022989,
        0.8793103448275863,
        0.8724137931034484,
        0.7528735632183908,
        0.7045977011494253,
        0.803448275862069,
        0.8885057471264368,
        0.8931034482758621,
        0.7873563218390804,
        0.8954022988505748,
        0.842528735632184,
        0.7229885057471265,
        0.7850574712643679,
        0.7436781609195402,
        0.9620689655172414,
        0.8632183908045977,
        0.8287356321839081,
        0.8977011494252874,
        0.939080459770115,
        0.9160919540229886,
        0.8839080459770116,
        0.8908045977011495,
        0.8080459770114943,
        0.7321839080459771,
        0.7574712643678161,
        0.9574712643678162,
        0.8747126436781609,
        0.9344827586206897,
        0.6540229885057471,
        0.8724137931034484,
        0.8057471264367817,
        0.9114942528735632,
        0.971264367816092,
        0.9022988505747127,
        0.7298850574712644,
        0.9160919540229886,
        0.8724137931034484,
        0.7183908045977012,
        0.8287356321839081,
        0.9137931034482759,
        0.8977011494252874,
        0.971264367816092
    ],
    "GreedyAdditionalNew":[
        0.8563218390804598,
        0.6172413793103448,
        0.7620689655172415,
        0.5827586206896552,
        0.5574712643678161,
        0.9436781609195403,
        0.8839080459770116,
        0.8471264367816093,
        0.8126436781609196,
        0.8126436781609196,
        0.9137931034482759,
        0.8402298850574713,
        0.8379310344827586,
        0.7689655172413794,
        0.532183908045977,
        0.7781609195402299,
        0.7827586206896552,
        0.8724137931034484,
        0.8287356321839081,
        0.745977011494253,
        0.810344827586207,
        0.9252873563218391,
        0.739080459770115,
        0.6264367816091955,
        0.5988505747126438,
        0.7850574712643679,
        0.7919540229885058,
        0.8310344827586207,
        0.7758620689655173,
        0.7275862068965517,
        0.7781609195402299,
        0.7827586206896552,
        0.9528735632183909,
        0.8977011494252874,
        0.6540229885057471,
        0.8793103448275863,
        0.7896551724137931,
        0.7367816091954024,
        0.7252873563218392,
        0.7873563218390804,
        0.8563218390804598,
        0.8356321839080461,
        0.8793103448275863,
        0.6816091954022989,
        0.667816091954023,
        0.7482758620689656,
        0.8701149425287357,
        0.8540229885057472,
        0.7275862068965517,
        0.8471264367816093,
        0.810344827586207,
        0.6655172413793105,
        0.7344827586206897,
        0.8241379310344827,
        0.9413793103448276,
        0.8172413793103449,
        0.7735632183908047,
        0.8632183908045977,
        0.9045977011494253,
        0.9045977011494253,
        0.8448275862068966,
        0.8471264367816093,
        0.8080459770114943,
        0.6977011494252874,
        0.8218390804597702,
        0.9275862068965518,
        0.8356321839080461,
        0.9252873563218391,
        0.5919540229885059,
        0.9321839080459771,
        0.7620689655172415,
        0.8770114942528736,
        0.9482758620689655,
        0.860919540229885,
        0.7919540229885058,
        0.8793103448275863,
        0.8471264367816093,
        0.6793103448275862,
        0.7804597701149426,
        0.8977011494252874,
        0.860919540229885,
        0.9551724137931035
    ],