{
    "ARTMaxMin":[
        0.8540229885057472,
        0.7413793103448276,
        0.8954022988505748,
        0.6770114942528735,
        0.6816091954022989,
        0.9252873563218391,
        0.8586206896551725,
        0.8586206896551725,
        0.9321839080459771,
        0.5919540229885059,
        0.7896551724137931,
        0.8655172413793104,
        0.7229885057471265,
        0.8793103448275863,
        0.7183908045977012,
        0.8126436781609196,
        0.8655172413793104,
        0.7045977011494253,
        0.849425287356322,
        0.7804597701149426,
        0.8011494252873563,
        0.9367816091954023,
        0.8057471264367817,
        0.7344827586206897,
        0.7160919540229885,
        0.7206896551724138,
        0.8540229885057472,
        0.7367816091954024,
        0.8379310344827586,
        0.7597701149425288,
        0.7505747126436781,
        0.803448275862069,
        0.842528735632184,
        0.849425287356322,
        0.8172413793103449,
        0.8241379310344827,
        0.7781609195402299,
        0.8333333333333334,
        0.5229885057471264,
        0.8333333333333334,
        0.8954022988505748,
        0.7229885057471265,
        0.7804597701149426,
        0.7045977011494253,
        0.7183908045977012,
        0.8287356321839081,
        0.7942528735632184,
        0.7367816091954024,
        0.7666666666666667,
        0.8402298850574713,
        0.6701149425287356,
        0.7896551724137931,
        0.860919540229885,
        0.7781609195402299,
        0.7689655172413794,
        0.8264367816091954,
        0.674712643678161,
        0.7344827586206897,
        0.9298850574712644,
        0.8839080459770116,
        0.8908045977011495,
        0.9022988505747127,
        0.7827586206896552,
        0.8310344827586207,
        0.7942528735632184,
        0.9,
        0.8149425287356322,
        0.7827586206896552,
        0.6402298850574712,
        0.7896551724137931,
        0.9,
        0.8540229885057472,
        0.8724137931034484,
        0.7367816091954024,
        0.7896551724137931,
        0.8632183908045977,
        0.9022988505747127,
        0.6287356321839082,
        0.7275862068965517,
        0.8793103448275863,
        0.7758620689655173,
        0.842528735632184
    ],
    "Genetic":[
        0.8655172413793104,
        0.7068965517241379,
        0.9528735632183909,
        0.745977011494253,
        0.7321839080459771,
        0.939080459770115,
        0.9436781609195403,
        0.8517241379310345,
        0.7873563218390804,
        0.7781609195402299,
        0.9022988505747127,
        0.9643678160919541,
        0.7229885057471265,
        0.9183908045977012,
        0.7551724137931035,
        0.8379310344827586,
        0.9183908045977012,
        0.8517241379310345,
        0.9344827586206897,
        0.8563218390804598,
        0.8057471264367817,
        0.9045977011494253,
        0.6471264367816092,
        0.8793103448275863,
        0.7988505747126438,
        0.8448275862068966,
        0.9091954022988507,
        0.7827586206896552,
        0.9,
        0.7505747126436781,
        0.7896551724137931,
        0.8448275862068966,
        0.9574712643678162,
        0.9551724137931035,
        0.8632183908045977,
        0.9045977011494253,
        0.8080459770114943,
        0.7436781609195402,
        0.8563218390804598,
        0.9091954022988507,
        0.9367816091954023,
        0.7781609195402299,
        0.8241379310344827,
        0.860919540229885,
        0.7850574712643679,
        0.8885057471264368,
        0.8011494252873563,
        0.7988505747126438,
        0.7666666666666667,
        0.867816091954023,
        0.8540229885057472,
        0.8057471264367817,
        0.7666666666666667,
        0.7873563218390804,
        0.9321839080459771,
        0.8264367816091954,
        0.7114942528735633,
        0.8793103448275863,
        0.9413793103448276,
        0.9252873563218391,
        0.7689655172413794,
        0.9183908045977012,
        0.6862068965517242,
        0.9252873563218391,
        0.9045977011494253,
        0.9620689655172414,
        0.9137931034482759,
        0.9114942528735632,
        0.46091954022988507,
        0.8793103448275863,
        0.8816091954022989,
        0.9183908045977012,
        0.971264367816092,
        0.8770114942528736,
        0.6954022988505748,
        0.906896551724138,
        0.7896551724137931,
        0.6908045977011494,
        0.803448275862069,
        0.939080459770115,
        0.9229885057471265,
        0.9528735632183909
    ],
    "GreedyAdditional":[
        0.8885057471264368,
        0.7068965517241379,
        0.9505747126436782,
        0.9091954022988507,
        0.739080459770115,
        0.9436781609195403,
        0.9436781609195403,
        0.8540229885057472,
        0.7321839080459771,
        0.7597701149425288,
        0.8931034482758621,
        0.8770114942528736,
        0.7275862068965517,
        0.8287356321839081,
        0.7666666666666667,
        0.8632183908045977,
        0.9229885057471265,
        0.9367816091954023,
        0.939080459770115,
        0.8195402298850575,
        0.8057471264367817,
        0.9022988505747127,
        0.7367816091954024,
        0.8241379310344827,
        0.6609195402298851,
        0.8540229885057472,
        0.9114942528735632,
        0.7942528735632184,
        0.9,
        0.7919540229885058,
        0.8057471264367817,
        0.849425287356322,
        0.9344827586206897,
        0.9321839080459771,
        0.8954022988505748,
        0.9022988505747127,
        0.8448275862068966,
        0.7367816091954024,
        0.8448275862068966,
        0.8287356321839081,
        0.9597701149425288,
        0.9436781609195403,
        0.8011494252873563,
        0.8724137931034484,
        0.7183908045977012,
        0.8931034482758621,
        0.8218390804597702,
        0.9551724137931035,
        0.9298850574712644,
        0.8816091954022989,
        0.8402298850574713,
        0.8057471264367817,
        0.7758620689655173,
        0.7965517241379311,
        0.9367816091954023,
        0.842528735632184,
        0.8586206896551725,
        0.9597701149425288,
        0.939080459770115,
        0.9344827586206897,
        0.7735632183908047,
        0.9137931034482759,
        0.6655172413793105,
        0.8655172413793104,
        0.9160919540229886,
        0.9620689655172414,
        0.9183908045977012,
        0.9252873563218391,
        0.6126436781609196,
        0.8563218390804598,
        0.8793103448275863,
        0.9229885057471265,
        0.9505747126436782,
        0.8563218390804598,
        0.7045977011494253,
        0.8172413793103449,
        0.7988505747126438,
        0.6517241379310346,
        0.8080459770114943,
        0.9689655172413794,
        0.9252873563218391,
        0.9482758620689655
    ],