{
    "AdditionalTotal":[
        0.9761842959117456,
        0.9873458792991564,
        0.9894224529526282,
        0.982154445165477,
        0.9763140817650876,
        0.9886437378325763,
        0.9834523036988969,
        0.9690460739779364,
        0.9722907203114861,
        0.9735885788449059,
        0.9861778066190786,
        0.9813757300454251,
        0.963724853990915,
        0.9829331602855289,
        0.9777417261518495,
        0.9866969500324465,
        0.9885139519792343,
        0.9839714471122648,
        0.9853990914990266,
        0.9815055158987671,
        0.9878650227125244,
        0.9790395846852693,
        0.9655418559377028,
        0.9709928617780662,
        0.9721609344581441,
        0.9889033095392603,
        0.9781310837118754,
        0.9877352368591824,
        0.9803374432186892,
        0.9802076573653472,
        0.9742375081116159,
        0.9918883841661259,
        0.9918883841661259,
        0.9813757300454251,
        0.9864373783257625,
        0.9891628812459442,
        0.981894873458793,
        0.9855288773523686,
        0.9780012978585334,
        0.9816353017521091,
        0.9860480207657366,
        0.9837118754055808,
        0.9706035042180403,
        0.9737183646982479,
        0.9772225827384815,
        0.9868267358857885,
        0.9837118754055808,
        0.9835820895522388,
        0.981765087605451,
        0.9841012329656068,
        0.9711226476314082,
        0.9795587280986373,
        0.982543802725503,
        0.9668397144711227,
        0.9846203763789747,
        0.982284231018819,
        0.9672290720311486,
        0.9837118754055808,
        0.990979883192732,
        0.9861778066190786,
        0.9803374432186892,
        0.9877352368591824,
        0.981765087605451,
        0.9811161583387411,
        0.9847501622323167,
        0.9904607397793641,
        0.9785204412719014,
        0.9837118754055808,
        0.97319922128488,
        0.9789097988319274,
        0.9926670992861778,
        0.9898118105126542,
        0.9918883841661259,
        0.9805970149253732,
        0.9703439325113563,
        0.97319922128488,
        0.9837118754055808,
        0.972680077871512,
        0.982414016872161,
        0.9881245944192083,
        0.9800778715120052,
        0.990979883192732
    ],
    "GreedyAdditional":[
        0.8885057471264368,
        0.7068965517241379,
        0.9505747126436782,
        0.9091954022988507,
        0.739080459770115,
        0.9436781609195403,
        0.9436781609195403,
        0.8540229885057472,
        0.7321839080459771,
        0.7597701149425288,
        0.8931034482758621,
        0.8770114942528736,
        0.7275862068965517,
        0.8287356321839081,
        0.7666666666666667,
        0.8632183908045977,
        0.9229885057471265,
        0.9367816091954023,
        0.939080459770115,
        0.8195402298850575,
        0.8057471264367817,
        0.9022988505747127,
        0.7367816091954024,
        0.8241379310344827,
        0.6609195402298851,
        0.8540229885057472,
        0.9114942528735632,
        0.7942528735632184,
        0.9,
        0.7919540229885058,
        0.8057471264367817,
        0.849425287356322,
        0.9344827586206897,
        0.9321839080459771,
        0.8954022988505748,
        0.9022988505747127,
        0.8448275862068966,
        0.7367816091954024,
        0.8448275862068966,
        0.8287356321839081,
        0.9597701149425288,
        0.9436781609195403,
        0.8011494252873563,
        0.8724137931034484,
        0.7183908045977012,
        0.8931034482758621,
        0.8218390804597702,
        0.9551724137931035,
        0.9298850574712644,
        0.8816091954022989,
        0.8402298850574713,
        0.8057471264367817,
        0.7758620689655173,
        0.7965517241379311,
        0.9367816091954023,
        0.842528735632184,
        0.8586206896551725,
        0.9597701149425288,
        0.939080459770115,
        0.9344827586206897,
        0.7735632183908047,
        0.9137931034482759,
        0.6655172413793105,
        0.8655172413793104,
        0.9160919540229886,
        0.9620689655172414,
        0.9183908045977012,
        0.9252873563218391,
        0.6126436781609196,
        0.8563218390804598,
        0.8793103448275863,
        0.9229885057471265,
        0.9505747126436782,
        0.8563218390804598,
        0.7045977011494253,
        0.8172413793103449,
        0.7988505747126438,
        0.6517241379310346,
        0.8080459770114943,
        0.9689655172413794,
        0.9252873563218391,
        0.9482758620689655
    ],
    "GreedyAdditionalNew":[
        0.8655172413793104,
        0.7206896551724138,
        0.9344827586206897,
        0.8862068965517242,
        0.7000000000000001,
        0.9528735632183909,
        0.9298850574712644,
        0.9183908045977012,
        0.7942528735632184,
        0.7482758620689656,
        0.8724137931034484,
        0.8517241379310345,
        0.7735632183908047,
        0.7942528735632184,
        0.7413793103448276,
        0.8356321839080461,
        0.9022988505747127,
        0.9229885057471265,
        0.9252873563218391,
        0.7988505747126438,
        0.7666666666666667,
        0.971264367816092,
        0.7068965517241379,
        0.7988505747126438,
        0.6080459770114943,
        0.8310344827586207,
        0.9137931034482759,
        0.7988505747126438,
        0.8770114942528736,
        0.8218390804597702,
        0.7873563218390804,
        0.8724137931034484,
        0.9229885057471265,
        0.9183908045977012,
        0.8724137931034484,
        0.8793103448275863,
        0.803448275862069,
        0.7091954022988507,
        0.810344827586207,
        0.7942528735632184,
        0.9482758620689655,
        0.9298850574712644,
        0.842528735632184,
        0.8448275862068966,
        0.6931034482758621,
        0.867816091954023,
        0.8057471264367817,
        0.9436781609195403,
        0.9137931034482759,
        0.8540229885057472,
        0.8057471264367817,
        0.7620689655172415,
        0.7528735632183908,
        0.7666666666666667,
        0.9229885057471265,
        0.8080459770114943,
        0.8264367816091954,
        0.9482758620689655,
        0.9229885057471265,
        0.9160919540229886,
        0.745977011494253,
        0.8885057471264368,
        0.7206896551724138,
        0.842528735632184,
        0.9183908045977012,
        0.9482758620689655,
        0.9022988505747127,
        0.906896551724138,
        0.57816091954023,
        0.8241379310344827,
        0.8448275862068966,
        0.906896551724138,
        0.9367816091954023,
        0.8172413793103449,
        0.7574712643678161,
        0.7850574712643679,
        0.7804597701149426,
        0.6126436781609196,
        0.7873563218390804,
        0.9574712643678162,
        0.9114942528735632,
        0.939080459770115
    ],