{
    "AdditionalTotal":[
        0.8517241379310345,
        0.7942528735632184,
        0.9528735632183909,
        0.8632183908045977,
        0.8287356321839081,
        0.9367816091954023,
        0.9321839080459771,
        0.571264367816092,
        0.6172413793103448,
        0.8471264367816093,
        0.8172413793103449,
        0.9137931034482759,
        0.6517241379310346,
        0.8954022988505748,
        0.803448275862069,
        0.8540229885057472,
        0.9183908045977012,
        0.9344827586206897,
        0.8977011494252874,
        0.8356321839080461,
        0.667816091954023,
        0.7804597701149426,
        0.5758620689655173,
        0.7022988505747128,
        0.7275862068965517,
        0.842528735632184,
        0.7413793103448276,
        0.8586206896551725,
        0.7321839080459771,
        0.8310344827586207,
        0.8586206896551725,
        0.7988505747126438,
        0.8655172413793104,
        0.7758620689655173,
        0.8931034482758621,
        0.8310344827586207,
        0.7298850574712644,
        0.7436781609195402,
        0.7942528735632184,
        0.8724137931034484,
        0.9551724137931035,
        0.9298850574712644,
        0.6218390804597702,
        0.8448275862068966,
        0.810344827586207,
        0.8839080459770116,
        0.8862068965517242,
        0.9229885057471265,
        0.9114942528735632,
        0.8770114942528736,
        0.7505747126436781,
        0.8195402298850575,
        0.7827586206896552,
        0.6839080459770115,
        0.9436781609195403,
        0.810344827586207,
        0.674712643678161,
        0.9206896551724139,
        0.8402298850574713,
        0.9252873563218391,
        0.7091954022988507,
        0.9183908045977012,
        0.5574712643678161,
        0.8724137931034484,
        0.8908045977011495,
        0.9275862068965518,
        0.7620689655172415,
        0.8977011494252874,
        0.6540229885057471,
        0.771264367816092,
        0.9022988505747127,
        0.8563218390804598,
        0.939080459770115,
        0.6908045977011494,
        0.6816091954022989,
        0.6770114942528735,
        0.803448275862069,
        0.7367816091954024,
        0.9183908045977012,
        0.9551724137931035,
        0.9275862068965518,
        0.9597701149425288
    ],
    "GreedyAdditional":[
        0.8517241379310345,
        0.7942528735632184,
        0.9528735632183909,
        0.8632183908045977,
        0.8287356321839081,
        0.9367816091954023,
        0.9321839080459771,
        0.571264367816092,
        0.6172413793103448,
        0.8471264367816093,
        0.8172413793103449,
        0.9137931034482759,
        0.6517241379310346,
        0.8954022988505748,
        0.803448275862069,
        0.8540229885057472,
        0.9183908045977012,
        0.9344827586206897,
        0.8977011494252874,
        0.8356321839080461,
        0.667816091954023,
        0.7804597701149426,
        0.5758620689655173,
        0.7022988505747128,
        0.7275862068965517,
        0.842528735632184,
        0.7413793103448276,
        0.8586206896551725,
        0.7321839080459771,
        0.8310344827586207,
        0.8586206896551725,
        0.7988505747126438,
        0.8655172413793104,
        0.7758620689655173,
        0.8931034482758621,
        0.8310344827586207,
        0.7298850574712644,
        0.7436781609195402,
        0.7942528735632184,
        0.8724137931034484,
        0.9551724137931035,
        0.9298850574712644,
        0.6218390804597702,
        0.8448275862068966,
        0.810344827586207,
        0.8839080459770116,
        0.8862068965517242,
        0.9229885057471265,
        0.9114942528735632,
        0.8770114942528736,
        0.7505747126436781,
        0.8195402298850575,
        0.7827586206896552,
        0.6839080459770115,
        0.9436781609195403,
        0.810344827586207,
        0.674712643678161,
        0.9206896551724139,
        0.8402298850574713,
        0.9252873563218391,
        0.7091954022988507,
        0.9183908045977012,
        0.5574712643678161,
        0.8724137931034484,
        0.8908045977011495,
        0.9275862068965518,
        0.7620689655172415,
        0.8977011494252874,
        0.6540229885057471,
        0.771264367816092,
        0.9022988505747127,
        0.8563218390804598,
        0.939080459770115,
        0.6908045977011494,
        0.6816091954022989,
        0.6770114942528735,
        0.803448275862069,
        0.7367816091954024,
        0.9183908045977012,
        0.9551724137931035,
        0.9275862068965518,
        0.9597701149425288
    ],
    "GreedyAdditionalSimilarity":[
        0.6172413793103448,
        0.6632183908045978,
        0.8448275862068966,
        0.6287356321839082,
        0.7091954022988507,
        0.8701149425287357,
        0.7597701149425288,
        0.5804597701149425,
        0.6218390804597702,
        0.7068965517241379,
        0.7229885057471265,
        0.8195402298850575,
        0.5298850574712644,
        0.8402298850574713,
        0.5574712643678161,
        0.6839080459770115,
        0.7781609195402299,
        0.8724137931034484,
        0.7344827586206897,
        0.7068965517241379,
        0.7321839080459771,
        0.7275862068965517,
        0.5505747126436782,
        0.6126436781609196,
        0.6954022988505748,
        0.6494252873563219,
        0.7367816091954024,
        0.8517241379310345,
        0.745977011494253,
        0.5735632183908046,
        0.674712643678161,
        0.7896551724137931,
        0.8471264367816093,
        0.8080459770114943,
        0.7045977011494253,
        0.842528735632184,
        0.5643678160919541,
        0.5413793103448277,
        0.7321839080459771,
        0.7551724137931035,
        0.8356321839080461,
        0.7689655172413794,
        0.539080459770115,
        0.7367816091954024,
        0.5643678160919541,
        0.7367816091954024,
        0.7321839080459771,
        0.7919540229885058,
        0.7988505747126438,
        0.7367816091954024,
        0.6609195402298851,
        0.7482758620689656,
        0.6425287356321839,
        0.7229885057471265,
        0.849425287356322,
        0.7367816091954024,
        0.6425287356321839,
        0.8126436781609196,
        0.7000000000000001,
        0.9229885057471265,
        0.7551724137931035,
        0.9551724137931035,
        0.34137931034482755,
        0.6885057471264369,
        0.8471264367816093,
        0.7827586206896552,
        0.739080459770115,
        0.7298850574712644,
        0.35517241379310344,
        0.674712643678161,
        0.7666666666666667,
        0.7275862068965517,
        0.8655172413793104,
        0.6586206896551725,
        0.6011494252873564,
        0.6356321839080461,
        0.7551724137931035,
        0.5850574712643679,
        0.7413793103448276,
        0.8264367816091954,
        0.8632183908045977,
        0.8632183908045977
    ],