{
    "ARTMaxMin":[
        0.9080459770114943,
        0,
        0.7816091954022989,
        0.8850574712643678,
        0,
        0.8045977011494253,
        0.8850574712643678,
        0.9885057471264368,
        0.28735632183908044,
        0.2413793103448276,
        0.9885057471264368,
        0.632183908045977,
        0.9310344827586207,
        0,
        0.9425287356321839,
        0.42528735632183906,
        0.7586206896551724,
        0.06896551724137931,
        0.6781609195402298,
        0.7586206896551724,
        0.9425287356321839,
        0.9885057471264368,
        0.1724137931034483,
        0.1724137931034483,
        0.21839080459770116,
        0.7586206896551724,
        0.8850574712643678,
        0.8045977011494253,
        0.4482758620689655,
        0.8045977011494253,
        0.9885057471264368,
        0.5402298850574713,
        0.735632183908046,
        0.7011494252873564,
        0.7816091954022989,
        0.9885057471264368,
        0.7011494252873564,
        0,
        0,
        0,
        0.9080459770114943,
        0.8735632183908046,
        0.9195402298850575,
        0,
        0,
        0.9195402298850575,
        0.9655172413793104,
        0.8735632183908046,
        0,
        0.10344827586206896,
        0,
        0.6666666666666666,
        0,
        0.367816091954023,
        0.7816091954022989,
        0.10344827586206896,
        0,
        0.9885057471264368,
        0.9425287356321839,
        0.7586206896551724,
        0.7816091954022989,
        0.9310344827586207,
        0.7011494252873564,
        0,
        0.8045977011494253,
        0.8390804597701149,
        0.7586206896551724,
        0.7586206896551724,
        0,
        0.9080459770114943,
        0.8735632183908046,
        0.7586206896551724,
        0.9425287356321839,
        0.1724137931034483,
        0.7471264367816092,
        0.7011494252873564,
        0.21839080459770116,
        0,
        0.7586206896551724,
        0.8390804597701149,
        0.1724137931034483,
        0.9885057471264368
    ],
    "Genetic":[
        0.8850574712643678,
        0,
        0.5057471264367817,
        0.896551724137931,
        0,
        0.13793103448275862,
        0.8620689655172413,
        0.8390804597701149,
        0.14942528735632185,
        0.5287356321839081,
        0.8390804597701149,
        0.4827586206896552,
        0.6551724137931034,
        0,
        0.9655172413793104,
        0.5977011494252874,
        0.7701149425287356,
        0.034482758620689655,
        0.4482758620689655,
        0.5862068965517241,
        0.9655172413793104,
        0.8390804597701149,
        0.4827586206896552,
        0.4827586206896552,
        0.05747126436781609,
        0.4482758620689655,
        0.7816091954022989,
        0.13793103448275862,
        0.40229885057471265,
        0.5862068965517241,
        0.8390804597701149,
        0.367816091954023,
        0.7701149425287356,
        0.7816091954022989,
        0.5057471264367817,
        0.8390804597701149,
        0.6896551724137931,
        0,
        0,
        0,
        0.8850574712643678,
        0.28735632183908044,
        0.896551724137931,
        0,
        0,
        0.896551724137931,
        0.6551724137931034,
        0.4482758620689655,
        0,
        0.034482758620689655,
        0,
        0.7701149425287356,
        0,
        0.3793103448275862,
        0.5057471264367817,
        0.034482758620689655,
        0,
        0.8275862068965517,
        0.9655172413793104,
        0.5862068965517241,
        0.5057471264367817,
        0.6551724137931034,
        0.6896551724137931,
        0,
        0.13793103448275862,
        0.8735632183908046,
        0.4482758620689655,
        0.7701149425287356,
        0,
        0.8850574712643678,
        0.4482758620689655,
        0.7701149425287356,
        0.9655172413793104,
        0.4827586206896552,
        0.3448275862068966,
        0.6896551724137931,
        0.05747126436781609,
        0,
        0.5862068965517241,
        0.5862068965517241,
        0.4827586206896552,
        0.8390804597701149
    ],
    "GreedyAdditional":[
        0.9655172413793104,
        0,
        0.632183908045977,
        0.8505747126436781,
        0,
        0.896551724137931,
        0.4942528735632184,
        0.9080459770114943,
        0.09195402298850575,
        0.5287356321839081,
        0.9080459770114943,
        0.632183908045977,
        0.47126436781609193,
        0,
        0.9080459770114943,
        0.367816091954023,
        0.8160919540229885,
        0.5747126436781609,
        0.3793103448275862,
        0.4942528735632184,
        0.9080459770114943,
        0.9080459770114943,
        0.5632183908045977,
        0.5632183908045977,
        0.05747126436781609,
        0.7586206896551724,
        0.8505747126436781,
        0.896551724137931,
        0.6666666666666666,
        0.7126436781609196,
        0.9080459770114943,
        0.5287356321839081,
        0.7471264367816092,
        0.8505747126436781,
        0.632183908045977,
        0.9080459770114943,
        0.8275862068965517,
        0,
        0,
        0,
        0.9655172413793104,
        0.4482758620689655,
        0.8505747126436781,
        0,
        0,
        0.8505747126436781,
        0.896551724137931,
        0.7586206896551724,
        0,
        0.3333333333333333,
        0,
        0.7586206896551724,
        0,
        0.42528735632183906,
        0.632183908045977,
        0.3333333333333333,
        0,
        0.6436781609195402,
        0.9080459770114943,
        0.4942528735632184,
        0.632183908045977,
        0.47126436781609193,
        0.8275862068965517,
        0,
        0.896551724137931,
        0.5747126436781609,
        0.7586206896551724,
        0.8160919540229885,
        0,
        0.9655172413793104,
        0.7586206896551724,
        0.8160919540229885,
        0.9080459770114943,
        0.5632183908045977,
        0.7471264367816092,
        0.8275862068965517,
        0.05747126436781609,
        0,
        0.4942528735632184,
        0.896551724137931,
        0.5632183908045977,
        0.9080459770114943
    ],