{
    "ARTMaxMin":[
        0.8505747126436781,
        0,
        0.7011494252873564,
        0.896551724137931,
        0,
        0.7241379310344828,
        0.6436781609195402,
        0.632183908045977,
        0.4827586206896552,
        0.04597701149425287,
        0.632183908045977,
        0.08045977011494253,
        0.4367816091954023,
        0,
        0.9540229885057471,
        0.7011494252873564,
        0.40229885057471265,
        0.4367816091954023,
        0.7011494252873564,
        0.20689655172413793,
        0.9540229885057471,
        0.632183908045977,
        0.12643678160919541,
        0.12643678160919541,
        0.5977011494252874,
        0.3793103448275862,
        0.8735632183908046,
        0.7241379310344828,
        0.8850574712643678,
        0.6666666666666666,
        0.632183908045977,
        0.7816091954022989,
        0.9310344827586207,
        0.5862068965517241,
        0.7011494252873564,
        0.632183908045977,
        0.7816091954022989,
        0,
        0,
        0,
        0.8505747126436781,
        0.20689655172413793,
        0.9425287356321839,
        0,
        0,
        0.9425287356321839,
        0.5977011494252874,
        0.3793103448275862,
        0,
        0.5747126436781609,
        0,
        0.7241379310344828,
        0,
        0.14942528735632185,
        0.7011494252873564,
        0.5747126436781609,
        0,
        0.5402298850574713,
        0.9540229885057471,
        0.20689655172413793,
        0.7011494252873564,
        0.4367816091954023,
        0.7816091954022989,
        0,
        0.7241379310344828,
        0.8505747126436781,
        0.3793103448275862,
        0.40229885057471265,
        0,
        0.8505747126436781,
        0.3793103448275862,
        0.40229885057471265,
        0.9540229885057471,
        0.12643678160919541,
        0.3448275862068966,
        0.7816091954022989,
        0.5977011494252874,
        0,
        0.20689655172413793,
        0.5977011494252874,
        0.12643678160919541,
        0.632183908045977
    ],
    "Genetic":[
        0.9885057471264368,
        0,
        0.896551724137931,
        0.7471264367816092,
        0,
        0.11494252873563218,
        0.6781609195402298,
        0.8850574712643678,
        0.09195402298850575,
        0.6091954022988506,
        0.8850574712643678,
        0.22988505747126436,
        0.7126436781609196,
        0,
        0.9310344827586207,
        0.28735632183908044,
        0.8160919540229885,
        0.6091954022988506,
        0.7816091954022989,
        0.27586206896551724,
        0.9310344827586207,
        0.8850574712643678,
        0.5057471264367817,
        0.5057471264367817,
        0.11494252873563218,
        0.4827586206896552,
        0.7471264367816092,
        0.11494252873563218,
        0.4942528735632184,
        0.6091954022988506,
        0.8850574712643678,
        0.632183908045977,
        0.9310344827586207,
        0.6781609195402298,
        0.896551724137931,
        0.8850574712643678,
        0.632183908045977,
        0,
        0,
        0,
        0.9885057471264368,
        0.14942528735632185,
        0.896551724137931,
        0,
        0,
        0.896551724137931,
        0.9540229885057471,
        0.4827586206896552,
        0,
        0.04597701149425287,
        0,
        0.4827586206896552,
        0,
        0.3563218390804598,
        0.896551724137931,
        0.04597701149425287,
        0,
        0.8850574712643678,
        0.9310344827586207,
        0.27586206896551724,
        0.896551724137931,
        0.7126436781609196,
        0.632183908045977,
        0,
        0.11494252873563218,
        0.8620689655172413,
        0.4827586206896552,
        0.8160919540229885,
        0,
        0.9885057471264368,
        0.4827586206896552,
        0.8160919540229885,
        0.9310344827586207,
        0.5057471264367817,
        0.20689655172413793,
        0.632183908045977,
        0.11494252873563218,
        0,
        0.27586206896551724,
        0.9540229885057471,
        0.5057471264367817,
        0.8850574712643678
    ],
    "GreedyAdditional":[
        0.6091954022988506,
        0,
        0.4367816091954023,
        0.5862068965517241,
        0,
        0.05747126436781609,
        0.5402298850574713,
        0.6091954022988506,
        0.20689655172413793,
        0.3448275862068966,
        0.6091954022988506,
        0.20689655172413793,
        0.39080459770114945,
        0,
        0.9195402298850575,
        0.04597701149425287,
        0.6436781609195402,
        0.11494252873563218,
        0.3563218390804598,
        0.26436781609195403,
        0.9195402298850575,
        0.6091954022988506,
        0.19540229885057472,
        0.19540229885057472,
        0.05747126436781609,
        0.39080459770114945,
        0.4942528735632184,
        0.05747126436781609,
        0.21839080459770116,
        0.4942528735632184,
        0.6091954022988506,
        0.5517241379310345,
        0.8620689655172413,
        0.40229885057471265,
        0.4367816091954023,
        0.6091954022988506,
        0.5517241379310345,
        0,
        0,
        0,
        0.6091954022988506,
        0.12643678160919541,
        0.735632183908046,
        0,
        0,
        0.735632183908046,
        0.4942528735632184,
        0.39080459770114945,
        0,
        0.27586206896551724,
        0,
        0.26436781609195403,
        0,
        0.21839080459770116,
        0.4367816091954023,
        0.27586206896551724,
        0,
        0.6091954022988506,
        0.9195402298850575,
        0.26436781609195403,
        0.4367816091954023,
        0.39080459770114945,
        0.5517241379310345,
        0,
        0.05747126436781609,
        0.9540229885057471,
        0.39080459770114945,
        0.5632183908045977,
        0,
        0.6091954022988506,
        0.39080459770114945,
        0.6436781609195402,
        0.9195402298850575,
        0.19540229885057472,
        0.19540229885057472,
        0.5517241379310345,
        0.05747126436781609,
        0,
        0.26436781609195403,
        0.4942528735632184,
        0.19540229885057472,
        0.6091954022988506
    ],