{
    "ARTMaxMin":[
        0.9310344827586207,
        0,
        0.735632183908046,
        0.8160919540229885,
        0,
        0.8850574712643678,
        0.6436781609195402,
        0.9655172413793104,
        0.08045977011494253,
        0.08045977011494253,
        0.9655172413793104,
        0.40229885057471265,
        0.6896551724137931,
        0,
        0.8275862068965517,
        0.4827586206896552,
        0.5402298850574713,
        0.12643678160919541,
        0.6666666666666666,
        0.5402298850574713,
        0.8275862068965517,
        0.9655172413793104,
        0.21839080459770116,
        0.21839080459770116,
        0.8850574712643678,
        0.4827586206896552,
        0.7011494252873564,
        0.8850574712643678,
        0.40229885057471265,
        0.8045977011494253,
        0.9655172413793104,
        0.3448275862068966,
        0.7241379310344828,
        0.6896551724137931,
        0.735632183908046,
        0.9655172413793104,
        0.3448275862068966,
        0,
        0,
        0,
        0.9310344827586207,
        0.4827586206896552,
        0.9540229885057471,
        0,
        0,
        0.9540229885057471,
        0.8505747126436781,
        0.4827586206896552,
        0,
        0.08045977011494253,
        0,
        0.5747126436781609,
        0,
        0.4827586206896552,
        0.735632183908046,
        0.08045977011494253,
        0,
        0.6896551724137931,
        0.8275862068965517,
        0.5402298850574713,
        0.735632183908046,
        0.6896551724137931,
        0.3448275862068966,
        0,
        0.8850574712643678,
        0.6551724137931034,
        0.4827586206896552,
        0.5402298850574713,
        0,
        0.9310344827586207,
        0.4827586206896552,
        0.5402298850574713,
        0.8275862068965517,
        0.21839080459770116,
        0.7126436781609196,
        0.3448275862068966,
        0.8850574712643678,
        0,
        0.5402298850574713,
        0.8505747126436781,
        0.21839080459770116,
        0.9655172413793104
    ],
    "Genetic":[
        0.8850574712643678,
        0,
        0.6896551724137931,
        0.9080459770114943,
        0,
        0.3448275862068966,
        0.896551724137931,
        0.5402298850574713,
        0.011494252873563218,
        0.27586206896551724,
        0.5402298850574713,
        0.12643678160919541,
        0.7471264367816092,
        0,
        0.7931034482758621,
        0.14942528735632185,
        0.5517241379310345,
        0.3448275862068966,
        0.7241379310344828,
        0.3103448275862069,
        0.7931034482758621,
        0.5402298850574713,
        0.6551724137931034,
        0.6551724137931034,
        0.10344827586206896,
        0.5402298850574713,
        0.7241379310344828,
        0.3448275862068966,
        0.28735632183908044,
        0.7816091954022989,
        0.5402298850574713,
        0.7701149425287356,
        0.4827586206896552,
        0.4827586206896552,
        0.6896551724137931,
        0.5402298850574713,
        0.7701149425287356,
        0,
        0,
        0,
        0.8850574712643678,
        0.13793103448275862,
        0.9310344827586207,
        0,
        0,
        0.9310344827586207,
        0.7471264367816092,
        0.5402298850574713,
        0,
        0.39080459770114945,
        0,
        0.2988505747126437,
        0,
        0.09195402298850575,
        0.6896551724137931,
        0.39080459770114945,
        0,
        0.28735632183908044,
        0.7931034482758621,
        0.3103448275862069,
        0.6896551724137931,
        0.7471264367816092,
        0.7701149425287356,
        0,
        0.3448275862068966,
        0.9540229885057471,
        0.5402298850574713,
        0.5517241379310345,
        0,
        0.8850574712643678,
        0.5402298850574713,
        0.5517241379310345,
        0.7931034482758621,
        0.6551724137931034,
        0.7816091954022989,
        0.7701149425287356,
        0.10344827586206896,
        0,
        0.3103448275862069,
        0.735632183908046,
        0.6551724137931034,
        0.5402298850574713
    ],
    "GreedyAdditional":[
        0.9425287356321839,
        0,
        0.6206896551724138,
        0.9655172413793104,
        0,
        0.2988505747126437,
        0.9425287356321839,
        0.5747126436781609,
        0.09195402298850575,
        0.47126436781609193,
        0.5747126436781609,
        0.14942528735632185,
        0.7471264367816092,
        0,
        0.7701149425287356,
        0.27586206896551724,
        0.5402298850574713,
        0.8160919540229885,
        0.6896551724137931,
        0.39080459770114945,
        0.7701149425287356,
        0.5747126436781609,
        0.632183908045977,
        0.632183908045977,
        0.011494252873563218,
        0.4482758620689655,
        0.8620689655172413,
        0.2988505747126437,
        0.3333333333333333,
        0.7931034482758621,
        0.5747126436781609,
        0.7701149425287356,
        0.5172413793103449,
        0.5632183908045977,
        0.6206896551724138,
        0.5747126436781609,
        0.7701149425287356,
        0,
        0,
        0,
        0.9425287356321839,
        0.10344827586206896,
        0.9655172413793104,
        0,
        0,
        0.9655172413793104,
        0.8850574712643678,
        0.4482758620689655,
        0,
        0.12643678160919541,
        0,
        0.3333333333333333,
        0,
        0.11494252873563218,
        0.6206896551724138,
        0.12643678160919541,
        0,
        0.41379310344827586,
        0.7701149425287356,
        0.39080459770114945,
        0.6206896551724138,
        0.7471264367816092,
        0.7701149425287356,
        0,
        0.2988505747126437,
        0.9195402298850575,
        0.4482758620689655,
        0.5402298850574713,
        0,
        0.9425287356321839,
        0.4482758620689655,
        0.5402298850574713,
        0.7701149425287356,
        0.632183908045977,
        0.7931034482758621,
        0.7701149425287356,
        0.011494252873563218,
        0,
        0.39080459770114945,
        0.8850574712643678,
        0.632183908045977,
        0.5747126436781609
    ],