{
    "ARTMaxMin":[
        0.5793103448275863,
        0.6436781609195402,
        0.7586206896551724,
        0.6954022988505747,
        0.5172413793103449,
        0.8896551724137931,
        0.639080459770115,
        0.896551724137931,
        0.632183908045977,
        0.5632183908045977,
        0.5816091954022988,
        0.617816091954023,
        0.4865900383141763,
        0.8304597701149425,
        0.5229885057471264,
        0.7672413793103449,
        0.46896551724137936,
        0.5839080459770115,
        0.8620689655172414,
        0.5344827586206897,
        0.5459770114942529,
        0.721264367816092,
        0.5172413793103449,
        0.5172413793103449,
        0.5517241379310345,
        0.5459770114942529,
        0.6896551724137931,
        0.8304597701149425,
        0.7729885057471264,
        0.5086206896551725,
        0.7155172413793104,
        0.5908045977011493,
        0.6965517241379311,
        0.7413793103448276,
        0.4482758620689655,
        0.7126436781609196,
        0.5258620689655173,
        0.5603448275862069,
        0.4137931034482759,
        0.4971264367816093,
        0.8160919540229885,
        0.617816091954023,
        0.6168582375478927,
        0.7011494252873564,
        0.8275862068965518,
        0.7614942528735632,
        0.7931034482758621,
        0.7049808429118775,
        0.6580459770114943,
        0.5632183908045977,
        0.4310344827586207,
        0.4666666666666666,
        0.731800766283525,
        0.7931034482758621,
        0.632183908045977,
        0.32183908045977017,
        0.3486590038314176,
        0.67816091954023,
        0.7126436781609196,
        0.6758620689655173,
        0.842911877394636,
        0.7425287356321839,
        0.3026819923371648,
        0.7816091954022988,
        0.7471264367816092,
        0.6264367816091954,
        0.632183908045977,
        0.5954022988505747,
        0.40229885057471265,
        0.7471264367816092,
        0.5586206896551724,
        0.4252873563218391,
        0.6114942528735632,
        0.5900383141762452,
        0.6053639846743295,
        0.6091954022988506,
        0.7873563218390804,
        0.7988505747126438,
        0.5823754789272031,
        0.6298850574712643,
        0.7614942528735632,
        0.6965517241379311
    ],
    "Genetic":[
        0.6712643678160919,
        0.3103448275862069,
        0.632183908045977,
        0.603448275862069,
        0.6206896551724138,
        0.689655172413793,
        0.7448275862068965,
        0.6666666666666667,
        0.3333333333333333,
        0.47126436781609193,
        0.6459770114942529,
        0.4224137931034483,
        0.6053639846743296,
        0.5431034482758621,
        0.7241379310344828,
        0.6494252873563218,
        0.5977011494252874,
        0.5793103448275863,
        0.7318007662835249,
        0.57183908045977,
        0.6063218390804598,
        0.6235632183908046,
        0.5900383141762452,
        0.6781609195402298,
        0.3793103448275862,
        0.30747126436781613,
        0.5363984674329502,
        0.5775862068965518,
        0.6695402298850575,
        0.6235632183908046,
        0.6522988505747126,
        0.4873563218390804,
        0.574712643678161,
        0.5545977011494253,
        0.5114942528735633,
        0.5919540229885057,
        0.3620689655172413,
        0.6867816091954022,
        0.6551724137931034,
        0.5517241379310345,
        0.8413793103448276,
        0.5632183908045977,
        0.7432950191570882,
        0.5938697318007663,
        0.5114942528735632,
        0.8390804597701149,
        0.6954022988505747,
        0.6015325670498085,
        0.5862068965517242,
        0.4540229885057471,
        0.47413793103448276,
        0.4252873563218391,
        0.5632183908045977,
        0.5057471264367815,
        0.6091954022988506,
        0.4919540229885057,
        0.30268199233716475,
        0.514367816091954,
        0.7614942528735632,
        0.4804597701149425,
        0.5555555555555556,
        0.3563218390804598,
        0.7318007662835249,
        0.632183908045977,
        0.5344827586206897,
        0.706896551724138,
        0.5363984674329503,
        0.5402298850574713,
        0.28735632183908044,
        0.7988505747126436,
        0.5678160919540229,
        0.6137931034482758,
        0.5908045977011495,
        0.7471264367816092,
        0.5134099616858238,
        0.8218390804597702,
        0.6120689655172413,
        0.41954022988505746,
        0.5287356321839081,
        0.44367816091954027,
        0.7413793103448276,
        0.6252873563218391
    ],
    "GreedyAdditional":[
        0.7586206896551724,
        0.22126436781609193,
        0.6712643678160919,
        0.6494252873563219,
        0.5785440613026819,
        0.6804597701149425,
        0.7632183908045977,
        0.6724137931034482,
        0.3486590038314176,
        0.5134099616858238,
        0.6781609195402298,
        0.5172413793103449,
        0.578544061302682,
        0.5574712643678161,
        0.7011494252873562,
        0.7270114942528736,
        0.6505747126436783,
        0.6620689655172415,
        0.7432950191570882,
        0.6206896551724138,
        0.6063218390804598,
        0.6264367816091954,
        0.7471264367816092,
        0.7126436781609194,
        0.3218390804597701,
        0.37931034482758624,
        0.5363984674329502,
        0.5660919540229885,
        0.6867816091954023,
        0.5862068965517242,
        0.7155172413793104,
        0.40229885057471265,
        0.5770114942528735,
        0.57183908045977,
        0.4913793103448276,
        0.5689655172413792,
        0.45977011494252873,
        0.6954022988505747,
        0.6091954022988506,
        0.5431034482758621,
        0.8896551724137931,
        0.5287356321839081,
        0.685823754789272,
        0.6245210727969349,
        0.5689655172413792,
        0.8477011494252874,
        0.7528735632183908,
        0.5708812260536399,
        0.5517241379310345,
        0.3448275862068965,
        0.5545977011494253,
        0.45517241379310347,
        0.5823754789272031,
        0.5440613026819924,
        0.5793103448275863,
        0.4367816091954023,
        0.3448275862068965,
        0.6867816091954022,
        0.7614942528735632,
        0.48275862068965514,
        0.5363984674329502,
        0.30344827586206896,
        0.7241379310344827,
        0.6896551724137931,
        0.5919540229885056,
        0.646551724137931,
        0.521072796934866,
        0.6022988505747127,
        0.3333333333333333,
        0.8419540229885057,
        0.535632183908046,
        0.5862068965517241,
        0.5448275862068965,
        0.7241379310344828,
        0.47892720306513414,
        0.8620689655172413,
        0.5718390804597702,
        0.48850574712643674,
        0.5402298850574713,
        0.4850574712643678,
        0.7729885057471264,
        0.6298850574712643
    ],