{
    "AdditionalTotal":[
        0.7701149425287357,
        0.5057471264367817,
        0.8,
        0.8045977011494252,
        0.636015325670498,
        0.8666666666666668,
        0.7793103448275863,
        0.9080459770114943,
        0.3716475095785441,
        0.7777777777777778,
        0.6482758620689656,
        0.7327586206896551,
        0.6704980842911877,
        0.6867816091954022,
        0.735632183908046,
        0.7787356321839081,
        0.6919540229885058,
        0.6114942528735632,
        0.7126436781609194,
        0.6264367816091955,
        0.5977011494252874,
        0.7873563218390804,
        0.7279693486590038,
        0.6360153256704981,
        0.3103448275862069,
        0.6149425287356323,
        0.8352490421455938,
        0.882183908045977,
        0.8304597701149425,
        0.6206896551724138,
        0.8706896551724138,
        0.4344827586206897,
        0.7701149425287357,
        0.8505747126436782,
        0.5862068965517242,
        0.5919540229885057,
        0.5229885057471264,
        0.8419540229885056,
        0.6436781609195402,
        0.7241379310344827,
        0.7885057471264367,
        0.6839080459770115,
        0.6781609195402298,
        0.6628352490421455,
        0.8793103448275862,
        0.8390804597701149,
        0.7873563218390804,
        0.6819923371647509,
        0.4885057471264368,
        0.46551724137931033,
        0.5948275862068966,
        0.5632183908045978,
        0.8505747126436781,
        0.7662835249042145,
        0.6712643678160919,
        0.5333333333333334,
        0.5708812260536399,
        0.7729885057471264,
        0.7758620689655172,
        0.6965517241379311,
        0.5440613026819924,
        0.3402298850574713,
        0.6398467432950191,
        0.789272030651341,
        0.7844827586206896,
        0.7499999999999999,
        0.7547892720306514,
        0.7931034482758621,
        0.6666666666666666,
        0.8591954022988506,
        0.7195402298850574,
        0.6965517241379311,
        0.7977011494252874,
        0.7931034482758621,
        0.4559386973180077,
        0.8850574712643677,
        0.6695402298850575,
        0.5,
        0.5632183908045977,
        0.5977011494252873,
        0.8505747126436781,
        0.767816091954023
    ],
    "GreedyAdditional":[
        0.7701149425287357,
        0.5057471264367817,
        0.8,
        0.8045977011494252,
        0.636015325670498,
        0.8666666666666668,
        0.7793103448275863,
        0.9080459770114943,
        0.3716475095785441,
        0.7777777777777778,
        0.6482758620689656,
        0.7327586206896551,
        0.6704980842911877,
        0.6867816091954022,
        0.735632183908046,
        0.7787356321839081,
        0.6919540229885058,
        0.6114942528735632,
        0.7126436781609194,
        0.6264367816091955,
        0.5977011494252874,
        0.7873563218390804,
        0.7279693486590038,
        0.6360153256704981,
        0.3103448275862069,
        0.6149425287356323,
        0.8352490421455938,
        0.882183908045977,
        0.8304597701149425,
        0.6206896551724138,
        0.8706896551724138,
        0.4344827586206897,
        0.7701149425287357,
        0.8505747126436782,
        0.5862068965517242,
        0.5919540229885057,
        0.5229885057471264,
        0.8419540229885056,
        0.6436781609195402,
        0.7241379310344827,
        0.7885057471264367,
        0.6839080459770115,
        0.6781609195402298,
        0.6628352490421455,
        0.8793103448275862,
        0.8390804597701149,
        0.7873563218390804,
        0.6819923371647509,
        0.4885057471264368,
        0.46551724137931033,
        0.5948275862068966,
        0.5632183908045978,
        0.8505747126436781,
        0.7662835249042145,
        0.6712643678160919,
        0.5333333333333334,
        0.5708812260536399,
        0.7729885057471264,
        0.7758620689655172,
        0.6965517241379311,
        0.5440613026819924,
        0.3402298850574713,
        0.6398467432950191,
        0.789272030651341,
        0.7844827586206896,
        0.7499999999999999,
        0.7547892720306514,
        0.7931034482758621,
        0.6666666666666666,
        0.8591954022988506,
        0.7195402298850574,
        0.6965517241379311,
        0.7977011494252874,
        0.7931034482758621,
        0.4559386973180077,
        0.8850574712643677,
        0.6695402298850575,
        0.5,
        0.5632183908045977,
        0.5977011494252873,
        0.8505747126436781,
        0.767816091954023
    ],
    "GreedyAdditionalSimilarity":[
        0.5701149425287356,
        0.06034482758620689,
        0.40919540229885054,
        0.41379310344827586,
        0.5095785440613027,
        0.7218390804597702,
        0.5218390804597701,
        0.6609195402298851,
        0.3218390804597701,
        0.528735632183908,
        0.3977011494252874,
        0.41954022988505746,
        0.2835249042145594,
        0.485632183908046,
        0.6436781609195402,
        0.5632183908045977,
        0.7011494252873562,
        0.4413793103448277,
        0.4865900383141763,
        0.20402298850574713,
        0.3706896551724138,
        0.4109195402298851,
        0.4444444444444444,
        0.421455938697318,
        0.27011494252873564,
        0.08908045977011494,
        0.6666666666666666,
        0.6149425287356323,
        0.5660919540229885,
        0.2816091954022989,
        0.4540229885057471,
        0.15632183908045977,
        0.48275862068965525,
        0.42528735632183906,
        0.22126436781609196,
        0.46264367816091956,
        0.14080459770114942,
        0.5459770114942529,
        0.2413793103448276,
        0.47126436781609193,
        0.6298850574712643,
        0.4454022988505747,
        0.5402298850574713,
        0.367816091954023,
        0.28160919540229884,
        0.6752873563218391,
        0.5431034482758621,
        0.37931034482758624,
        0.35344827586206895,
        0.23563218390804597,
        0.2959770114942529,
        0.41609195402298854,
        0.4176245210727969,
        0.48275862068965525,
        0.23448275862068968,
        0.2850574712643678,
        0.1532567049808429,
        0.41091954022988514,
        0.692528735632184,
        0.2850574712643678,
        0.3218390804597701,
        0.3011494252873563,
        0.4597701149425288,
        0.3371647509578544,
        0.6408045977011494,
        0.5229885057471264,
        0.3295019157088122,
        0.3655172413793103,
        0.3563218390804598,
        0.7155172413793104,
        0.45977011494252873,
        0.5011494252873564,
        0.4988505747126437,
        0.5593869731800766,
        0.4444444444444445,
        0.6379310344827587,
        0.45402298850574707,
        0.32758620689655177,
        0.3333333333333333,
        0.4413793103448276,
        0.7097701149425288,
        0.496551724137931
    ],