{
    "ARTMaxMin":[
        0.6,
        0.5747126436781609,
        0.8758620689655172,
        0.9080459770114943,
        0.5478927203065135,
        0.8804597701149426,
        0.832183908045977,
        0.8850574712643677,
        0.735632183908046,
        0.5900383141762452,
        0.6344827586206897,
        0.8045977011494252,
        0.5823754789272031,
        0.8735632183908045,
        0.48275862068965514,
        0.8189655172413793,
        0.6620689655172413,
        0.5931034482758621,
        0.842911877394636,
        0.7241379310344828,
        0.5603448275862069,
        0.8563218390804597,
        0.5134099616858238,
        0.5402298850574713,
        0.43678160919540227,
        0.6091954022988506,
        0.8812260536398467,
        0.8160919540229885,
        0.8045977011494252,
        0.4885057471264368,
        0.8477011494252873,
        0.5011494252873563,
        0.8114942528735632,
        0.8362068965517241,
        0.4425287356321839,
        0.8160919540229885,
        0.5660919540229885,
        0.7902298850574713,
        0.5057471264367817,
        0.5919540229885057,
        0.9011494252873563,
        0.867816091954023,
        0.6781609195402298,
        0.7471264367816092,
        0.8333333333333333,
        0.8074712643678161,
        0.8419540229885057,
        0.8007662835249043,
        0.5775862068965517,
        0.6494252873563218,
        0.4597701149425287,
        0.5310344827586208,
        0.8582375478927203,
        0.735632183908046,
        0.6275862068965518,
        0.3724137931034483,
        0.44827586206896547,
        0.6724137931034482,
        0.7988505747126436,
        0.6804597701149426,
        0.7662835249042145,
        0.7448275862068965,
        0.4444444444444445,
        0.9348659003831418,
        0.7528735632183908,
        0.8017241379310345,
        0.6206896551724138,
        0.735632183908046,
        0.41379310344827586,
        0.7385057471264368,
        0.7172413793103448,
        0.6321839080459769,
        0.8459770114942529,
        0.5977011494252874,
        0.4521072796934866,
        0.6724137931034483,
        0.7873563218390804,
        0.8735632183908046,
        0.6819923371647509,
        0.7310344827586207,
        0.735632183908046,
        0.7954022988505747
    ],
    "Genetic":[
        0.5149425287356322,
        0.5431034482758621,
        0.8735632183908046,
        0.7988505747126436,
        0.5517241379310345,
        0.7494252873563219,
        0.728735632183908,
        0.9482758620689655,
        0.3256704980842912,
        0.4789272030651341,
        0.5402298850574713,
        0.8965517241379309,
        0.6053639846743295,
        0.5948275862068966,
        0.5919540229885057,
        0.7787356321839081,
        0.6436781609195401,
        0.5586206896551724,
        0.7432950191570882,
        0.632183908045977,
        0.6637931034482759,
        0.8936781609195402,
        0.4559386973180077,
        0.6513409961685824,
        0.1781609195402299,
        0.8448275862068967,
        0.6896551724137931,
        0.7327586206896551,
        0.8333333333333333,
        0.3793103448275862,
        0.6982758620689655,
        0.4735632183908046,
        0.8459770114942529,
        0.9195402298850575,
        0.4482758620689655,
        0.6264367816091954,
        0.4109195402298851,
        0.6522988505747126,
        0.6781609195402298,
        0.6724137931034483,
        0.728735632183908,
        0.7270114942528735,
        0.7126436781609194,
        0.7164750957854406,
        0.9712643678160919,
        0.7068965517241379,
        0.8017241379310345,
        0.6934865900383143,
        0.4770114942528736,
        0.4166666666666667,
        0.5114942528735633,
        0.542528735632184,
        0.8659003831417625,
        0.8199233716475095,
        0.5655172413793104,
        0.5057471264367817,
        0.5593869731800766,
        0.8045977011494253,
        0.810344827586207,
        0.7609195402298851,
        0.6245210727969348,
        0.45977011494252873,
        0.4636015325670498,
        0.9693486590038315,
        0.6551724137931034,
        0.8477011494252873,
        0.8199233716475095,
        0.6988505747126437,
        0.7241379310344828,
        0.6063218390804598,
        0.6919540229885058,
        0.657471264367816,
        0.8482758620689654,
        0.6934865900383143,
        0.2567049808429119,
        0.6954022988505747,
        0.5890804597701149,
        0.5517241379310345,
        0.6130268199233716,
        0.7034482758620689,
        0.7298850574712644,
        0.7310344827586206
    ],
    "GreedyAdditional":[
        0.7701149425287357,
        0.5057471264367817,
        0.8,
        0.8045977011494252,
        0.636015325670498,
        0.8666666666666668,
        0.7793103448275863,
        0.9080459770114943,
        0.3716475095785441,
        0.7777777777777778,
        0.6482758620689656,
        0.7327586206896551,
        0.6704980842911877,
        0.6867816091954022,
        0.735632183908046,
        0.7787356321839081,
        0.6919540229885058,
        0.6114942528735632,
        0.7126436781609194,
        0.6264367816091955,
        0.5977011494252874,
        0.7873563218390804,
        0.7279693486590038,
        0.6360153256704981,
        0.3103448275862069,
        0.6149425287356323,
        0.8352490421455938,
        0.882183908045977,
        0.8304597701149425,
        0.6206896551724138,
        0.8706896551724138,
        0.4344827586206897,
        0.7701149425287357,
        0.8505747126436782,
        0.5862068965517242,
        0.5919540229885057,
        0.5229885057471264,
        0.8419540229885056,
        0.6436781609195402,
        0.7241379310344827,
        0.7885057471264367,
        0.6839080459770115,
        0.6781609195402298,
        0.6628352490421455,
        0.8793103448275862,
        0.8390804597701149,
        0.7873563218390804,
        0.6819923371647509,
        0.4885057471264368,
        0.46551724137931033,
        0.5948275862068966,
        0.5632183908045978,
        0.8505747126436781,
        0.7662835249042145,
        0.6712643678160919,
        0.5333333333333334,
        0.5708812260536399,
        0.7729885057471264,
        0.7758620689655172,
        0.6965517241379311,
        0.5440613026819924,
        0.3402298850574713,
        0.6398467432950191,
        0.789272030651341,
        0.7844827586206896,
        0.7499999999999999,
        0.7547892720306514,
        0.7931034482758621,
        0.6666666666666666,
        0.8591954022988506,
        0.7195402298850574,
        0.6965517241379311,
        0.7977011494252874,
        0.7931034482758621,
        0.4559386973180077,
        0.8850574712643677,
        0.6695402298850575,
        0.5,
        0.5632183908045977,
        0.5977011494252873,
        0.8505747126436781,
        0.767816091954023
    ],