{
    "AdditionalTotal":[
        0.031278390655418556,
        0.04282933160285529,
        0.042569759896171316,
        0.04510058403634004,
        0.03223015357992646,
        0.04529526281635302,
        0.034782608695652174,
        0.04866969500324465,
        0.03915206575816569,
        0.04023361453601557,
        0.04075275794938351,
        0.03195976638546399,
        0.02963443651308674,
        0.046073977936404935,
        0.035691109669046074,
        0.04688513951979234,
        0.03426346528228423,
        0.025308241401687213,
        0.03958468526930565,
        0.025957170668397145,
        0.04380272550292018,
        0.03990914990266061,
        0.027038719446247028,
        0.027038719446247028,
        0.029526281635301754,
        0.03828682673588579,
        0.043478260869565216,
        0.045425048669695,
        0.04656067488643738,
        0.033419857235561325,
        0.03601557430240104,
        0.04218040233614536,
        0.04659312134977287,
        0.045749513303049966,
        0.027417261518494485,
        0.04380272550292018,
        0.03731343283582089,
        0.05288773523685918,
        0.04672290720311486,
        0.03747566515249838,
        0.04075275794938352,
        0.030012978585334197,
        0.03525849015790612,
        0.028769197490806836,
        0.04412719013627515,
        0.046073977936404935,
        0.03552887735236859,
        0.03763789746917586,
        0.030661907852044132,
        0.03244646333549643,
        0.029039584685269307,
        0.024789097988319273,
        0.04672290720311486,
        0.03482587064676617,
        0.034003893575600255,
        0.02985074626865672,
        0.022928834090417478,
        0.03293316028552888,
        0.048507462686567165,
        0.03036988968202466,
        0.04044992429158555,
        0.030499675535366644,
        0.04412719013627514,
        0.04044992429158555,
        0.041044776119402986,
        0.03990914990266061,
        0.03309539260220636,
        0.03828682673588579,
        0.048020765736534715,
        0.04201817001946788,
        0.03971447112264763,
        0.03971447112264763,
        0.043478260869565216,
        0.040017304780445594,
        0.031364914557646555,
        0.05191434133679429,
        0.04380272550292018,
        0.04120700843608047,
        0.027471338957386977,
        0.01791044776119403,
        0.04055807916937054,
        0.04412719013627514
    ],
    "GreedyAdditional":[
        0.7586206896551724,
        0.22126436781609193,
        0.6712643678160919,
        0.6494252873563219,
        0.5785440613026819,
        0.6804597701149425,
        0.7632183908045977,
        0.6724137931034482,
        0.3486590038314176,
        0.5134099616858238,
        0.6781609195402298,
        0.5172413793103449,
        0.578544061302682,
        0.5574712643678161,
        0.7011494252873562,
        0.7270114942528736,
        0.6505747126436783,
        0.6620689655172415,
        0.7432950191570882,
        0.6206896551724138,
        0.6063218390804598,
        0.6264367816091954,
        0.7471264367816092,
        0.7126436781609194,
        0.3218390804597701,
        0.37931034482758624,
        0.5363984674329502,
        0.5660919540229885,
        0.6867816091954023,
        0.5862068965517242,
        0.7155172413793104,
        0.40229885057471265,
        0.5770114942528735,
        0.57183908045977,
        0.4913793103448276,
        0.5689655172413792,
        0.45977011494252873,
        0.6954022988505747,
        0.6091954022988506,
        0.5431034482758621,
        0.8896551724137931,
        0.5287356321839081,
        0.685823754789272,
        0.6245210727969349,
        0.5689655172413792,
        0.8477011494252874,
        0.7528735632183908,
        0.5708812260536399,
        0.5517241379310345,
        0.3448275862068965,
        0.5545977011494253,
        0.45517241379310347,
        0.5823754789272031,
        0.5440613026819924,
        0.5793103448275863,
        0.4367816091954023,
        0.3448275862068965,
        0.6867816091954022,
        0.7614942528735632,
        0.48275862068965514,
        0.5363984674329502,
        0.30344827586206896,
        0.7241379310344827,
        0.6896551724137931,
        0.5919540229885056,
        0.646551724137931,
        0.521072796934866,
        0.6022988505747127,
        0.3333333333333333,
        0.8419540229885057,
        0.535632183908046,
        0.5862068965517241,
        0.5448275862068965,
        0.7241379310344828,
        0.47892720306513414,
        0.8620689655172413,
        0.5718390804597702,
        0.48850574712643674,
        0.5402298850574713,
        0.4850574712643678,
        0.7729885057471264,
        0.6298850574712643
    ],
    "GreedyAdditionalNew":[
        0.6574712643678161,
        0.29022988505747127,
        0.6919540229885058,
        0.6436781609195402,
        0.5823754789272031,
        0.6597701149425287,
        0.7770114942528735,
        0.7126436781609196,
        0.3371647509578544,
        0.3065134099616858,
        0.6,
        0.557471264367816,
        0.5938697318007663,
        0.5258620689655172,
        0.7183908045977012,
        0.6494252873563218,
        0.6689655172413793,
        0.6712643678160919,
        0.7701149425287358,
        0.6551724137931034,
        0.6149425287356322,
        0.6724137931034483,
        0.735632183908046,
        0.7318007662835249,
        0.3275862068965517,
        0.4224137931034483,
        0.5057471264367815,
        0.5373563218390804,
        0.6867816091954023,
        0.5229885057471264,
        0.735632183908046,
        0.46206896551724136,
        0.6160919540229886,
        0.6120689655172413,
        0.5172413793103448,
        0.5804597701149425,
        0.46839080459770116,
        0.6867816091954023,
        0.6379310344827587,
        0.5747126436781609,
        0.8827586206896552,
        0.5517241379310345,
        0.6973180076628352,
        0.632183908045977,
        0.6206896551724138,
        0.8333333333333334,
        0.7758620689655172,
        0.6206896551724138,
        0.5632183908045977,
        0.367816091954023,
        0.4454022988505747,
        0.45517241379310347,
        0.6130268199233716,
        0.5555555555555555,
        0.6183908045977011,
        0.45977011494252873,
        0.22605363984674332,
        0.7097701149425287,
        0.7758620689655172,
        0.5287356321839081,
        0.44827586206896547,
        0.30344827586206896,
        0.7203065134099615,
        0.7241379310344828,
        0.5660919540229885,
        0.6867816091954022,
        0.5402298850574713,
        0.5402298850574713,
        0.27586206896551724,
        0.82183908045977,
        0.5517241379310345,
        0.6183908045977011,
        0.5908045977011495,
        0.7432950191570882,
        0.47892720306513414,
        0.7068965517241379,
        0.574712643678161,
        0.5114942528735632,
        0.5862068965517241,
        0.503448275862069,
        0.7614942528735632,
        0.664367816091954
    ],