{
    "ARTMaxMin":[
        0.5448275862068966,
        0.6379310344827587,
        0.8091954022988507,
        0.9022988505747127,
        0.5363984674329502,
        0.689655172413793,
        0.5770114942528736,
        0.8218390804597702,
        0.39080459770114945,
        0.47892720306513414,
        0.6827586206896552,
        0.6293103448275862,
        0.421455938697318,
        0.7413793103448276,
        0.5057471264367817,
        0.8189655172413793,
        0.45977011494252873,
        0.6528735632183909,
        0.8237547892720306,
        0.6005747126436782,
        0.7126436781609196,
        0.6781609195402298,
        0.34099616858237547,
        0.33716475095785436,
        0.15517241379310345,
        0.6149425287356322,
        0.5440613026819924,
        0.5775862068965517,
        0.8563218390804598,
        0.48275862068965514,
        0.5804597701149425,
        0.6712643678160919,
        0.7080459770114943,
        0.632183908045977,
        0.5028735632183908,
        0.6666666666666666,
        0.47988505747126436,
        0.8362068965517242,
        0.6436781609195402,
        0.4885057471264368,
        0.8666666666666668,
        0.5948275862068965,
        0.7088122605363983,
        0.6053639846743294,
        0.5459770114942528,
        0.7241379310344828,
        0.7586206896551725,
        0.6819923371647509,
        0.382183908045977,
        0.43390804597701144,
        0.5258620689655172,
        0.39080459770114945,
        0.7049808429118775,
        0.6091954022988505,
        0.6206896551724138,
        0.3839080459770115,
        0.3333333333333333,
        0.5977011494252874,
        0.7873563218390804,
        0.5241379310344827,
        0.5632183908045977,
        0.48275862068965514,
        0.5593869731800766,
        0.8735632183908045,
        0.47988505747126436,
        0.7040229885057472,
        0.6130268199233716,
        0.5287356321839081,
        0.8390804597701149,
        0.7270114942528736,
        0.6114942528735632,
        0.45517241379310336,
        0.6551724137931034,
        0.6360153256704981,
        0.24904214559386975,
        0.7413793103448276,
        0.5948275862068966,
        0.6379310344827587,
        0.6130268199233716,
        0.5425287356321838,
        0.6293103448275862,
        0.7080459770114942
    ],
    "Genetic":[
        0.6988505747126437,
        0.4281609195402299,
        0.7172413793103448,
        0.5459770114942529,
        0.628352490421456,
        0.6597701149425287,
        0.632183908045977,
        0.896551724137931,
        0.40996168582375486,
        0.4597701149425288,
        0.7678160919540229,
        0.5229885057471264,
        0.6168582375478927,
        0.603448275862069,
        0.6896551724137931,
        0.7931034482758621,
        0.6321839080459771,
        0.6252873563218392,
        0.9195402298850576,
        0.5316091954022988,
        0.6522988505747127,
        0.8419540229885059,
        0.6590038314176244,
        0.31800766283524906,
        0.25862068965517243,
        0.5459770114942528,
        0.521072796934866,
        0.6954022988505748,
        0.6522988505747127,
        0.5689655172413792,
        0.6954022988505747,
        0.6,
        0.8298850574712645,
        0.6810344827586207,
        0.5431034482758621,
        0.6379310344827587,
        0.4885057471264368,
        0.6839080459770115,
        0.7931034482758621,
        0.692528735632184,
        0.8298850574712644,
        0.5833333333333333,
        0.7164750957854406,
        0.5172413793103449,
        0.5459770114942529,
        0.8074712643678161,
        0.7241379310344828,
        0.9080459770114944,
        0.4942528735632184,
        0.514367816091954,
        0.5603448275862069,
        0.296551724137931,
        0.7662835249042145,
        0.7126436781609197,
        0.8574712643678162,
        0.560919540229885,
        0.5287356321839081,
        0.885057471264368,
        0.853448275862069,
        0.6252873563218391,
        0.6781609195402298,
        0.3793103448275862,
        0.628352490421456,
        0.7164750957854406,
        0.471264367816092,
        0.8936781609195403,
        0.6475095785440613,
        0.7724137931034483,
        0.3563218390804598,
        0.7068965517241379,
        0.7333333333333334,
        0.7586206896551726,
        0.871264367816092,
        0.7509578544061303,
        0.2796934865900383,
        0.8505747126436782,
        0.6896551724137931,
        0.4367816091954023,
        0.6973180076628352,
        0.3425287356321839,
        0.82183908045977,
        0.8620689655172414
    ],
    "GreedyAdditional":[
        0.42068965517241386,
        0.2442528735632184,
        0.47816091954022993,
        0.42528735632183906,
        0.318007662835249,
        0.6137931034482758,
        0.5494252873563219,
        0.764367816091954,
        0.29118773946360155,
        0.421455938697318,
        0.47126436781609193,
        0.47126436781609193,
        0.3371647509578544,
        0.38505747126436785,
        0.5574712643678161,
        0.5172413793103449,
        0.5218390804597701,
        0.34252873563218394,
        0.5670498084291188,
        0.33620689655172414,
        0.5603448275862069,
        0.4827586206896552,
        0.1992337164750958,
        0.37931034482758624,
        0.12643678160919541,
        0.3333333333333333,
        0.31417624521072796,
        0.4166666666666667,
        0.5373563218390804,
        0.3735632183908046,
        0.4482758620689655,
        0.3241379310344828,
        0.6045977011494253,
        0.6235632183908045,
        0.3275862068965517,
        0.5431034482758621,
        0.27586206896551724,
        0.5775862068965517,
        0.47126436781609193,
        0.43965517241379315,
        0.5264367816091955,
        0.47988505747126436,
        0.5325670498084291,
        0.43295019157088116,
        0.5057471264367817,
        0.603448275862069,
        0.603448275862069,
        0.45210727969348663,
        0.30747126436781613,
        0.3045977011494253,
        0.3936781609195403,
        0.25287356321839083,
        0.6053639846743296,
        0.47892720306513414,
        0.4413793103448276,
        0.3609195402298851,
        0.31800766283524906,
        0.485632183908046,
        0.7126436781609196,
        0.3954022988505747,
        0.367816091954023,
        0.2482758620689655,
        0.43295019157088116,
        0.5172413793103449,
        0.339080459770115,
        0.6637931034482758,
        0.37547892720306514,
        0.5149425287356322,
        0.21839080459770116,
        0.4540229885057472,
        0.5264367816091954,
        0.46896551724137925,
        0.6252873563218391,
        0.6590038314176245,
        0.14942528735632185,
        0.5172413793103449,
        0.3879310344827587,
        0.367816091954023,
        0.421455938697318,
        0.3103448275862069,
        0.5057471264367817,
        0.554022988505747
    ],