{
    "ARTMaxMin":[
        0.5977011494252874,
        0.4885057471264368,
        0.8413793103448276,
        0.7758620689655172,
        0.5593869731800766,
        0.9057471264367816,
        0.825287356321839,
        0.9655172413793103,
        0.47126436781609193,
        0.6628352490421456,
        0.6827586206896552,
        0.7011494252873564,
        0.7969348659003831,
        0.675287356321839,
        0.5574712643678161,
        0.7988505747126436,
        0.639080459770115,
        0.6620689655172414,
        0.8620689655172414,
        0.7557471264367817,
        0.5977011494252873,
        0.882183908045977,
        0.43678160919540227,
        0.5862068965517242,
        0.19540229885057472,
        0.6609195402298851,
        0.8544061302681992,
        0.8649425287356322,
        0.8362068965517242,
        0.46264367816091956,
        0.8390804597701149,
        0.5011494252873563,
        0.825287356321839,
        0.7959770114942528,
        0.5086206896551724,
        0.6867816091954023,
        0.5172413793103449,
        0.7385057471264368,
        0.6494252873563218,
        0.5890804597701149,
        0.8390804597701148,
        0.8735632183908046,
        0.6360153256704981,
        0.685823754789272,
        0.8448275862068966,
        0.7988505747126438,
        0.896551724137931,
        0.846743295019157,
        0.514367816091954,
        0.5,
        0.4942528735632184,
        0.6229885057471264,
        0.8850574712643678,
        0.7547892720306514,
        0.7540229885057472,
        0.38850574712643676,
        0.4942528735632184,
        0.7385057471264368,
        0.7902298850574712,
        0.7678160919540231,
        0.6628352490421455,
        0.6459770114942529,
        0.47126436781609193,
        0.9386973180076628,
        0.8563218390804598,
        0.853448275862069,
        0.8084291187739462,
        0.7172413793103448,
        0.4482758620689655,
        0.7959770114942529,
        0.7241379310344828,
        0.6206896551724139,
        0.8367816091954022,
        0.685823754789272,
        0.37931034482758624,
        0.7413793103448276,
        0.7126436781609196,
        0.6954022988505748,
        0.7318007662835249,
        0.8459770114942529,
        0.7442528735632185,
        0.8229885057471265
    ],
    "Genetic":[
        0.639080459770115,
        0.5459770114942528,
        0.7586206896551724,
        0.8333333333333333,
        0.3754789272030652,
        0.6735632183908046,
        0.728735632183908,
        0.9022988505747127,
        0.36398467432950193,
        0.5363984674329502,
        0.5678160919540229,
        0.7241379310344828,
        0.5210727969348659,
        0.6494252873563219,
        0.7241379310344828,
        0.764367816091954,
        0.7149425287356321,
        0.4160919540229885,
        0.7279693486590038,
        0.5344827586206896,
        0.5201149425287357,
        0.6436781609195402,
        0.35632183908045983,
        0.7088122605363986,
        0.27011494252873564,
        0.617816091954023,
        0.4559386973180077,
        0.6120689655172413,
        0.6695402298850575,
        0.49712643678160917,
        0.6149425287356322,
        0.4183908045977011,
        0.6528735632183909,
        0.8045977011494252,
        0.47413793103448276,
        0.6149425287356323,
        0.33045977011494254,
        0.7298850574712643,
        0.40804597701149425,
        0.6666666666666666,
        0.7425287356321839,
        0.5718390804597702,
        0.6091954022988505,
        0.6206896551724138,
        0.8103448275862069,
        0.6666666666666666,
        0.7758620689655171,
        0.578544061302682,
        0.4770114942528736,
        0.28160919540229884,
        0.49712643678160917,
        0.5333333333333333,
        0.8084291187739462,
        0.7011494252873564,
        0.5149425287356323,
        0.4068965517241379,
        0.4521072796934866,
        0.646551724137931,
        0.75,
        0.6091954022988506,
        0.4904214559386973,
        0.37701149425287356,
        0.5134099616858238,
        0.7969348659003832,
        0.5229885057471264,
        0.7183908045977012,
        0.7011494252873564,
        0.6988505747126437,
        0.40229885057471265,
        0.6580459770114943,
        0.6137931034482758,
        0.5678160919540229,
        0.6804597701149426,
        0.7969348659003832,
        0.2950191570881226,
        0.7988505747126438,
        0.5114942528735632,
        0.4942528735632184,
        0.6015325670498085,
        0.4988505747126436,
        0.7729885057471264,
        0.7172413793103448
    ],
    "GreedyAdditional":[
        0.7701149425287357,
        0.5057471264367817,
        0.8,
        0.8045977011494252,
        0.636015325670498,
        0.8666666666666668,
        0.7793103448275863,
        0.9080459770114943,
        0.3716475095785441,
        0.7777777777777778,
        0.6482758620689656,
        0.7327586206896551,
        0.6704980842911877,
        0.6867816091954022,
        0.735632183908046,
        0.7787356321839081,
        0.6919540229885058,
        0.6114942528735632,
        0.7126436781609194,
        0.6264367816091955,
        0.5977011494252874,
        0.7873563218390804,
        0.7279693486590038,
        0.6360153256704981,
        0.3103448275862069,
        0.6149425287356323,
        0.8352490421455938,
        0.882183908045977,
        0.8304597701149425,
        0.6206896551724138,
        0.8706896551724138,
        0.4344827586206897,
        0.7701149425287357,
        0.8505747126436782,
        0.5862068965517242,
        0.5919540229885057,
        0.5229885057471264,
        0.8419540229885056,
        0.6436781609195402,
        0.7241379310344827,
        0.7885057471264367,
        0.6839080459770115,
        0.6781609195402298,
        0.6628352490421455,
        0.8793103448275862,
        0.8390804597701149,
        0.7873563218390804,
        0.6819923371647509,
        0.4885057471264368,
        0.46551724137931033,
        0.5948275862068966,
        0.5632183908045978,
        0.8505747126436781,
        0.7662835249042145,
        0.6712643678160919,
        0.5333333333333334,
        0.5708812260536399,
        0.7729885057471264,
        0.7758620689655172,
        0.6965517241379311,
        0.5440613026819924,
        0.3402298850574713,
        0.6398467432950191,
        0.789272030651341,
        0.7844827586206896,
        0.7499999999999999,
        0.7547892720306514,
        0.7931034482758621,
        0.6666666666666666,
        0.8591954022988506,
        0.7195402298850574,
        0.6965517241379311,
        0.7977011494252874,
        0.7931034482758621,
        0.4559386973180077,
        0.8850574712643677,
        0.6695402298850575,
        0.5,
        0.5632183908045977,
        0.5977011494252873,
        0.8505747126436781,
        0.767816091954023
    ],