{
    "ARTMaxMin":[
        0.47586206896551725,
        0.5316091954022989,
        0.7655172413793104,
        0.8103448275862069,
        0.6436781609195402,
        0.7448275862068965,
        0.6413793103448275,
        0.7931034482758621,
        0.6436781609195402,
        0.5670498084291188,
        0.5793103448275863,
        0.4798850574712644,
        0.39080459770114945,
        0.7557471264367815,
        0.5402298850574713,
        0.7586206896551724,
        0.45977011494252873,
        0.5287356321839081,
        0.7586206896551725,
        0.5344827586206897,
        0.6666666666666666,
        0.646551724137931,
        0.3486590038314176,
        0.4521072796934866,
        0.36206896551724144,
        0.44252873563218387,
        0.6590038314176245,
        0.646551724137931,
        0.7385057471264368,
        0.6293103448275862,
        0.5862068965517242,
        0.5770114942528736,
        0.6712643678160919,
        0.6206896551724138,
        0.5114942528735632,
        0.7155172413793104,
        0.5402298850574713,
        0.7614942528735632,
        0.5804597701149425,
        0.4511494252873563,
        0.8022988505747126,
        0.5,
        0.8045977011494253,
        0.5708812260536398,
        0.6091954022988506,
        0.7413793103448276,
        0.6695402298850576,
        0.5708812260536399,
        0.5172413793103449,
        0.5545977011494253,
        0.41666666666666663,
        0.4160919540229885,
        0.6206896551724138,
        0.5440613026819924,
        0.5195402298850575,
        0.38850574712643676,
        0.19157088122605362,
        0.6149425287356323,
        0.7701149425287356,
        0.4206896551724138,
        0.6704980842911877,
        0.5080459770114942,
        0.5632183908045977,
        0.7203065134099617,
        0.6206896551724138,
        0.6408045977011494,
        0.4942528735632184,
        0.4298850574712644,
        0.8850574712643678,
        0.6666666666666666,
        0.5862068965517241,
        0.4183908045977011,
        0.6091954022988506,
        0.6704980842911877,
        0.35632183908045983,
        0.7471264367816093,
        0.6408045977011495,
        0.735632183908046,
        0.43678160919540227,
        0.3724137931034483,
        0.6149425287356323,
        0.6298850574712643
    ],
    "Genetic":[
        0.8022988505747126,
        0.3160919540229885,
        0.735632183908046,
        0.5747126436781609,
        0.3256704980842912,
        0.6850574712643678,
        0.6942528735632184,
        0.9080459770114943,
        0.39846743295019155,
        0.5517241379310345,
        0.7724137931034483,
        0.5660919540229885,
        0.42911877394636017,
        0.6235632183908045,
        0.7183908045977012,
        0.7672413793103448,
        0.6919540229885058,
        0.535632183908046,
        0.8544061302681992,
        0.47413793103448276,
        0.6379310344827586,
        0.7528735632183908,
        0.5478927203065134,
        0.6206896551724138,
        0.3103448275862069,
        0.5028735632183908,
        0.4482758620689655,
        0.617816091954023,
        0.7844827586206897,
        0.32183908045977017,
        0.7212643678160919,
        0.45517241379310347,
        0.7632183908045976,
        0.8275862068965517,
        0.6436781609195403,
        0.6235632183908045,
        0.3563218390804598,
        0.6752873563218391,
        0.5574712643678161,
        0.5833333333333334,
        0.8436781609195403,
        0.5316091954022989,
        0.5632183908045977,
        0.5708812260536399,
        0.7816091954022988,
        0.6666666666666667,
        0.764367816091954,
        0.7164750957854406,
        0.5488505747126438,
        0.3132183908045977,
        0.6379310344827587,
        0.3264367816091954,
        0.7931034482758621,
        0.7432950191570882,
        0.7310344827586207,
        0.47126436781609204,
        0.4827586206896552,
        0.8419540229885057,
        0.8189655172413793,
        0.5908045977011495,
        0.6360153256704981,
        0.3977011494252874,
        0.5900383141762452,
        0.8160919540229884,
        0.4885057471264368,
        0.6896551724137931,
        0.5402298850574713,
        0.8160919540229885,
        0.4942528735632184,
        0.6954022988505747,
        0.6597701149425287,
        0.6505747126436783,
        0.728735632183908,
        0.789272030651341,
        0.27586206896551724,
        0.764367816091954,
        0.6350574712643678,
        0.5,
        0.6245210727969349,
        0.4413793103448276,
        0.8419540229885059,
        0.8
    ],
    "GreedyAdditional":[
        0.42068965517241386,
        0.2442528735632184,
        0.47816091954022993,
        0.42528735632183906,
        0.318007662835249,
        0.6137931034482758,
        0.5494252873563219,
        0.764367816091954,
        0.29118773946360155,
        0.421455938697318,
        0.47126436781609193,
        0.47126436781609193,
        0.3371647509578544,
        0.38505747126436785,
        0.5574712643678161,
        0.5172413793103449,
        0.5218390804597701,
        0.34252873563218394,
        0.5670498084291188,
        0.33620689655172414,
        0.5603448275862069,
        0.4827586206896552,
        0.1992337164750958,
        0.37931034482758624,
        0.12643678160919541,
        0.3333333333333333,
        0.31417624521072796,
        0.4166666666666667,
        0.5373563218390804,
        0.3735632183908046,
        0.4482758620689655,
        0.3241379310344828,
        0.6045977011494253,
        0.6235632183908045,
        0.3275862068965517,
        0.5431034482758621,
        0.27586206896551724,
        0.5775862068965517,
        0.47126436781609193,
        0.43965517241379315,
        0.5264367816091955,
        0.47988505747126436,
        0.5325670498084291,
        0.43295019157088116,
        0.5057471264367817,
        0.603448275862069,
        0.603448275862069,
        0.45210727969348663,
        0.30747126436781613,
        0.3045977011494253,
        0.3936781609195403,
        0.25287356321839083,
        0.6053639846743296,
        0.47892720306513414,
        0.4413793103448276,
        0.3609195402298851,
        0.31800766283524906,
        0.485632183908046,
        0.7126436781609196,
        0.3954022988505747,
        0.367816091954023,
        0.2482758620689655,
        0.43295019157088116,
        0.5172413793103449,
        0.339080459770115,
        0.6637931034482758,
        0.37547892720306514,
        0.5149425287356322,
        0.21839080459770116,
        0.4540229885057472,
        0.5264367816091954,
        0.46896551724137925,
        0.6252873563218391,
        0.6590038314176245,
        0.14942528735632185,
        0.5172413793103449,
        0.3879310344827587,
        0.367816091954023,
        0.421455938697318,
        0.3103448275862069,
        0.5057471264367817,
        0.554022988505747
    ],