{
    "ARTMaxMin":[
        0.6988505747126437,
        0.5373563218390804,
        0.8275862068965516,
        0.7126436781609196,
        0.7088122605363983,
        0.8482758620689654,
        0.6413793103448275,
        0.8448275862068966,
        0.7739463601532567,
        0.6283524904214559,
        0.6689655172413793,
        0.6494252873563219,
        0.4252873563218391,
        0.8074712643678161,
        0.5287356321839081,
        0.75,
        0.4804597701149425,
        0.5494252873563219,
        0.8467432950191571,
        0.57183908045977,
        0.5517241379310345,
        0.7816091954022988,
        0.521072796934866,
        0.5632183908045977,
        0.5229885057471264,
        0.48275862068965514,
        0.7279693486590038,
        0.7586206896551725,
        0.7729885057471264,
        0.5574712643678161,
        0.7126436781609196,
        0.542528735632184,
        0.5954022988505747,
        0.6781609195402298,
        0.560344827586207,
        0.6350574712643678,
        0.603448275862069,
        0.5373563218390804,
        0.3390804597701149,
        0.3850574712643678,
        0.8735632183908045,
        0.5344827586206896,
        0.7777777777777777,
        0.7816091954022989,
        0.7931034482758621,
        0.735632183908046,
        0.6839080459770115,
        0.6743295019157088,
        0.7068965517241379,
        0.6120689655172413,
        0.6005747126436782,
        0.47816091954022993,
        0.681992337164751,
        0.8314176245210728,
        0.6114942528735632,
        0.40919540229885054,
        0.5134099616858238,
        0.6695402298850575,
        0.6609195402298851,
        0.6275862068965516,
        0.8850574712643678,
        0.7241379310344828,
        0.3256704980842912,
        0.9003831417624522,
        0.7528735632183908,
        0.5201149425287357,
        0.5287356321839081,
        0.5724137931034482,
        0.41379310344827586,
        0.735632183908046,
        0.5149425287356322,
        0.3471264367816092,
        0.4896551724137931,
        0.4865900383141763,
        0.524904214559387,
        0.6379310344827587,
        0.7442528735632185,
        0.867816091954023,
        0.4827586206896551,
        0.5724137931034483,
        0.7614942528735632,
        0.6413793103448275
    ],
    "Genetic":[
        0.6942528735632184,
        0.2442528735632184,
        0.6781609195402298,
        0.6666666666666667,
        0.6398467432950192,
        0.6689655172413793,
        0.7471264367816092,
        0.6839080459770115,
        0.34099616858237547,
        0.4942528735632184,
        0.6620689655172415,
        0.5229885057471264,
        0.5900383141762452,
        0.5574712643678161,
        0.7068965517241379,
        0.7126436781609196,
        0.6344827586206897,
        0.5563218390804598,
        0.7471264367816093,
        0.632183908045977,
        0.6350574712643678,
        0.646551724137931,
        0.5747126436781609,
        0.7011494252873564,
        0.3218390804597701,
        0.41954022988505746,
        0.5670498084291188,
        0.5804597701149425,
        0.6982758620689655,
        0.5948275862068966,
        0.6666666666666666,
        0.425287356321839,
        0.6413793103448275,
        0.6005747126436781,
        0.4971264367816092,
        0.5948275862068966,
        0.4051724137931034,
        0.7212643678160919,
        0.6724137931034483,
        0.5747126436781609,
        0.8574712643678162,
        0.5402298850574713,
        0.7624521072796936,
        0.6053639846743295,
        0.5689655172413792,
        0.839080459770115,
        0.7212643678160919,
        0.6015325670498085,
        0.5431034482758621,
        0.4109195402298851,
        0.5316091954022989,
        0.4505747126436782,
        0.5862068965517241,
        0.5363984674329502,
        0.5586206896551724,
        0.4850574712643678,
        0.3448275862068966,
        0.5775862068965517,
        0.7758620689655172,
        0.4896551724137931,
        0.5287356321839081,
        0.2942528735632184,
        0.7509578544061304,
        0.6973180076628352,
        0.5747126436781609,
        0.7040229885057472,
        0.5440613026819924,
        0.5517241379310345,
        0.4367816091954023,
        0.8103448275862069,
        0.5264367816091954,
        0.6045977011494253,
        0.6183908045977011,
        0.735632183908046,
        0.4482758620689655,
        0.8735632183908046,
        0.5747126436781609,
        0.4885057471264368,
        0.5440613026819924,
        0.44827586206896547,
        0.7586206896551724,
        0.639080459770115
    ],
    "GreedyAdditional":[
        0.7586206896551724,
        0.22126436781609193,
        0.6712643678160919,
        0.6494252873563219,
        0.5785440613026819,
        0.6804597701149425,
        0.7632183908045977,
        0.6724137931034482,
        0.3486590038314176,
        0.5134099616858238,
        0.6781609195402298,
        0.5172413793103449,
        0.578544061302682,
        0.5574712643678161,
        0.7011494252873562,
        0.7270114942528736,
        0.6505747126436783,
        0.6620689655172415,
        0.7432950191570882,
        0.6206896551724138,
        0.6063218390804598,
        0.6264367816091954,
        0.7471264367816092,
        0.7126436781609194,
        0.3218390804597701,
        0.37931034482758624,
        0.5363984674329502,
        0.5660919540229885,
        0.6867816091954023,
        0.5862068965517242,
        0.7155172413793104,
        0.40229885057471265,
        0.5770114942528735,
        0.57183908045977,
        0.4913793103448276,
        0.5689655172413792,
        0.45977011494252873,
        0.6954022988505747,
        0.6091954022988506,
        0.5431034482758621,
        0.8896551724137931,
        0.5287356321839081,
        0.685823754789272,
        0.6245210727969349,
        0.5689655172413792,
        0.8477011494252874,
        0.7528735632183908,
        0.5708812260536399,
        0.5517241379310345,
        0.3448275862068965,
        0.5545977011494253,
        0.45517241379310347,
        0.5823754789272031,
        0.5440613026819924,
        0.5793103448275863,
        0.4367816091954023,
        0.3448275862068965,
        0.6867816091954022,
        0.7614942528735632,
        0.48275862068965514,
        0.5363984674329502,
        0.30344827586206896,
        0.7241379310344827,
        0.6896551724137931,
        0.5919540229885056,
        0.646551724137931,
        0.521072796934866,
        0.6022988505747127,
        0.3333333333333333,
        0.8419540229885057,
        0.535632183908046,
        0.5862068965517241,
        0.5448275862068965,
        0.7241379310344828,
        0.47892720306513414,
        0.8620689655172413,
        0.5718390804597702,
        0.48850574712643674,
        0.5402298850574713,
        0.4850574712643678,
        0.7729885057471264,
        0.6298850574712643
    ],