{
    "AdditionalTotal":[
        0.7425287356321839,
        0.4770114942528736,
        0.7264367816091954,
        0.6206896551724138,
        0.6015325670498085,
        0.7172413793103448,
        0.6528735632183907,
        0.9195402298850575,
        0.41379310344827586,
        0.5823754789272031,
        0.8413793103448276,
        0.5632183908045977,
        0.5747126436781609,
        0.6379310344827587,
        0.5862068965517242,
        0.8304597701149425,
        0.5885057471264368,
        0.4482758620689656,
        0.842911877394636,
        0.4885057471264368,
        0.8074712643678161,
        0.7902298850574712,
        0.3371647509578544,
        0.4559386973180077,
        0.15517241379310345,
        0.6494252873563218,
        0.5095785440613027,
        0.6810344827586208,
        0.7701149425287357,
        0.7385057471264367,
        0.7155172413793103,
        0.6045977011494252,
        0.8850574712643677,
        0.8448275862068966,
        0.4367816091954023,
        0.6494252873563218,
        0.47988505747126436,
        0.824712643678161,
        0.8333333333333333,
        0.6149425287356322,
        0.8,
        0.6264367816091955,
        0.7509578544061303,
        0.6628352490421455,
        0.8103448275862069,
        0.7787356321839081,
        0.7241379310344827,
        0.8160919540229884,
        0.3735632183908046,
        0.5747126436781609,
        0.7586206896551724,
        0.34252873563218394,
        0.8007662835249042,
        0.8045977011494253,
        0.7977011494252872,
        0.6413793103448275,
        0.685823754789272,
        0.6436781609195402,
        0.8764367816091954,
        0.6666666666666666,
        0.5977011494252874,
        0.3471264367816092,
        0.6819923371647509,
        0.7394636015325671,
        0.46264367816091956,
        0.7959770114942528,
        0.6245210727969348,
        0.8459770114942529,
        0.5517241379310345,
        0.7873563218390804,
        0.664367816091954,
        0.7195402298850574,
        0.8436781609195402,
        0.6973180076628352,
        0.24521072796934865,
        0.9310344827586208,
        0.6666666666666667,
        0.471264367816092,
        0.6206896551724138,
        0.3586206896551724,
        0.7816091954022989,
        0.8666666666666666
    ],
    "GreedyAdditional":[
        0.42068965517241386,
        0.2442528735632184,
        0.47816091954022993,
        0.42528735632183906,
        0.318007662835249,
        0.6137931034482758,
        0.5494252873563219,
        0.764367816091954,
        0.29118773946360155,
        0.421455938697318,
        0.47126436781609193,
        0.47126436781609193,
        0.3371647509578544,
        0.38505747126436785,
        0.5574712643678161,
        0.5172413793103449,
        0.5218390804597701,
        0.34252873563218394,
        0.5670498084291188,
        0.33620689655172414,
        0.5603448275862069,
        0.4827586206896552,
        0.1992337164750958,
        0.37931034482758624,
        0.12643678160919541,
        0.3333333333333333,
        0.31417624521072796,
        0.4166666666666667,
        0.5373563218390804,
        0.3735632183908046,
        0.4482758620689655,
        0.3241379310344828,
        0.6045977011494253,
        0.6235632183908045,
        0.3275862068965517,
        0.5431034482758621,
        0.27586206896551724,
        0.5775862068965517,
        0.47126436781609193,
        0.43965517241379315,
        0.5264367816091955,
        0.47988505747126436,
        0.5325670498084291,
        0.43295019157088116,
        0.5057471264367817,
        0.603448275862069,
        0.603448275862069,
        0.45210727969348663,
        0.30747126436781613,
        0.3045977011494253,
        0.3936781609195403,
        0.25287356321839083,
        0.6053639846743296,
        0.47892720306513414,
        0.4413793103448276,
        0.3609195402298851,
        0.31800766283524906,
        0.485632183908046,
        0.7126436781609196,
        0.3954022988505747,
        0.367816091954023,
        0.2482758620689655,
        0.43295019157088116,
        0.5172413793103449,
        0.339080459770115,
        0.6637931034482758,
        0.37547892720306514,
        0.5149425287356322,
        0.21839080459770116,
        0.4540229885057472,
        0.5264367816091954,
        0.46896551724137925,
        0.6252873563218391,
        0.6590038314176245,
        0.14942528735632185,
        0.5172413793103449,
        0.3879310344827587,
        0.367816091954023,
        0.421455938697318,
        0.3103448275862069,
        0.5057471264367817,
        0.554022988505747
    ],
    "GreedyAdditionalSimilarity":[
        0.22758620689655173,
        0.21551724137931033,
        0.5540229885057472,
        0.367816091954023,
        0.36015325670498083,
        0.6183908045977012,
        0.4206896551724138,
        0.7816091954022988,
        0.20306513409961688,
        0.44061302681992337,
        0.33103448275862074,
        0.3505747126436782,
        0.3563218390804597,
        0.27298850574712646,
        0.5287356321839081,
        0.4367816091954023,
        0.44827586206896547,
        0.31264367816091954,
        0.4942528735632184,
        0.34195402298850575,
        0.44252873563218387,
        0.6666666666666667,
        0.19923371647509577,
        0.18007662835249041,
        0.11494252873563218,
        0.21264367816091953,
        0.578544061302682,
        0.5775862068965517,
        0.5258620689655172,
        0.05459770114942529,
        0.26436781609195403,
        0.19080459770114944,
        0.5793103448275863,
        0.5689655172413792,
        0.3620689655172414,
        0.41954022988505746,
        0.1810344827586207,
        0.27298850574712646,
        0.3448275862068966,
        0.4827586206896552,
        0.3977011494252874,
        0.4051724137931034,
        0.4521072796934866,
        0.35249042145593873,
        0.3735632183908046,
        0.4827586206896552,
        0.6005747126436781,
        0.4942528735632184,
        0.3390804597701149,
        0.20114942528735633,
        0.16091954022988508,
        0.18850574712643678,
        0.6015325670498085,
        0.521072796934866,
        0.4482758620689656,
        0.2827586206896552,
        0.35249042145593873,
        0.4770114942528736,
        0.6666666666666666,
        0.5954022988505747,
        0.47509578544061304,
        0.26436781609195403,
        0.10727969348659004,
        0.4636015325670499,
        0.5488505747126438,
        0.75,
        0.43295019157088127,
        0.4505747126436782,
        0.3563218390804598,
        0.382183908045977,
        0.5264367816091954,
        0.45517241379310347,
        0.7310344827586207,
        0.6130268199233716,
        0.20689655172413793,
        0.37931034482758624,
        0.45689655172413796,
        0.367816091954023,
        0.4674329501915709,
        0.25747126436781603,
        0.471264367816092,
        0.46206896551724147
    ],