{
    "AdditionalTotal":[
        0.7701149425287357,
        0.5057471264367817,
        0.8,
        0.8045977011494252,
        0.636015325670498,
        0.8666666666666668,
        0.7793103448275863,
        0.9080459770114943,
        0.3716475095785441,
        0.7777777777777778,
        0.6482758620689656,
        0.7327586206896551,
        0.6704980842911877,
        0.6867816091954022,
        0.735632183908046,
        0.7787356321839081,
        0.6919540229885058,
        0.6114942528735632,
        0.7126436781609194,
        0.6264367816091955,
        0.5977011494252874,
        0.7873563218390804,
        0.7279693486590038,
        0.6360153256704981,
        0.3103448275862069,
        0.6149425287356323,
        0.8352490421455938,
        0.882183908045977,
        0.8304597701149425,
        0.6206896551724138,
        0.8706896551724138,
        0.4344827586206897,
        0.7701149425287357,
        0.8505747126436782,
        0.5862068965517242,
        0.5919540229885057,
        0.5229885057471264,
        0.8419540229885056,
        0.6436781609195402,
        0.7241379310344827,
        0.7885057471264367,
        0.6839080459770115,
        0.6781609195402298,
        0.6628352490421455,
        0.8793103448275862,
        0.8390804597701149,
        0.7873563218390804,
        0.6819923371647509,
        0.4885057471264368,
        0.46551724137931033,
        0.5948275862068966,
        0.5632183908045978,
        0.8505747126436781,
        0.7662835249042145,
        0.6712643678160919,
        0.5333333333333334,
        0.5708812260536399,
        0.7729885057471264,
        0.7758620689655172,
        0.6965517241379311,
        0.5440613026819924,
        0.3402298850574713,
        0.6398467432950191,
        0.789272030651341,
        0.7844827586206896,
        0.7499999999999999,
        0.7547892720306514,
        0.7931034482758621,
        0.6666666666666666,
        0.8591954022988506,
        0.7195402298850574,
        0.6965517241379311,
        0.7977011494252874,
        0.7931034482758621,
        0.4559386973180077,
        0.8850574712643677,
        0.6695402298850575,
        0.5,
        0.5632183908045977,
        0.5977011494252873,
        0.8505747126436781,
        0.767816091954023
    ],
    "GreedyAdditional":[
        0.7701149425287357,
        0.5057471264367817,
        0.8,
        0.8045977011494252,
        0.636015325670498,
        0.8666666666666668,
        0.7793103448275863,
        0.9080459770114943,
        0.3716475095785441,
        0.7777777777777778,
        0.6482758620689656,
        0.7327586206896551,
        0.6704980842911877,
        0.6867816091954022,
        0.735632183908046,
        0.7787356321839081,
        0.6919540229885058,
        0.6114942528735632,
        0.7126436781609194,
        0.6264367816091955,
        0.5977011494252874,
        0.7873563218390804,
        0.7279693486590038,
        0.6360153256704981,
        0.3103448275862069,
        0.6149425287356323,
        0.8352490421455938,
        0.882183908045977,
        0.8304597701149425,
        0.6206896551724138,
        0.8706896551724138,
        0.4344827586206897,
        0.7701149425287357,
        0.8505747126436782,
        0.5862068965517242,
        0.5919540229885057,
        0.5229885057471264,
        0.8419540229885056,
        0.6436781609195402,
        0.7241379310344827,
        0.7885057471264367,
        0.6839080459770115,
        0.6781609195402298,
        0.6628352490421455,
        0.8793103448275862,
        0.8390804597701149,
        0.7873563218390804,
        0.6819923371647509,
        0.4885057471264368,
        0.46551724137931033,
        0.5948275862068966,
        0.5632183908045978,
        0.8505747126436781,
        0.7662835249042145,
        0.6712643678160919,
        0.5333333333333334,
        0.5708812260536399,
        0.7729885057471264,
        0.7758620689655172,
        0.6965517241379311,
        0.5440613026819924,
        0.3402298850574713,
        0.6398467432950191,
        0.789272030651341,
        0.7844827586206896,
        0.7499999999999999,
        0.7547892720306514,
        0.7931034482758621,
        0.6666666666666666,
        0.8591954022988506,
        0.7195402298850574,
        0.6965517241379311,
        0.7977011494252874,
        0.7931034482758621,
        0.4559386973180077,
        0.8850574712643677,
        0.6695402298850575,
        0.5,
        0.5632183908045977,
        0.5977011494252873,
        0.8505747126436781,
        0.767816091954023
    ],
    "GreedyAdditionalNew":[
        0.639080459770115,
        0.5919540229885057,
        0.8528735632183908,
        0.7988505747126438,
        0.6206896551724138,
        0.7310344827586206,
        0.6459770114942529,
        0.9655172413793103,
        0.37547892720306514,
        0.4597701149425288,
        0.5655172413793104,
        0.8304597701149425,
        0.47509578544061304,
        0.6350574712643678,
        0.764367816091954,
        0.7011494252873564,
        0.7609195402298851,
        0.6436781609195402,
        0.8007662835249043,
        0.514367816091954,
        0.6494252873563218,
        0.8908045977011494,
        0.5938697318007663,
        0.7011494252873564,
        0.3448275862068965,
        0.6954022988505747,
        0.6819923371647509,
        0.75,
        0.8649425287356322,
        0.35919540229885055,
        0.6120689655172413,
        0.528735632183908,
        0.8528735632183908,
        0.8764367816091954,
        0.6408045977011494,
        0.5689655172413793,
        0.3706896551724138,
        0.632183908045977,
        0.6781609195402298,
        0.7873563218390804,
        0.774712643678161,
        0.7212643678160919,
        0.7509578544061303,
        0.6168582375478927,
        0.9482758620689655,
        0.6982758620689655,
        0.7902298850574713,
        0.7969348659003832,
        0.5689655172413792,
        0.48275862068965525,
        0.46839080459770116,
        0.4252873563218391,
        0.8620689655172414,
        0.7701149425287358,
        0.5747126436781609,
        0.5218390804597701,
        0.5134099616858238,
        0.8247126436781609,
        0.8735632183908046,
        0.728735632183908,
        0.5593869731800766,
        0.4206896551724138,
        0.5057471264367815,
        0.8735632183908045,
        0.6063218390804598,
        0.8620689655172413,
        0.8160919540229884,
        0.7310344827586206,
        0.8850574712643678,
        0.7298850574712643,
        0.7494252873563219,
        0.7471264367816092,
        0.9126436781609195,
        0.8237547892720306,
        0.40229885057471265,
        0.6206896551724137,
        0.6379310344827586,
        0.5804597701149425,
        0.6781609195402298,
        0.6551724137931034,
        0.8304597701149425,
        0.7701149425287357
    ],