{
    "ARTMaxMin":[
        0.6988505747126437,
        0.5373563218390806,
        0.8367816091954025,
        0.7873563218390804,
        0.5708812260536399,
        0.8827586206896552,
        0.6482758620689655,
        0.9022988505747126,
        0.6015325670498084,
        0.7279693486590039,
        0.7632183908045977,
        0.6551724137931035,
        0.4176245210727969,
        0.8189655172413793,
        0.5229885057471264,
        0.735632183908046,
        0.4804597701149425,
        0.6965517241379311,
        0.8888888888888888,
        0.5603448275862069,
        0.5028735632183908,
        0.7586206896551725,
        0.4904214559386974,
        0.6398467432950191,
        0.5344827586206897,
        0.6379310344827586,
        0.7241379310344828,
        0.7586206896551724,
        0.7614942528735632,
        0.514367816091954,
        0.7155172413793104,
        0.5379310344827587,
        0.6804597701149425,
        0.7442528735632183,
        0.49425287356321845,
        0.7413793103448276,
        0.6350574712643677,
        0.6695402298850576,
        0.40804597701149425,
        0.4195402298850575,
        0.8413793103448276,
        0.5459770114942528,
        0.7241379310344828,
        0.6283524904214559,
        0.9080459770114941,
        0.7183908045977011,
        0.6982758620689654,
        0.7203065134099617,
        0.6781609195402298,
        0.6120689655172414,
        0.5833333333333333,
        0.4390804597701149,
        0.7203065134099617,
        0.6781609195402298,
        0.6252873563218391,
        0.3218390804597701,
        0.4674329501915709,
        0.7844827586206896,
        0.6609195402298851,
        0.5448275862068965,
        0.8237547892720306,
        0.7310344827586207,
        0.40229885057471265,
        0.888888888888889,
        0.7011494252873564,
        0.5660919540229885,
        0.4904214559386973,
        0.6482758620689655,
        0.367816091954023,
        0.6839080459770115,
        0.5172413793103449,
        0.367816091954023,
        0.5241379310344827,
        0.5095785440613027,
        0.5325670498084292,
        0.6436781609195403,
        0.7155172413793103,
        0.8793103448275863,
        0.4980842911877395,
        0.5793103448275861,
        0.7126436781609194,
        0.710344827586207
    ],
    "Genetic":[
        0.6827586206896552,
        0.27873563218390807,
        0.6712643678160919,
        0.6724137931034483,
        0.6973180076628352,
        0.6643678160919539,
        0.6988505747126437,
        0.7068965517241379,
        0.34099616858237547,
        0.5210727969348659,
        0.689655172413793,
        0.5775862068965517,
        0.5172413793103449,
        0.5689655172413793,
        0.6609195402298851,
        0.6666666666666666,
        0.639080459770115,
        0.5770114942528737,
        0.7432950191570882,
        0.5316091954022989,
        0.6091954022988506,
        0.6264367816091954,
        0.578544061302682,
        0.6934865900383143,
        0.2931034482758621,
        0.46264367816091956,
        0.5363984674329502,
        0.5660919540229885,
        0.6695402298850575,
        0.632183908045977,
        0.5775862068965518,
        0.432183908045977,
        0.6045977011494253,
        0.5919540229885057,
        0.4540229885057471,
        0.5948275862068966,
        0.3390804597701149,
        0.7068965517241379,
        0.632183908045977,
        0.5344827586206896,
        0.8528735632183908,
        0.5402298850574713,
        0.7854406130268199,
        0.6053639846743296,
        0.603448275862069,
        0.8706896551724137,
        0.7413793103448276,
        0.582375478927203,
        0.5201149425287356,
        0.4281609195402299,
        0.5229885057471264,
        0.40459770114942534,
        0.6091954022988505,
        0.5402298850574713,
        0.5149425287356322,
        0.47126436781609193,
        0.367816091954023,
        0.6293103448275862,
        0.7816091954022989,
        0.4942528735632184,
        0.5172413793103449,
        0.33333333333333337,
        0.685823754789272,
        0.6896551724137931,
        0.632183908045977,
        0.6810344827586207,
        0.5210727969348659,
        0.6045977011494253,
        0.25287356321839083,
        0.8045977011494252,
        0.5816091954022988,
        0.5862068965517241,
        0.5931034482758621,
        0.7088122605363986,
        0.4674329501915709,
        0.8448275862068966,
        0.5977011494252874,
        0.4942528735632184,
        0.5287356321839081,
        0.4528735632183908,
        0.7413793103448275,
        0.6413793103448275
    ],
    "GreedyAdditional":[
        0.7586206896551724,
        0.22126436781609193,
        0.6712643678160919,
        0.6494252873563219,
        0.5785440613026819,
        0.6804597701149425,
        0.7632183908045977,
        0.6724137931034482,
        0.3486590038314176,
        0.5134099616858238,
        0.6781609195402298,
        0.5172413793103449,
        0.578544061302682,
        0.5574712643678161,
        0.7011494252873562,
        0.7270114942528736,
        0.6505747126436783,
        0.6620689655172415,
        0.7432950191570882,
        0.6206896551724138,
        0.6063218390804598,
        0.6264367816091954,
        0.7471264367816092,
        0.7126436781609194,
        0.3218390804597701,
        0.37931034482758624,
        0.5363984674329502,
        0.5660919540229885,
        0.6867816091954023,
        0.5862068965517242,
        0.7155172413793104,
        0.40229885057471265,
        0.5770114942528735,
        0.57183908045977,
        0.4913793103448276,
        0.5689655172413792,
        0.45977011494252873,
        0.6954022988505747,
        0.6091954022988506,
        0.5431034482758621,
        0.8896551724137931,
        0.5287356321839081,
        0.685823754789272,
        0.6245210727969349,
        0.5689655172413792,
        0.8477011494252874,
        0.7528735632183908,
        0.5708812260536399,
        0.5517241379310345,
        0.3448275862068965,
        0.5545977011494253,
        0.45517241379310347,
        0.5823754789272031,
        0.5440613026819924,
        0.5793103448275863,
        0.4367816091954023,
        0.3448275862068965,
        0.6867816091954022,
        0.7614942528735632,
        0.48275862068965514,
        0.5363984674329502,
        0.30344827586206896,
        0.7241379310344827,
        0.6896551724137931,
        0.5919540229885056,
        0.646551724137931,
        0.521072796934866,
        0.6022988505747127,
        0.3333333333333333,
        0.8419540229885057,
        0.535632183908046,
        0.5862068965517241,
        0.5448275862068965,
        0.7241379310344828,
        0.47892720306513414,
        0.8620689655172413,
        0.5718390804597702,
        0.48850574712643674,
        0.5402298850574713,
        0.4850574712643678,
        0.7729885057471264,
        0.6298850574712643
    ],