{
    "ARTMaxMin":[
        0.6367816091954024,
        0.3879310344827587,
        0.7563218390804598,
        0.8160919540229885,
        0.5095785440613027,
        0.6735632183908045,
        0.6528735632183909,
        0.7873563218390804,
        0.5134099616858238,
        0.5095785440613027,
        0.6413793103448275,
        0.5948275862068966,
        0.39846743295019155,
        0.6724137931034483,
        0.5287356321839081,
        0.7873563218390804,
        0.5862068965517241,
        0.5862068965517241,
        0.6551724137931034,
        0.44540229885057475,
        0.8247126436781609,
        0.646551724137931,
        0.5287356321839081,
        0.471264367816092,
        0.15517241379310345,
        0.6091954022988506,
        0.5363984674329502,
        0.5632183908045978,
        0.75,
        0.4511494252873563,
        0.6637931034482758,
        0.4252873563218391,
        0.6827586206896552,
        0.6867816091954022,
        0.4683908045977011,
        0.6666666666666667,
        0.4425287356321839,
        0.853448275862069,
        0.6666666666666667,
        0.5086206896551724,
        0.8022988505747126,
        0.5344827586206897,
        0.6283524904214559,
        0.689655172413793,
        0.6551724137931034,
        0.8132183908045978,
        0.7471264367816092,
        0.4980842911877395,
        0.3793103448275862,
        0.3132183908045977,
        0.6839080459770115,
        0.46436781609195404,
        0.731800766283525,
        0.7126436781609194,
        0.4597701149425288,
        0.46206896551724136,
        0.4597701149425288,
        0.7758620689655171,
        0.8419540229885059,
        0.5678160919540229,
        0.4904214559386973,
        0.367816091954023,
        0.6436781609195402,
        0.7701149425287356,
        0.5689655172413793,
        0.6839080459770115,
        0.5325670498084292,
        0.6298850574712643,
        0.42528735632183906,
        0.7844827586206896,
        0.5885057471264368,
        0.5471264367816092,
        0.6367816091954023,
        0.6551724137931034,
        0.2528735632183908,
        0.7586206896551724,
        0.6005747126436782,
        0.7471264367816092,
        0.43678160919540227,
        0.46206896551724136,
        0.6465517241379309,
        0.650574712643678
    ],
    "Genetic":[
        0.689655172413793,
        0.3591954022988506,
        0.7402298850574713,
        0.7011494252873562,
        0.6551724137931034,
        0.6367816091954024,
        0.6114942528735632,
        0.7931034482758621,
        0.42911877394636017,
        0.5555555555555556,
        0.7379310344827588,
        0.48275862068965514,
        0.3563218390804597,
        0.6379310344827586,
        0.735632183908046,
        0.8045977011494253,
        0.6252873563218391,
        0.5379310344827586,
        0.7777777777777777,
        0.5028735632183907,
        0.8017241379310345,
        0.7212643678160919,
        0.5095785440613027,
        0.4291187739463602,
        0.33333333333333337,
        0.4454022988505747,
        0.5095785440613027,
        0.57183908045977,
        0.6235632183908045,
        0.6954022988505747,
        0.6235632183908046,
        0.4781609195402298,
        0.6827586206896552,
        0.692528735632184,
        0.6091954022988505,
        0.6120689655172413,
        0.41954022988505746,
        0.7758620689655172,
        0.7011494252873562,
        0.646551724137931,
        0.8275862068965516,
        0.6149425287356323,
        0.8084291187739464,
        0.7471264367816092,
        0.5689655172413793,
        0.7873563218390806,
        0.7528735632183907,
        0.6551724137931035,
        0.5459770114942528,
        0.5373563218390804,
        0.646551724137931,
        0.4252873563218391,
        0.6245210727969349,
        0.7394636015325671,
        0.6804597701149425,
        0.6942528735632184,
        0.6206896551724138,
        0.5862068965517241,
        0.882183908045977,
        0.6068965517241379,
        0.5938697318007663,
        0.31264367816091954,
        0.7241379310344828,
        0.7088122605363986,
        0.49712643678160917,
        0.7385057471264368,
        0.5632183908045977,
        0.7563218390804597,
        0.45977011494252873,
        0.6982758620689655,
        0.6689655172413793,
        0.7172413793103448,
        0.7241379310344828,
        0.7931034482758621,
        0.40996168582375486,
        0.8218390804597702,
        0.6235632183908045,
        0.5402298850574713,
        0.6130268199233716,
        0.4413793103448276,
        0.7586206896551725,
        0.735632183908046
    ],
    "GreedyAdditional":[
        0.42068965517241386,
        0.2442528735632184,
        0.47816091954022993,
        0.42528735632183906,
        0.318007662835249,
        0.6137931034482758,
        0.5494252873563219,
        0.764367816091954,
        0.29118773946360155,
        0.421455938697318,
        0.47126436781609193,
        0.47126436781609193,
        0.3371647509578544,
        0.38505747126436785,
        0.5574712643678161,
        0.5172413793103449,
        0.5218390804597701,
        0.34252873563218394,
        0.5670498084291188,
        0.33620689655172414,
        0.5603448275862069,
        0.4827586206896552,
        0.1992337164750958,
        0.37931034482758624,
        0.12643678160919541,
        0.3333333333333333,
        0.31417624521072796,
        0.4166666666666667,
        0.5373563218390804,
        0.3735632183908046,
        0.4482758620689655,
        0.3241379310344828,
        0.6045977011494253,
        0.6235632183908045,
        0.3275862068965517,
        0.5431034482758621,
        0.27586206896551724,
        0.5775862068965517,
        0.47126436781609193,
        0.43965517241379315,
        0.5264367816091955,
        0.47988505747126436,
        0.5325670498084291,
        0.43295019157088116,
        0.5057471264367817,
        0.603448275862069,
        0.603448275862069,
        0.45210727969348663,
        0.30747126436781613,
        0.3045977011494253,
        0.3936781609195403,
        0.25287356321839083,
        0.6053639846743296,
        0.47892720306513414,
        0.4413793103448276,
        0.3609195402298851,
        0.31800766283524906,
        0.485632183908046,
        0.7126436781609196,
        0.3954022988505747,
        0.367816091954023,
        0.2482758620689655,
        0.43295019157088116,
        0.5172413793103449,
        0.339080459770115,
        0.6637931034482758,
        0.37547892720306514,
        0.5149425287356322,
        0.21839080459770116,
        0.4540229885057472,
        0.5264367816091954,
        0.46896551724137925,
        0.6252873563218391,
        0.6590038314176245,
        0.14942528735632185,
        0.5172413793103449,
        0.3879310344827587,
        0.367816091954023,
        0.421455938697318,
        0.3103448275862069,
        0.5057471264367817,
        0.554022988505747
    ],