{
    "ARTMaxMin":[
        0.6988505747126437,
        0.42816091954022983,
        0.8298850574712644,
        0.8045977011494253,
        0.6934865900383143,
        0.8827586206896552,
        0.7425287356321839,
        0.9252873563218391,
        0.6053639846743296,
        0.842911877394636,
        0.7793103448275862,
        0.8275862068965517,
        0.5708812260536398,
        0.646551724137931,
        0.5229885057471264,
        0.8160919540229885,
        0.6045977011494252,
        0.6045977011494253,
        0.8352490421455938,
        0.6867816091954023,
        0.6609195402298851,
        0.8620689655172414,
        0.41379310344827586,
        0.5325670498084291,
        0.14942528735632185,
        0.7327586206896551,
        0.8773946360153256,
        0.8218390804597702,
        0.7988505747126436,
        0.5603448275862069,
        0.75,
        0.4735632183908046,
        0.8137931034482758,
        0.7787356321839081,
        0.3908045977011494,
        0.646551724137931,
        0.6350574712643678,
        0.735632183908046,
        0.7068965517241379,
        0.5603448275862069,
        0.8597701149425288,
        0.896551724137931,
        0.8045977011494253,
        0.7203065134099617,
        0.8218390804597702,
        0.7988505747126438,
        0.8793103448275863,
        0.8160919540229886,
        0.4482758620689655,
        0.603448275862069,
        0.6724137931034483,
        0.5701149425287355,
        0.8582375478927203,
        0.7164750957854406,
        0.6505747126436782,
        0.4735632183908046,
        0.7011494252873564,
        0.646551724137931,
        0.8304597701149425,
        0.7264367816091954,
        0.5862068965517242,
        0.5517241379310345,
        0.4789272030651341,
        0.9425287356321839,
        0.7327586206896552,
        0.853448275862069,
        0.789272030651341,
        0.8183908045977011,
        0.42528735632183906,
        0.7097701149425287,
        0.7471264367816092,
        0.6344827586206897,
        0.8367816091954022,
        0.6628352490421455,
        0.2567049808429119,
        0.6666666666666666,
        0.6695402298850573,
        0.8620689655172413,
        0.7088122605363986,
        0.8505747126436782,
        0.689655172413793,
        0.7724137931034483
    ],
    "Genetic":[
        0.4068965517241379,
        0.4655172413793104,
        0.7701149425287356,
        0.8333333333333333,
        0.5325670498084292,
        0.7632183908045977,
        0.7034482758620689,
        0.9080459770114943,
        0.27586206896551724,
        0.5517241379310345,
        0.5655172413793104,
        0.6982758620689654,
        0.5900383141762452,
        0.5689655172413793,
        0.5,
        0.646551724137931,
        0.7126436781609196,
        0.560919540229885,
        0.7126436781609194,
        0.632183908045977,
        0.6752873563218391,
        0.7298850574712644,
        0.31417624521072796,
        0.5593869731800766,
        0.06321839080459771,
        0.5833333333333333,
        0.735632183908046,
        0.7844827586206897,
        0.7816091954022988,
        0.38505747126436785,
        0.5890804597701149,
        0.4,
        0.8,
        0.8793103448275863,
        0.5086206896551724,
        0.6551724137931034,
        0.40804597701149425,
        0.8045977011494253,
        0.7413793103448276,
        0.6810344827586207,
        0.6666666666666666,
        0.6982758620689655,
        0.6590038314176245,
        0.524904214559387,
        0.8793103448275862,
        0.7528735632183907,
        0.824712643678161,
        0.6704980842911877,
        0.3218390804597701,
        0.3591954022988506,
        0.4454022988505747,
        0.5977011494252873,
        0.8620689655172414,
        0.6398467432950191,
        0.5655172413793104,
        0.4482758620689656,
        0.39846743295019155,
        0.6149425287356322,
        0.8620689655172413,
        0.7402298850574711,
        0.3984674329501916,
        0.39080459770114945,
        0.524904214559387,
        0.789272030651341,
        0.6695402298850575,
        0.8735632183908045,
        0.7394636015325671,
        0.6804597701149426,
        0.6206896551724138,
        0.6494252873563218,
        0.6873563218390805,
        0.6804597701149426,
        0.8068965517241379,
        0.6245210727969349,
        0.2298850574712644,
        0.735632183908046,
        0.5373563218390804,
        0.49425287356321834,
        0.739463601532567,
        0.728735632183908,
        0.6005747126436781,
        0.767816091954023
    ],
    "GreedyAdditional":[
        0.7701149425287357,
        0.5057471264367817,
        0.8,
        0.8045977011494252,
        0.636015325670498,
        0.8666666666666668,
        0.7793103448275863,
        0.9080459770114943,
        0.3716475095785441,
        0.7777777777777778,
        0.6482758620689656,
        0.7327586206896551,
        0.6704980842911877,
        0.6867816091954022,
        0.735632183908046,
        0.7787356321839081,
        0.6919540229885058,
        0.6114942528735632,
        0.7126436781609194,
        0.6264367816091955,
        0.5977011494252874,
        0.7873563218390804,
        0.7279693486590038,
        0.6360153256704981,
        0.3103448275862069,
        0.6149425287356323,
        0.8352490421455938,
        0.882183908045977,
        0.8304597701149425,
        0.6206896551724138,
        0.8706896551724138,
        0.4344827586206897,
        0.7701149425287357,
        0.8505747126436782,
        0.5862068965517242,
        0.5919540229885057,
        0.5229885057471264,
        0.8419540229885056,
        0.6436781609195402,
        0.7241379310344827,
        0.7885057471264367,
        0.6839080459770115,
        0.6781609195402298,
        0.6628352490421455,
        0.8793103448275862,
        0.8390804597701149,
        0.7873563218390804,
        0.6819923371647509,
        0.4885057471264368,
        0.46551724137931033,
        0.5948275862068966,
        0.5632183908045978,
        0.8505747126436781,
        0.7662835249042145,
        0.6712643678160919,
        0.5333333333333334,
        0.5708812260536399,
        0.7729885057471264,
        0.7758620689655172,
        0.6965517241379311,
        0.5440613026819924,
        0.3402298850574713,
        0.6398467432950191,
        0.789272030651341,
        0.7844827586206896,
        0.7499999999999999,
        0.7547892720306514,
        0.7931034482758621,
        0.6666666666666666,
        0.8591954022988506,
        0.7195402298850574,
        0.6965517241379311,
        0.7977011494252874,
        0.7931034482758621,
        0.4559386973180077,
        0.8850574712643677,
        0.6695402298850575,
        0.5,
        0.5632183908045977,
        0.5977011494252873,
        0.8505747126436781,
        0.767816091954023
    ],