{
    "AdditionalTotal":[
        0.7586206896551724,
        0.22126436781609193,
        0.6712643678160919,
        0.6494252873563219,
        0.5785440613026819,
        0.6804597701149425,
        0.7632183908045977,
        0.6724137931034482,
        0.3486590038314176,
        0.5134099616858238,
        0.6781609195402298,
        0.5172413793103449,
        0.578544061302682,
        0.5574712643678161,
        0.7011494252873562,
        0.7270114942528736,
        0.6505747126436783,
        0.6620689655172415,
        0.7432950191570882,
        0.6206896551724138,
        0.6063218390804598,
        0.6264367816091954,
        0.7471264367816092,
        0.7126436781609194,
        0.3218390804597701,
        0.37931034482758624,
        0.5363984674329502,
        0.5660919540229885,
        0.6867816091954023,
        0.5862068965517242,
        0.7155172413793104,
        0.40229885057471265,
        0.5770114942528735,
        0.57183908045977,
        0.4913793103448276,
        0.5689655172413792,
        0.45977011494252873,
        0.6954022988505747,
        0.6091954022988506,
        0.5431034482758621,
        0.8896551724137931,
        0.5287356321839081,
        0.685823754789272,
        0.6245210727969349,
        0.5689655172413792,
        0.8477011494252874,
        0.7528735632183908,
        0.5708812260536399,
        0.5517241379310345,
        0.3448275862068965,
        0.5545977011494253,
        0.45517241379310347,
        0.5823754789272031,
        0.5440613026819924,
        0.5793103448275863,
        0.4367816091954023,
        0.3448275862068965,
        0.6867816091954022,
        0.7614942528735632,
        0.48275862068965514,
        0.5363984674329502,
        0.30344827586206896,
        0.7241379310344827,
        0.6896551724137931,
        0.5919540229885056,
        0.646551724137931,
        0.521072796934866,
        0.6022988505747127,
        0.3333333333333333,
        0.8419540229885057,
        0.535632183908046,
        0.5862068965517241,
        0.5448275862068965,
        0.7241379310344828,
        0.47892720306513414,
        0.8620689655172413,
        0.5718390804597702,
        0.48850574712643674,
        0.5402298850574713,
        0.4850574712643678,
        0.7729885057471264,
        0.6298850574712643
    ],
    "GreedyAdditional":[
        0.7586206896551724,
        0.22126436781609193,
        0.6712643678160919,
        0.6494252873563219,
        0.5785440613026819,
        0.6804597701149425,
        0.7632183908045977,
        0.6724137931034482,
        0.3486590038314176,
        0.5134099616858238,
        0.6781609195402298,
        0.5172413793103449,
        0.578544061302682,
        0.5574712643678161,
        0.7011494252873562,
        0.7270114942528736,
        0.6505747126436783,
        0.6620689655172415,
        0.7432950191570882,
        0.6206896551724138,
        0.6063218390804598,
        0.6264367816091954,
        0.7471264367816092,
        0.7126436781609194,
        0.3218390804597701,
        0.37931034482758624,
        0.5363984674329502,
        0.5660919540229885,
        0.6867816091954023,
        0.5862068965517242,
        0.7155172413793104,
        0.40229885057471265,
        0.5770114942528735,
        0.57183908045977,
        0.4913793103448276,
        0.5689655172413792,
        0.45977011494252873,
        0.6954022988505747,
        0.6091954022988506,
        0.5431034482758621,
        0.8896551724137931,
        0.5287356321839081,
        0.685823754789272,
        0.6245210727969349,
        0.5689655172413792,
        0.8477011494252874,
        0.7528735632183908,
        0.5708812260536399,
        0.5517241379310345,
        0.3448275862068965,
        0.5545977011494253,
        0.45517241379310347,
        0.5823754789272031,
        0.5440613026819924,
        0.5793103448275863,
        0.4367816091954023,
        0.3448275862068965,
        0.6867816091954022,
        0.7614942528735632,
        0.48275862068965514,
        0.5363984674329502,
        0.30344827586206896,
        0.7241379310344827,
        0.6896551724137931,
        0.5919540229885056,
        0.646551724137931,
        0.521072796934866,
        0.6022988505747127,
        0.3333333333333333,
        0.8419540229885057,
        0.535632183908046,
        0.5862068965517241,
        0.5448275862068965,
        0.7241379310344828,
        0.47892720306513414,
        0.8620689655172413,
        0.5718390804597702,
        0.48850574712643674,
        0.5402298850574713,
        0.4850574712643678,
        0.7729885057471264,
        0.6298850574712643
    ],
    "GreedyAdditionalNew":[
        0.6574712643678161,
        0.29022988505747127,
        0.6919540229885058,
        0.6436781609195402,
        0.5823754789272031,
        0.6597701149425287,
        0.7770114942528735,
        0.7126436781609196,
        0.3371647509578544,
        0.3065134099616858,
        0.6,
        0.557471264367816,
        0.5938697318007663,
        0.5258620689655172,
        0.7183908045977012,
        0.6494252873563218,
        0.6689655172413793,
        0.6712643678160919,
        0.7701149425287358,
        0.6551724137931034,
        0.6149425287356322,
        0.6724137931034483,
        0.735632183908046,
        0.7318007662835249,
        0.3275862068965517,
        0.4224137931034483,
        0.5057471264367815,
        0.5373563218390804,
        0.6867816091954023,
        0.5229885057471264,
        0.735632183908046,
        0.46206896551724136,
        0.6160919540229886,
        0.6120689655172413,
        0.5172413793103448,
        0.5804597701149425,
        0.46839080459770116,
        0.6867816091954023,
        0.6379310344827587,
        0.5747126436781609,
        0.8827586206896552,
        0.5517241379310345,
        0.6973180076628352,
        0.632183908045977,
        0.6206896551724138,
        0.8333333333333334,
        0.7758620689655172,
        0.6206896551724138,
        0.5632183908045977,
        0.367816091954023,
        0.4454022988505747,
        0.45517241379310347,
        0.6130268199233716,
        0.5555555555555555,
        0.6183908045977011,
        0.45977011494252873,
        0.22605363984674332,
        0.7097701149425287,
        0.7758620689655172,
        0.5287356321839081,
        0.44827586206896547,
        0.30344827586206896,
        0.7203065134099615,
        0.7241379310344828,
        0.5660919540229885,
        0.6867816091954022,
        0.5402298850574713,
        0.5402298850574713,
        0.27586206896551724,
        0.82183908045977,
        0.5517241379310345,
        0.6183908045977011,
        0.5908045977011495,
        0.7432950191570882,
        0.47892720306513414,
        0.7068965517241379,
        0.574712643678161,
        0.5114942528735632,
        0.5862068965517241,
        0.503448275862069,
        0.7614942528735632,
        0.664367816091954
    ],