{
    "AdditionalTotal":[
        0.7586206896551724,
        0.22126436781609193,
        0.6712643678160919,
        0.6494252873563219,
        0.5785440613026819,
        0.6804597701149425,
        0.7632183908045977,
        0.6724137931034482,
        0.3486590038314176,
        0.5134099616858238,
        0.6781609195402298,
        0.5172413793103449,
        0.578544061302682,
        0.5574712643678161,
        0.7011494252873562,
        0.7270114942528736,
        0.6505747126436783,
        0.6620689655172415,
        0.7432950191570882,
        0.6206896551724138,
        0.6063218390804598,
        0.6264367816091954,
        0.7471264367816092,
        0.7126436781609194,
        0.3218390804597701,
        0.37931034482758624,
        0.5363984674329502,
        0.5660919540229885,
        0.6867816091954023,
        0.5862068965517242,
        0.7155172413793104,
        0.40229885057471265,
        0.5770114942528735,
        0.57183908045977,
        0.4913793103448276,
        0.5689655172413792,
        0.45977011494252873,
        0.6954022988505747,
        0.6091954022988506,
        0.5431034482758621,
        0.8896551724137931,
        0.5287356321839081,
        0.685823754789272,
        0.6245210727969349,
        0.5689655172413792,
        0.8477011494252874,
        0.7528735632183908,
        0.5708812260536399,
        0.5517241379310345,
        0.3448275862068965,
        0.5545977011494253,
        0.45517241379310347,
        0.5823754789272031,
        0.5440613026819924,
        0.5793103448275863,
        0.4367816091954023,
        0.3448275862068965,
        0.6867816091954022,
        0.7614942528735632,
        0.48275862068965514,
        0.5363984674329502,
        0.30344827586206896,
        0.7241379310344827,
        0.6896551724137931,
        0.5919540229885056,
        0.646551724137931,
        0.521072796934866,
        0.6022988505747127,
        0.3333333333333333,
        0.8419540229885057,
        0.535632183908046,
        0.5862068965517241,
        0.5448275862068965,
        0.7241379310344828,
        0.47892720306513414,
        0.8620689655172413,
        0.5718390804597702,
        0.48850574712643674,
        0.5402298850574713,
        0.4850574712643678,
        0.7729885057471264,
        0.6298850574712643
    ],
    "GreedyAdditional":[
        0.7586206896551724,
        0.22126436781609193,
        0.6712643678160919,
        0.6494252873563219,
        0.5785440613026819,
        0.6804597701149425,
        0.7632183908045977,
        0.6724137931034482,
        0.3486590038314176,
        0.5134099616858238,
        0.6781609195402298,
        0.5172413793103449,
        0.578544061302682,
        0.5574712643678161,
        0.7011494252873562,
        0.7270114942528736,
        0.6505747126436783,
        0.6620689655172415,
        0.7432950191570882,
        0.6206896551724138,
        0.6063218390804598,
        0.6264367816091954,
        0.7471264367816092,
        0.7126436781609194,
        0.3218390804597701,
        0.37931034482758624,
        0.5363984674329502,
        0.5660919540229885,
        0.6867816091954023,
        0.5862068965517242,
        0.7155172413793104,
        0.40229885057471265,
        0.5770114942528735,
        0.57183908045977,
        0.4913793103448276,
        0.5689655172413792,
        0.45977011494252873,
        0.6954022988505747,
        0.6091954022988506,
        0.5431034482758621,
        0.8896551724137931,
        0.5287356321839081,
        0.685823754789272,
        0.6245210727969349,
        0.5689655172413792,
        0.8477011494252874,
        0.7528735632183908,
        0.5708812260536399,
        0.5517241379310345,
        0.3448275862068965,
        0.5545977011494253,
        0.45517241379310347,
        0.5823754789272031,
        0.5440613026819924,
        0.5793103448275863,
        0.4367816091954023,
        0.3448275862068965,
        0.6867816091954022,
        0.7614942528735632,
        0.48275862068965514,
        0.5363984674329502,
        0.30344827586206896,
        0.7241379310344827,
        0.6896551724137931,
        0.5919540229885056,
        0.646551724137931,
        0.521072796934866,
        0.6022988505747127,
        0.3333333333333333,
        0.8419540229885057,
        0.535632183908046,
        0.5862068965517241,
        0.5448275862068965,
        0.7241379310344828,
        0.47892720306513414,
        0.8620689655172413,
        0.5718390804597702,
        0.48850574712643674,
        0.5402298850574713,
        0.4850574712643678,
        0.7729885057471264,
        0.6298850574712643
    ],
    "GreedyAdditionalSimilarity":[
        0.5747126436781609,
        0.1839080459770115,
        0.39770114942528734,
        0.47126436781609193,
        0.38697318007662834,
        0.535632183908046,
        0.5195402298850575,
        0.41954022988505746,
        0.2950191570881226,
        0.47126436781609193,
        0.32183908045977017,
        0.514367816091954,
        0.3716475095785441,
        0.4367816091954023,
        0.6551724137931034,
        0.5229885057471264,
        0.6252873563218391,
        0.31724137931034485,
        0.4367816091954024,
        0.2011494252873563,
        0.5574712643678161,
        0.4137931034482759,
        0.35249042145593873,
        0.367816091954023,
        0.3160919540229885,
        0.4425287356321839,
        0.578544061302682,
        0.5517241379310345,
        0.589080459770115,
        0.26724137931034486,
        0.29597701149425293,
        0.3241379310344828,
        0.4275862068965517,
        0.3735632183908046,
        0.32183908045977005,
        0.40804597701149425,
        0.33045977011494254,
        0.5718390804597702,
        0.6206896551724138,
        0.6005747126436781,
        0.6551724137931034,
        0.4195402298850575,
        0.6819923371647509,
        0.4636015325670498,
        0.07471264367816091,
        0.692528735632184,
        0.5287356321839081,
        0.3409961685823755,
        0.4683908045977011,
        0.28735632183908044,
        0.4109195402298851,
        0.3931034482758621,
        0.4444444444444444,
        0.39846743295019155,
        0.33103448275862074,
        0.4804597701149425,
        0.3065134099616858,
        0.2586206896551724,
        0.7298850574712643,
        0.30114942528735633,
        0.4904214559386973,
        0.23448275862068962,
        0.6168582375478927,
        0.5517241379310344,
        0.40804597701149425,
        0.6925287356321839,
        0.574712643678161,
        0.37701149425287356,
        0.22988505747126436,
        0.646551724137931,
        0.5471264367816092,
        0.6367816091954023,
        0.6620689655172415,
        0.6666666666666666,
        0.35249042145593873,
        0.7988505747126438,
        0.49712643678160917,
        0.26436781609195403,
        0.3333333333333333,
        0.2804597701149425,
        0.5890804597701149,
        0.36781609195402304
    ],