{
    "AdditionalTotal":[
        0.27302904564315356,
        0.2676348547717842,
        0.26473029045643154,
        0.2821576763485477,
        0.20055325034578145,
        0.32116182572614105,
        0.26970954356846477,
        0.3278008298755187,
        0.2710926694329184,
        0.27524204702627936,
        0.2614107883817427,
        0.2136929460580913,
        0.1839557399723375,
        0.3309128630705394,
        0.32157676348547715,
        0.3412863070539419,
        0.27053941908713697,
        0.195850622406639,
        0.24481327800829877,
        0.16182572614107885,
        0.27593360995850624,
        0.24688796680497924,
        0.21853388658367912,
        0.21576763485477177,
        0.2572614107883817,
        0.23651452282157678,
        0.2697095435684647,
        0.303941908713693,
        0.3091286307053942,
        0.2821576763485477,
        0.299792531120332,
        0.2580912863070539,
        0.2995850622406639,
        0.31431535269709543,
        0.2095435684647303,
        0.266597510373444,
        0.2271784232365145,
        0.3381742738589212,
        0.2800829875518672,
        0.2883817427385892,
        0.2995850622406639,
        0.24066390041493776,
        0.21991701244813278,
        0.22821576763485477,
        0.27385892116182575,
        0.2987551867219917,
        0.266597510373444,
        0.23236514522821575,
        0.24896265560165975,
        0.23858921161825725,
        0.1784232365145228,
        0.17261410788381742,
        0.2918395573997234,
        0.24619640387275243,
        0.23900414937759334,
        0.22655601659751037,
        0.1438450899031812,
        0.22614107883817428,
        0.32676348547717843,
        0.2049792531120332,
        0.2503457814661134,
        0.1883817427385892,
        0.3112033195020747,
        0.2503457814661134,
        0.2904564315352697,
        0.2593360995850622,
        0.23236514522821575,
        0.2962655601659751,
        0.2987551867219917,
        0.3153526970954357,
        0.27053941908713697,
        0.3004149377593361,
        0.30788381742738585,
        0.33886583679114796,
        0.2918395573997234,
        0.3132780082987552,
        0.30809128630705396,
        0.2551867219917012,
        0.19363762102351315,
        0.15518672199170125,
        0.3329875518672199,
        0.2838174273858921
    ],
    "GreedyAdditional":[
        0.42068965517241386,
        0.2442528735632184,
        0.47816091954022993,
        0.42528735632183906,
        0.318007662835249,
        0.6137931034482758,
        0.5494252873563219,
        0.764367816091954,
        0.29118773946360155,
        0.421455938697318,
        0.47126436781609193,
        0.47126436781609193,
        0.3371647509578544,
        0.38505747126436785,
        0.5574712643678161,
        0.5172413793103449,
        0.5218390804597701,
        0.34252873563218394,
        0.5670498084291188,
        0.33620689655172414,
        0.5603448275862069,
        0.4827586206896552,
        0.1992337164750958,
        0.37931034482758624,
        0.12643678160919541,
        0.3333333333333333,
        0.31417624521072796,
        0.4166666666666667,
        0.5373563218390804,
        0.3735632183908046,
        0.4482758620689655,
        0.3241379310344828,
        0.6045977011494253,
        0.6235632183908045,
        0.3275862068965517,
        0.5431034482758621,
        0.27586206896551724,
        0.5775862068965517,
        0.47126436781609193,
        0.43965517241379315,
        0.5264367816091955,
        0.47988505747126436,
        0.5325670498084291,
        0.43295019157088116,
        0.5057471264367817,
        0.603448275862069,
        0.603448275862069,
        0.45210727969348663,
        0.30747126436781613,
        0.3045977011494253,
        0.3936781609195403,
        0.25287356321839083,
        0.6053639846743296,
        0.47892720306513414,
        0.4413793103448276,
        0.3609195402298851,
        0.31800766283524906,
        0.485632183908046,
        0.7126436781609196,
        0.3954022988505747,
        0.367816091954023,
        0.2482758620689655,
        0.43295019157088116,
        0.5172413793103449,
        0.339080459770115,
        0.6637931034482758,
        0.37547892720306514,
        0.5149425287356322,
        0.21839080459770116,
        0.4540229885057472,
        0.5264367816091954,
        0.46896551724137925,
        0.6252873563218391,
        0.6590038314176245,
        0.14942528735632185,
        0.5172413793103449,
        0.3879310344827587,
        0.367816091954023,
        0.421455938697318,
        0.3103448275862069,
        0.5057471264367817,
        0.554022988505747
    ],
    "GreedyAdditionalNew":[
        0.4850574712643677,
        0.16091954022988506,
        0.4850574712643678,
        0.3505747126436781,
        0.3371647509578544,
        0.6804597701149426,
        0.6045977011494252,
        0.8045977011494253,
        0.3218390804597701,
        0.5057471264367815,
        0.5080459770114942,
        0.5057471264367815,
        0.37931034482758624,
        0.3793103448275862,
        0.5632183908045977,
        0.6982758620689655,
        0.5448275862068966,
        0.43678160919540227,
        0.632183908045977,
        0.3793103448275862,
        0.4798850574712644,
        0.5431034482758621,
        0.2988505747126437,
        0.40613026819923376,
        0.13218390804597702,
        0.4827586206896552,
        0.40996168582375486,
        0.5258620689655172,
        0.5804597701149425,
        0.3505747126436782,
        0.5316091954022989,
        0.2689655172413793,
        0.6183908045977011,
        0.6637931034482759,
        0.3132183908045977,
        0.5201149425287357,
        0.22413793103448276,
        0.46264367816091956,
        0.41954022988505746,
        0.4770114942528736,
        0.5839080459770114,
        0.5114942528735632,
        0.5632183908045977,
        0.4482758620689655,
        0.5632183908045977,
        0.5660919540229885,
        0.6580459770114943,
        0.524904214559387,
        0.3390804597701149,
        0.3390804597701149,
        0.37643678160919536,
        0.24597701149425286,
        0.632183908045977,
        0.5363984674329502,
        0.46896551724137936,
        0.3586206896551724,
        0.35249042145593873,
        0.5459770114942529,
        0.692528735632184,
        0.4666666666666667,
        0.421455938697318,
        0.2735632183908046,
        0.3333333333333333,
        0.5632183908045977,
        0.5172413793103449,
        0.6867816091954022,
        0.42911877394636017,
        0.5931034482758621,
        0.20689655172413793,
        0.5402298850574713,
        0.5333333333333334,
        0.47586206896551725,
        0.6551724137931034,
        0.6628352490421455,
        0.2835249042145594,
        0.4540229885057472,
        0.45402298850574707,
        0.4022988505747127,
        0.4789272030651341,
        0.37011494252873567,
        0.5689655172413793,
        0.5839080459770115
    ],