{
    "AdditionalTotal":[
        0.6829787234042554,
        0.7340425531914893,
        0.8574468085106383,
        0.7893617021276595,
        0.6617021276595744,
        0.7978723404255319,
        0.7723404255319148,
        0.9723404255319149,
        0.8489361702127659,
        0.9,
        0.8957446808510637,
        0.7553191489361702,
        0.7808510638297872,
        0.7382978723404255,
        0.751063829787234,
        0.9212765957446808,
        0.8063829787234043,
        0.9723404255319149,
        0.7170212765957447,
        0.8085106382978723,
        0.8404255319148936,
        0.9595744680851064,
        0.9,
        0.9340425531914893,
        0.9382978723404255,
        0.9085106382978723,
        0.7638297872340425,
        0.8148936170212765,
        0.9382978723404255,
        0.6957446808510638,
        0.7127659574468085,
        0.7297872340425532,
        0.7297872340425532,
        0.7085106382978723,
        0.9095744680851063,
        0.7595744680851063,
        0.8319148936170212,
        0.8063829787234043,
        0.8457446808510638,
        0.8106382978723404,
        0.874468085106383,
        0.5765957446808511
    ],
    "GreedyAdditional":[
        0.6829787234042554,
        0.7340425531914893,
        0.8574468085106383,
        0.7893617021276595,
        0.6617021276595744,
        0.7978723404255319,
        0.7723404255319148,
        0.9723404255319149,
        0.8489361702127659,
        0.9,
        0.8957446808510637,
        0.7553191489361702,
        0.7808510638297872,
        0.7382978723404255,
        0.751063829787234,
        0.9212765957446808,
        0.8063829787234043,
        0.9723404255319149,
        0.7170212765957447,
        0.8085106382978723,
        0.8404255319148936,
        0.9595744680851064,
        0.9,
        0.9340425531914893,
        0.9382978723404255,
        0.9085106382978723,
        0.7638297872340425,
        0.8148936170212765,
        0.9382978723404255,
        0.6957446808510638,
        0.7127659574468085,
        0.7297872340425532,
        0.7297872340425532,
        0.7085106382978723,
        0.9095744680851063,
        0.7595744680851063,
        0.8319148936170212,
        0.8063829787234043,
        0.8457446808510638,
        0.8106382978723404,
        0.874468085106383,
        0.5765957446808511
    ],
    "GreedyAdditionalNew":[
        0.6404255319148936,
        0.6148936170212765,
        0.9468085106382979,
        0.9297872340425531,
        0.8574468085106383,
        0.8244680851063829,
        0.8191489361702128,
        0.9638297872340426,
        0.7723404255319148,
        0.8574468085106383,
        0.8361702127659574,
        0.601063829787234,
        0.7893617021276595,
        0.8659574468085106,
        0.8957446808510637,
        0.9042553191489361,
        0.8872340425531915,
        0.976595744680851,
        0.8659574468085106,
        0.8829787234042553,
        0.7553191489361702,
        0.9638297872340426,
        0.8829787234042553,
        0.8872340425531915,
        0.9468085106382979,
        0.874468085106383,
        0.9297872340425531,
        0.8531914893617021,
        0.9170212765957446,
        0.7212765957446808,
        0.8063829787234043,
        0.8234042553191488,
        0.6957446808510638,
        0.7085106382978723,
        0.8457446808510638,
        0.8617021276595744,
        0.8574468085106383,
        0.6829787234042554,
        0.8936170212765957,
        0.8446808510638297,
        0.8489361702127659,
        0.674468085106383
    ],
    "GreedyTotal":[
        0.5425531914893617,
        0.6319148936170212,
        0.8361702127659574,
        0.7553191489361702,
        0.5893617021276595,
        0.7978723404255319,
        0.6574468085106383,
        0.9595744680851064,
        0.7468085106382979,
        0.8659574468085106,
        0.8021276595744681,
        0.6329787234042553,
        0.6659574468085107,
        0.653191489361702,
        0.6148936170212765,
        0.8021276595744681,
        0.7595744680851063,
        0.9595744680851064,
        0.7468085106382979,
        0.8031914893617021,
        0.6957446808510638,
        0.9,
        0.7212765957446808,
        0.9042553191489361,
        0.8276595744680851,
        0.8489361702127659,
        0.7085106382978723,
        0.6872340425531914,
        0.8234042553191488,
        0.6829787234042554,
        0.653191489361702,
        0.6191489361702127,
        0.6574468085106383,
        0.6787234042553191,
        0.8617021276595744,
        0.6106382978723404,
        0.7851063829787234,
        0.7978723404255319,
        0.8244680851063829,
        0.7851063829787234,
        0.7553191489361702,
        0.5680851063829787
    ]
}