{
    "ARTMaxMin":[
        0.8404255319148936,
        0.6702127659574467,
        0.8574468085106383,
        0.9042553191489361,
        0.8148936170212765,
        0.7499999999999999,
        0.8276595744680851,
        0.7425531914893616,
        0.8361702127659574,
        0.8531914893617021,
        0.8106382978723404,
        0.7978723404255319,
        0.8063829787234043,
        0.8276595744680851,
        0.8957446808510637,
        0.751063829787234,
        0.9085106382978723,
        0.8191489361702128,
        0.674468085106383,
        0.5797872340425532,
        0.9,
        0.7893617021276595,
        0.8404255319148936,
        0.7425531914893616,
        0.8702127659574468,
        0.7978723404255319,
        0.6659574468085107,
        0.8914893617021277,
        0.6659574468085107,
        0.6191489361702127,
        0.6659574468085107,
        0.8914893617021277,
        0.7212765957446808,
        0.6957446808510638,
        0.8457446808510638,
        0.8617021276595744,
        0.8659574468085106,
        0.8531914893617021,
        0.675531914893617,
        0.6574468085106383,
        0.8446808510638297,
        0.6404255319148936
    ],
    "Genetic":[
        0.6787234042553191,
        0.6361702127659574,
        0.9,
        0.8787234042553191,
        0.7382978723404255,
        0.8936170212765957,
        0.7382978723404255,
        0.925531914893617,
        0.776595744680851,
        0.8361702127659574,
        0.8446808510638297,
        0.6648936170212766,
        0.8276595744680851,
        0.8404255319148936,
        0.8234042553191488,
        0.8531914893617021,
        0.8446808510638297,
        0.9595744680851064,
        0.7425531914893616,
        0.7872340425531915,
        0.6914893617021276,
        0.9425531914893617,
        0.8659574468085106,
        0.9127659574468084,
        0.9085106382978723,
        0.874468085106383,
        0.8446808510638297,
        0.7680851063829787,
        0.9085106382978723,
        0.7212765957446808,
        0.8021276595744681,
        0.8191489361702128,
        0.7255319148936169,
        0.6191489361702127,
        0.9095744680851063,
        0.7936170212765957,
        0.8531914893617021,
        0.7680851063829787,
        0.8191489361702128,
        0.8446808510638297,
        0.8276595744680851,
        0.5553191489361702
    ],
    "GreedyAdditional":[
        0.6659574468085107,
        0.6617021276595744,
        0.9085106382978723,
        0.8872340425531915,
        0.7340425531914893,
        0.8563829787234042,
        0.6574468085106383,
        0.9595744680851064,
        0.7978723404255319,
        0.8531914893617021,
        0.8234042553191488,
        0.6702127659574467,
        0.7978723404255319,
        0.8148936170212765,
        0.8148936170212765,
        0.8319148936170212,
        0.8404255319148936,
        0.9595744680851064,
        0.7170212765957447,
        0.7287234042553191,
        0.6829787234042554,
        0.9382978723404255,
        0.8617021276595744,
        0.8957446808510637,
        0.9085106382978723,
        0.8787234042553191,
        0.7297872340425532,
        0.751063829787234,
        0.8404255319148936,
        0.648936170212766,
        0.6872340425531914,
        0.8234042553191488,
        0.6872340425531914,
        0.7638297872340425,
        0.8882978723404255,
        0.7595744680851063,
        0.8361702127659574,
        0.7468085106382979,
        0.8244680851063829,
        0.7936170212765957,
        0.8361702127659574,
        0.5723404255319148
    ],
    "GreedyTotal":[
        0.5893617021276595,
        0.6148936170212765,
        0.8489361702127659,
        0.7851063829787234,
        0.5638297872340425,
        0.8085106382978723,
        0.6063829787234042,
        0.9340425531914893,
        0.7255319148936169,
        0.8872340425531915,
        0.7893617021276595,
        0.6382978723404255,
        0.6872340425531914,
        0.7,
        0.6106382978723404,
        0.7212765957446808,
        0.7595744680851063,
        0.9382978723404255,
        0.648936170212766,
        0.7446808510638298,
        0.6276595744680851,
        0.8404255319148936,
        0.7255319148936169,
        0.8531914893617021,
        0.7595744680851063,
        0.8148936170212765,
        0.6574468085106383,
        0.6787234042553191,
        0.7468085106382979,
        0.6191489361702127,
        0.6574468085106383,
        0.653191489361702,
        0.6829787234042554,
        0.6957446808510638,
        0.898936170212766,
        0.6234042553191489,
        0.7936170212765957,
        0.7936170212765957,
        0.7925531914893617,
        0.7851063829787234,
        0.7680851063829787,
        0.5297872340425532
    ]
}