{
    "ARTMaxMin":[
        0.7212765957446808,
        0.674468085106383,
        0.9468085106382979,
        0.9382978723404255,
        0.8063829787234043,
        0.8138297872340425,
        0.7978723404255319,
        0.874468085106383,
        0.8489361702127659,
        0.8957446808510637,
        0.8829787234042553,
        0.702127659574468,
        0.8063829787234043,
        0.7978723404255319,
        0.8872340425531915,
        0.8489361702127659,
        0.8702127659574468,
        0.976595744680851,
        0.7723404255319148,
        0.7393617021276596,
        0.751063829787234,
        0.9680851063829787,
        0.9,
        0.9127659574468084,
        0.9425531914893617,
        0.8914893617021277,
        0.8276595744680851,
        0.9170212765957446,
        0.8872340425531915,
        0.6659574468085107,
        0.7468085106382979,
        0.8702127659574468,
        0.653191489361702,
        0.7553191489361702,
        0.8776595744680851,
        0.8914893617021277,
        0.8872340425531915,
        0.7893617021276595,
        0.7074468085106382,
        0.7680851063829787,
        0.8702127659574468,
        0.5978723404255318
    ],
    "Genetic":[
        0.6191489361702127,
        0.653191489361702,
        0.8957446808510637,
        0.8702127659574468,
        0.7042553191489361,
        0.8882978723404255,
        0.6659574468085107,
        0.9212765957446808,
        0.7808510638297872,
        0.8404255319148936,
        0.7936170212765957,
        0.6436170212765957,
        0.8106382978723404,
        0.7255319148936169,
        0.7893617021276595,
        0.776595744680851,
        0.8021276595744681,
        0.9553191489361702,
        0.648936170212766,
        0.601063829787234,
        0.6191489361702127,
        0.9340425531914893,
        0.8446808510638297,
        0.8787234042553191,
        0.9,
        0.874468085106383,
        0.8063829787234043,
        0.7382978723404255,
        0.8914893617021277,
        0.6446808510638298,
        0.7723404255319148,
        0.7978723404255319,
        0.6276595744680851,
        0.751063829787234,
        0.8670212765957447,
        0.776595744680851,
        0.8063829787234043,
        0.7382978723404255,
        0.675531914893617,
        0.7255319148936169,
        0.8234042553191488,
        0.525531914893617
    ],
    "GreedyAdditional":[
        0.6659574468085107,
        0.6617021276595744,
        0.9085106382978723,
        0.8872340425531915,
        0.7340425531914893,
        0.8563829787234042,
        0.6574468085106383,
        0.9595744680851064,
        0.7978723404255319,
        0.8531914893617021,
        0.8234042553191488,
        0.6702127659574467,
        0.7978723404255319,
        0.8148936170212765,
        0.8148936170212765,
        0.8319148936170212,
        0.8404255319148936,
        0.9595744680851064,
        0.7170212765957447,
        0.7287234042553191,
        0.6829787234042554,
        0.9382978723404255,
        0.8617021276595744,
        0.8957446808510637,
        0.9085106382978723,
        0.8787234042553191,
        0.7297872340425532,
        0.751063829787234,
        0.8404255319148936,
        0.648936170212766,
        0.6872340425531914,
        0.8234042553191488,
        0.6872340425531914,
        0.7638297872340425,
        0.8882978723404255,
        0.7595744680851063,
        0.8361702127659574,
        0.7468085106382979,
        0.8244680851063829,
        0.7936170212765957,
        0.8361702127659574,
        0.5723404255319148
    ],
    "GreedyTotal":[
        0.5893617021276595,
        0.6148936170212765,
        0.8489361702127659,
        0.7851063829787234,
        0.5638297872340425,
        0.8085106382978723,
        0.6063829787234042,
        0.9340425531914893,
        0.7255319148936169,
        0.8872340425531915,
        0.7893617021276595,
        0.6382978723404255,
        0.6872340425531914,
        0.7,
        0.6106382978723404,
        0.7212765957446808,
        0.7595744680851063,
        0.9382978723404255,
        0.648936170212766,
        0.7446808510638298,
        0.6276595744680851,
        0.8404255319148936,
        0.7255319148936169,
        0.8531914893617021,
        0.7595744680851063,
        0.8148936170212765,
        0.6574468085106383,
        0.6787234042553191,
        0.7468085106382979,
        0.6191489361702127,
        0.6574468085106383,
        0.653191489361702,
        0.6829787234042554,
        0.6957446808510638,
        0.898936170212766,
        0.6234042553191489,
        0.7936170212765957,
        0.7936170212765957,
        0.7925531914893617,
        0.7851063829787234,
        0.7680851063829787,
        0.5297872340425532
    ]
}