{
    "ARTMaxMin":[
        0.5319148936170213,
        0.6382978723404256,
        0.3829787234042553,
        0.7446808510638298,
        0.3829787234042553,
        0.7872340425531915,
        0.723404255319149,
        0.8297872340425532,
        0.6382978723404256,
        0.5531914893617021,
        0.40425531914893614,
        0.8723404255319149,
        0.5106382978723404,
        0.7446808510638298,
        0.8085106382978723,
        0.8297872340425532,
        0.8085106382978723,
        0.7446808510638298,
        0.8297872340425532,
        0.48936170212765956,
        0,
        0.7446808510638298,
        0.8297872340425532,
        0.8297872340425532,
        0.8297872340425532,
        0.8297872340425532,
        0.8297872340425532,
        0.8297872340425532,
        0,
        0,
        0,
        0,
        0,
        0,
        0,
        0.9148936170212766,
        0.5319148936170213,
        0.5319148936170213,
        0.7872340425531915,
        0.19148936170212766,
        0.9148936170212766,
        0
    ],
    "Genetic":[
        0.02127659574468085,
        0.7446808510638298,
        0.723404255319149,
        0.9574468085106383,
        0.6595744680851063,
        0.1702127659574468,
        0.7446808510638298,
        0.9361702127659575,
        0.7446808510638298,
        0.1276595744680851,
        0.9148936170212766,
        0.7446808510638298,
        0.6595744680851063,
        0.9574468085106383,
        0.1702127659574468,
        0.9361702127659575,
        0.1702127659574468,
        0.9574468085106383,
        0.8936170212765957,
        0.425531914893617,
        0,
        0.9574468085106383,
        0.7659574468085106,
        0.8936170212765957,
        0.8936170212765957,
        0.7659574468085106,
        0.8936170212765957,
        0.6595744680851063,
        0,
        0,
        0,
        0,
        0,
        0,
        0,
        0.7659574468085106,
        0.02127659574468085,
        0.02127659574468085,
        0.8723404255319149,
        0.8936170212765957,
        0.7659574468085106,
        0
    ],
    "GreedyAdditional":[
        0.06382978723404255,
        0.7021276595744681,
        0.23404255319148937,
        0.6595744680851063,
        0.8085106382978723,
        0.3404255319148936,
        0.7021276595744681,
        0.425531914893617,
        0.7021276595744681,
        0.1276595744680851,
        0.5531914893617021,
        0.8085106382978723,
        0.6170212765957447,
        0.6595744680851063,
        0.6808510638297872,
        0.425531914893617,
        0.6808510638297872,
        0.6595744680851063,
        0.44680851063829785,
        0.3191489361702128,
        0,
        0.6595744680851063,
        0.8297872340425532,
        0.44680851063829785,
        0.44680851063829785,
        0.8297872340425532,
        0.425531914893617,
        0.8085106382978723,
        0,
        0,
        0,
        0,
        0,
        0,
        0,
        0.8297872340425532,
        0.06382978723404255,
        0.06382978723404255,
        0.425531914893617,
        0.2978723404255319,
        0.8297872340425532,
        0
    ],
    "GreedyTotal":[
        0.06382978723404255,
        0.46808510638297873,
        0.2127659574468085,
        0.6595744680851063,
        0.5531914893617021,
        0.10638297872340426,
        0.46808510638297873,
        0.2765957446808511,
        0.46808510638297873,
        0.02127659574468085,
        0.6170212765957447,
        0.5531914893617021,
        0.3617021276595745,
        0.6595744680851063,
        0.44680851063829785,
        0.2765957446808511,
        0.44680851063829785,
        0.6595744680851063,
        0.3191489361702128,
        0.3191489361702128,
        0,
        0.6595744680851063,
        0.574468085106383,
        0.3191489361702128,
        0.3191489361702128,
        0.574468085106383,
        0.2765957446808511,
        0.5531914893617021,
        0,
        0,
        0,
        0,
        0,
        0,
        0,
        0.574468085106383,
        0.06382978723404255,
        0.06382978723404255,
        0.2765957446808511,
        0.02127659574468085,
        0.574468085106383,
        0
    ]
}