{
    "ARTMaxMin":[
        0.2765957446808511,
        0.3829787234042553,
        0.6851063829787234,
        0.7617021276595745,
        0.8085106382978723,
        0.6702127659574468,
        0.625531914893617,
        0.5404255319148936,
        0.7375886524822696,
        0.5,
        0.5,
        0.4468085106382979,
        0.776595744680851,
        0.5361702127659574,
        0.6085106382978724,
        0.39148936170212767,
        0.6329787234042553,
        0.7148936170212765,
        0.5638297872340425,
        0.5957446808510638,
        0.5212765957446808,
        0.7021276595744681,
        0.5851063829787233,
        0.3702127659574468,
        0.6297872340425532,
        0.6808510638297871,
        0.6436170212765957,
        0.7404255319148936,
        0.6382978723404255,
        0.48226950354609927,
        0.7801418439716312,
        0.5744680851063829,
        0.6595744680851063,
        0.7304964539007092,
        0.4787234042553191,
        0.8351063829787233,
        0.4723404255319149,
        0.3971631205673758,
        0.37765957446808507,
        0.2936170212765957,
        0.7765957446808509,
        0.4893617021276596
    ],
    "Genetic":[
        0.44680851063829785,
        0.5957446808510638,
        0.6382978723404256,
        0.7404255319148936,
        0.7819148936170213,
        0.7127659574468085,
        0.4468085106382979,
        0.6127659574468085,
        0.673758865248227,
        0.3936170212765958,
        0.4734042553191489,
        0.5,
        0.7074468085106382,
        0.5829787234042552,
        0.672340425531915,
        0.5914893617021276,
        0.6436170212765957,
        0.7021276595744681,
        0.6329787234042552,
        0.5177304964539007,
        0.5372340425531914,
        0.7234042553191488,
        0.4521276595744681,
        0.4553191489361703,
        0.7446808510638296,
        0.6436170212765957,
        0.6063829787234043,
        0.47659574468085103,
        0.652482269503546,
        0.5319148936170213,
        0.702127659574468,
        0.5425531914893618,
        0.4964539007092199,
        0.7092198581560284,
        0.4574468085106383,
        0.675531914893617,
        0.49361702127659574,
        0.4184397163120568,
        0.3936170212765957,
        0.3361702127659575,
        0.6329787234042553,
        0.44680851063829785
    ],
    "GreedyAdditional":[
        0.40957446808510634,
        0.5319148936170213,
        0.48936170212765956,
        0.672340425531915,
        0.7287234042553192,
        0.3936170212765957,
        0.37872340425531914,
        0.4340425531914893,
        0.5602836879432624,
        0.3404255319148936,
        0.3191489361702128,
        0.4361702127659574,
        0.6702127659574468,
        0.5914893617021277,
        0.6382978723404256,
        0.46808510638297873,
        0.5691489361702128,
        0.5361702127659573,
        0.4414893617021276,
        0.5106382978723404,
        0.4574468085106383,
        0.5319148936170213,
        0.4734042553191489,
        0.2723404255319149,
        0.5702127659574467,
        0.48404255319148937,
        0.44680851063829785,
        0.4851063829787233,
        0.49645390070921985,
        0.39716312056737585,
        0.6099290780141845,
        0.5478723404255319,
        0.5744680851063829,
        0.6453900709219859,
        0.3936170212765957,
        0.6276595744680851,
        0.3702127659574468,
        0.24113475177304963,
        0.351063829787234,
        0.31489361702127655,
        0.6117021276595744,
        0.4680851063829787
    ],
    "GreedyTotal":[
        0.28191489361702127,
        0.32978723404255317,
        0.3872340425531915,
        0.5574468085106383,
        0.5053191489361702,
        0.2127659574468085,
        0.31063829787234043,
        0.33191489361702126,
        0.45390070921985815,
        0.3191489361702127,
        0.2925531914893617,
        0.30851063829787234,
        0.49999999999999994,
        0.46808510638297873,
        0.4212765957446808,
        0.3191489361702128,
        0.45744680851063824,
        0.48936170212765956,
        0.31382978723404253,
        0.48226950354609927,
        0.3563829787234043,
        0.39148936170212767,
        0.3191489361702128,
        0.15744680851063828,
        0.39148936170212767,
        0.3457446808510638,
        0.30319148936170215,
        0.3957446808510639,
        0.3120567375886525,
        0.2695035460992908,
        0.5460992907801417,
        0.3457446808510638,
        0.5106382978723404,
        0.425531914893617,
        0.3404255319148936,
        0.5212765957446809,
        0.28510638297872337,
        0.1843971631205674,
        0.23936170212765956,
        0.2382978723404255,
        0.4946808510638298,
        0.2872340425531915
    ]
}