{
    "ARTMaxMin":[
        0.34574468085106386,
        0.5638297872340425,
        0.8468085106382979,
        0.774468085106383,
        0.8085106382978724,
        0.6276595744680851,
        0.7319148936170212,
        0.902127659574468,
        0.7730496453900709,
        0.7340425531914894,
        0.6808510638297872,
        0.4468085106382979,
        0.6702127659574468,
        0.625531914893617,
        0.5361702127659576,
        0.574468085106383,
        0.6063829787234043,
        0.8723404255319149,
        0.6648936170212766,
        0.75177304964539,
        0.5,
        0.8170212765957446,
        0.6648936170212767,
        0.5829787234042553,
        0.8085106382978724,
        0.8297872340425532,
        0.8031914893617021,
        0.7574468085106382,
        0.7446808510638299,
        0.5673758865248227,
        0.8297872340425531,
        0.473404255319149,
        0.7304964539007092,
        0.7163120567375887,
        0.6063829787234043,
        0.6170212765957447,
        0.5702127659574467,
        0.624113475177305,
        0.7925531914893617,
        0.5829787234042554,
        0.8297872340425532,
        0.6595744680851063
    ],
    "Genetic":[
        0.2446808510638298,
        0.37234042553191493,
        0.4170212765957447,
        0.4212765957446809,
        0.6329787234042553,
        0.32978723404255317,
        0.46808510638297873,
        0.3914893617021276,
        0.4609929078014184,
        0.2553191489361702,
        0.35106382978723405,
        0.4787234042553192,
        0.5744680851063829,
        0.35319148936170214,
        0.37021276595744673,
        0.4340425531914893,
        0.4414893617021276,
        0.4085106382978724,
        0.4521276595744681,
        0.36170212765957444,
        0.6329787234042553,
        0.48936170212765956,
        0.4734042553191489,
        0.25531914893617025,
        0.5276595744680851,
        0.5478723404255319,
        0.45744680851063824,
        0.502127659574468,
        0.5319148936170213,
        0.4609929078014185,
        0.5319148936170213,
        0.276595744680851,
        0.4751773049645391,
        0.4326241134751772,
        0.2553191489361702,
        0.49468085106382975,
        0.26382978723404255,
        0.3262411347517731,
        0.3404255319148936,
        0.2042553191489362,
        0.648936170212766,
        0.2127659574468085
    ],
    "GreedyAdditional":[
        0.3191489361702128,
        0.5851063829787234,
        0.425531914893617,
        0.5361702127659574,
        0.6436170212765957,
        0.3191489361702128,
        0.43404255319148943,
        0.4042553191489362,
        0.5460992907801419,
        0.2553191489361702,
        0.32978723404255317,
        0.44680851063829785,
        0.5904255319148937,
        0.47234042553191485,
        0.5829787234042553,
        0.574468085106383,
        0.46808510638297873,
        0.4170212765957446,
        0.4574468085106383,
        0.5390070921985816,
        0.6063829787234043,
        0.5276595744680851,
        0.5319148936170213,
        0.2978723404255319,
        0.6170212765957447,
        0.5531914893617021,
        0.5319148936170213,
        0.5021276595744681,
        0.5531914893617021,
        0.43971631205673756,
        0.48936170212765956,
        0.44680851063829785,
        0.5177304964539008,
        0.5460992907801419,
        0.26595744680851063,
        0.5531914893617021,
        0.3021276595744681,
        0.3120567375886525,
        0.39893617021276595,
        0.26808510638297867,
        0.6170212765957447,
        0.2553191489361702
    ],
    "GreedyTotal":[
        0.18617021276595744,
        0.30851063829787234,
        0.2851063829787234,
        0.4468085106382979,
        0.43617021276595747,
        0.276595744680851,
        0.22978723404255316,
        0.2851063829787234,
        0.39007092198581556,
        0.2553191489361702,
        0.21808510638297873,
        0.26595744680851063,
        0.35106382978723405,
        0.35319148936170214,
        0.37446808510638296,
        0.3531914893617021,
        0.39361702127659576,
        0.3659574468085106,
        0.33510638297872336,
        0.4539007092198582,
        0.4042553191489362,
        0.34893617021276596,
        0.30851063829787234,
        0.17446808510638295,
        0.4170212765957446,
        0.3457446808510638,
        0.2978723404255319,
        0.28936170212765955,
        0.3475177304964539,
        0.29787234042553196,
        0.3191489361702127,
        0.30851063829787234,
        0.3829787234042554,
        0.3333333333333333,
        0.26595744680851063,
        0.4202127659574468,
        0.23829787234042552,
        0.1631205673758865,
        0.25531914893617025,
        0.1914893617021277,
        0.40425531914893614,
        0.19148936170212766
    ]
}