{
    "ARTMaxMin":[
        0.3457446808510638,
        0.4893617021276596,
        0.7957446808510638,
        0.7319148936170212,
        0.851063829787234,
        0.6170212765957447,
        0.7063829787234043,
        0.727659574468085,
        0.7588652482269503,
        0.7234042553191489,
        0.601063829787234,
        0.4574468085106383,
        0.5957446808510638,
        0.5063829787234042,
        0.49787234042553197,
        0.5404255319148936,
        0.6063829787234042,
        0.825531914893617,
        0.6595744680851063,
        0.6879432624113475,
        0.5159574468085106,
        0.8042553191489361,
        0.7021276595744681,
        0.5617021276595745,
        0.8042553191489361,
        0.8297872340425532,
        0.776595744680851,
        0.6808510638297872,
        0.7446808510638299,
        0.5886524822695035,
        0.8226950354609929,
        0.4893617021276596,
        0.5390070921985816,
        0.7730496453900709,
        0.5638297872340425,
        0.6382978723404256,
        0.5531914893617021,
        0.553191489361702,
        0.4734042553191489,
        0.5361702127659574,
        0.7659574468085106,
        0.7446808510638299
    ],
    "Genetic":[
        0.3351063829787234,
        0.46808510638297873,
        0.4170212765957446,
        0.46382978723404256,
        0.6223404255319149,
        0.3936170212765957,
        0.4212765957446808,
        0.4085106382978723,
        0.5390070921985816,
        0.26595744680851063,
        0.3404255319148936,
        0.46808510638297873,
        0.5904255319148937,
        0.3829787234042553,
        0.49787234042553197,
        0.49361702127659574,
        0.4095744680851064,
        0.39999999999999997,
        0.4202127659574467,
        0.4609929078014185,
        0.5691489361702128,
        0.48510638297872344,
        0.5319148936170213,
        0.276595744680851,
        0.553191489361702,
        0.5212765957446809,
        0.5159574468085106,
        0.4723404255319149,
        0.5390070921985816,
        0.48226950354609927,
        0.5460992907801417,
        0.4042553191489362,
        0.43971631205673756,
        0.5531914893617021,
        0.2872340425531915,
        0.5053191489361702,
        0.2936170212765957,
        0.326241134751773,
        0.32978723404255317,
        0.25957446808510637,
        0.5957446808510638,
        0.2872340425531915
    ],
    "GreedyAdditional":[
        0.3191489361702128,
        0.5851063829787234,
        0.425531914893617,
        0.5361702127659574,
        0.6436170212765957,
        0.3191489361702128,
        0.43404255319148943,
        0.4042553191489362,
        0.5460992907801419,
        0.2553191489361702,
        0.32978723404255317,
        0.44680851063829785,
        0.5904255319148937,
        0.47234042553191485,
        0.5829787234042553,
        0.574468085106383,
        0.46808510638297873,
        0.4170212765957446,
        0.4574468085106383,
        0.5390070921985816,
        0.6063829787234043,
        0.5276595744680851,
        0.5319148936170213,
        0.2978723404255319,
        0.6170212765957447,
        0.5531914893617021,
        0.5319148936170213,
        0.5021276595744681,
        0.5531914893617021,
        0.43971631205673756,
        0.48936170212765956,
        0.44680851063829785,
        0.5177304964539008,
        0.5460992907801419,
        0.26595744680851063,
        0.5531914893617021,
        0.3021276595744681,
        0.3120567375886525,
        0.39893617021276595,
        0.26808510638297867,
        0.6170212765957447,
        0.2553191489361702
    ],
    "GreedyTotal":[
        0.18617021276595744,
        0.30851063829787234,
        0.2851063829787234,
        0.4468085106382979,
        0.43617021276595747,
        0.276595744680851,
        0.22978723404255316,
        0.2851063829787234,
        0.39007092198581556,
        0.2553191489361702,
        0.21808510638297873,
        0.26595744680851063,
        0.35106382978723405,
        0.35319148936170214,
        0.37446808510638296,
        0.3531914893617021,
        0.39361702127659576,
        0.3659574468085106,
        0.33510638297872336,
        0.4539007092198582,
        0.4042553191489362,
        0.34893617021276596,
        0.30851063829787234,
        0.17446808510638295,
        0.4170212765957446,
        0.3457446808510638,
        0.2978723404255319,
        0.28936170212765955,
        0.3475177304964539,
        0.29787234042553196,
        0.3191489361702127,
        0.30851063829787234,
        0.3829787234042554,
        0.3333333333333333,
        0.26595744680851063,
        0.4202127659574468,
        0.23829787234042552,
        0.1631205673758865,
        0.25531914893617025,
        0.1914893617021277,
        0.40425531914893614,
        0.19148936170212766
    ]
}