{
    "ARTMaxMin":[
        0.4308510638297872,
        0.44680851063829785,
        0.7404255319148936,
        0.7617021276595745,
        0.925531914893617,
        0.8085106382978723,
        0.6170212765957446,
        0.5234042553191489,
        0.702127659574468,
        0.3936170212765957,
        0.5904255319148937,
        0.6382978723404256,
        0.7553191489361701,
        0.5829787234042553,
        0.6851063829787234,
        0.5191489361702127,
        0.8138297872340425,
        0.6638297872340425,
        0.7287234042553191,
        0.524822695035461,
        0.8776595744680851,
        0.7106382978723403,
        0.6223404255319148,
        0.46382978723404256,
        0.7361702127659575,
        0.7925531914893617,
        0.6542553191489361,
        0.625531914893617,
        0.6595744680851064,
        0.5886524822695036,
        0.6312056737588653,
        0.6170212765957447,
        0.6595744680851063,
        0.7234042553191489,
        0.3404255319148936,
        0.7819148936170212,
        0.5276595744680851,
        0.5673758865248226,
        0.526595744680851,
        0.34042553191489355,
        0.8191489361702127,
        0.5319148936170213
    ],
    "Genetic":[
        0.3617021276595745,
        0.6595744680851063,
        0.8297872340425532,
        0.7319148936170212,
        0.8031914893617021,
        0.5851063829787234,
        0.6212765957446809,
        0.7957446808510639,
        0.7092198581560284,
        0.4787234042553191,
        0.6968085106382979,
        0.5,
        0.6223404255319149,
        0.5914893617021276,
        0.47659574468085103,
        0.5872340425531914,
        0.5851063829787234,
        0.902127659574468,
        0.7074468085106382,
        0.7092198581560284,
        0.553191489361702,
        0.9063829787234043,
        0.5265957446808511,
        0.6382978723404256,
        0.8,
        0.8617021276595744,
        0.75,
        0.5829787234042553,
        0.8439716312056738,
        0.6099290780141844,
        0.75177304964539,
        0.30319148936170215,
        0.702127659574468,
        0.6382978723404255,
        0.5319148936170213,
        0.6436170212765957,
        0.49361702127659585,
        0.6595744680851064,
        0.6968085106382979,
        0.47659574468085103,
        0.8085106382978723,
        0.40425531914893614
    ],
    "GreedyAdditional":[
        0.40957446808510634,
        0.5319148936170213,
        0.48936170212765956,
        0.672340425531915,
        0.7287234042553192,
        0.3936170212765957,
        0.37872340425531914,
        0.4340425531914893,
        0.5602836879432624,
        0.3404255319148936,
        0.3191489361702128,
        0.4361702127659574,
        0.6702127659574468,
        0.5914893617021277,
        0.6382978723404256,
        0.46808510638297873,
        0.5691489361702128,
        0.5361702127659573,
        0.4414893617021276,
        0.5106382978723404,
        0.4574468085106383,
        0.5319148936170213,
        0.4734042553191489,
        0.2723404255319149,
        0.5702127659574467,
        0.48404255319148937,
        0.44680851063829785,
        0.4851063829787233,
        0.49645390070921985,
        0.39716312056737585,
        0.6099290780141845,
        0.5478723404255319,
        0.5744680851063829,
        0.6453900709219859,
        0.3936170212765957,
        0.6276595744680851,
        0.3702127659574468,
        0.24113475177304963,
        0.351063829787234,
        0.31489361702127655,
        0.6117021276595744,
        0.4680851063829787
    ],
    "GreedyTotal":[
        0.28191489361702127,
        0.32978723404255317,
        0.3872340425531915,
        0.5574468085106383,
        0.5053191489361702,
        0.2127659574468085,
        0.31063829787234043,
        0.33191489361702126,
        0.45390070921985815,
        0.3191489361702127,
        0.2925531914893617,
        0.30851063829787234,
        0.49999999999999994,
        0.46808510638297873,
        0.4212765957446808,
        0.3191489361702128,
        0.45744680851063824,
        0.48936170212765956,
        0.31382978723404253,
        0.48226950354609927,
        0.3563829787234043,
        0.39148936170212767,
        0.3191489361702128,
        0.15744680851063828,
        0.39148936170212767,
        0.3457446808510638,
        0.30319148936170215,
        0.3957446808510639,
        0.3120567375886525,
        0.2695035460992908,
        0.5460992907801417,
        0.3457446808510638,
        0.5106382978723404,
        0.425531914893617,
        0.3404255319148936,
        0.5212765957446809,
        0.28510638297872337,
        0.1843971631205674,
        0.23936170212765956,
        0.2382978723404255,
        0.4946808510638298,
        0.2872340425531915
    ]
}