{
    "AdditionalTotal":[
        0.5053191489361702,
        0.7340425531914894,
        0.8382978723404255,
        0.825531914893617,
        0.8085106382978723,
        0.48936170212765956,
        0.548936170212766,
        0.778723404255319,
        0.7943262411347517,
        0.5,
        0.7127659574468086,
        0.5319148936170213,
        0.723404255319149,
        0.7489361702127659,
        0.7021276595744681,
        0.6340425531914894,
        0.6861702127659575,
        0.8893617021276595,
        0.648936170212766,
        0.723404255319149,
        0.5425531914893617,
        0.8382978723404255,
        0.6223404255319149,
        0.5617021276595745,
        0.7957446808510638,
        0.8351063829787234,
        0.803191489361702,
        0.676595744680851,
        0.7659574468085105,
        0.5957446808510638,
        0.8014184397163121,
        0.5319148936170213,
        0.7163120567375887,
        0.7659574468085107,
        0.5531914893617021,
        0.7393617021276596,
        0.5531914893617021,
        0.6595744680851064,
        0.6542553191489362,
        0.553191489361702,
        0.8404255319148937,
        0.4574468085106383
    ],
    "GreedyAdditional":[
        0.40957446808510634,
        0.5319148936170213,
        0.48936170212765956,
        0.672340425531915,
        0.7287234042553192,
        0.3936170212765957,
        0.37872340425531914,
        0.4340425531914893,
        0.5602836879432624,
        0.3404255319148936,
        0.3191489361702128,
        0.4361702127659574,
        0.6702127659574468,
        0.5914893617021277,
        0.6382978723404256,
        0.46808510638297873,
        0.5691489361702128,
        0.5361702127659573,
        0.4414893617021276,
        0.5106382978723404,
        0.4574468085106383,
        0.5319148936170213,
        0.4734042553191489,
        0.2723404255319149,
        0.5702127659574467,
        0.48404255319148937,
        0.44680851063829785,
        0.4851063829787233,
        0.49645390070921985,
        0.39716312056737585,
        0.6099290780141845,
        0.5478723404255319,
        0.5744680851063829,
        0.6453900709219859,
        0.3936170212765957,
        0.6276595744680851,
        0.3702127659574468,
        0.24113475177304963,
        0.351063829787234,
        0.31489361702127655,
        0.6117021276595744,
        0.4680851063829787
    ],
    "GreedyAdditionalSimilarity":[
        0.324468085106383,
        0.46808510638297873,
        0.4042553191489362,
        0.6042553191489362,
        0.6276595744680851,
        0.32978723404255317,
        0.3404255319148936,
        0.3872340425531915,
        0.4822695035460993,
        0.2553191489361702,
        0.24468085106382978,
        0.35106382978723405,
        0.5638297872340425,
        0.5361702127659574,
        0.5361702127659574,
        0.3957446808510639,
        0.5106382978723405,
        0.5191489361702126,
        0.3882978723404255,
        0.4751773049645391,
        0.39361702127659576,
        0.48936170212765956,
        0.34574468085106386,
        0.23829787234042557,
        0.5021276595744681,
        0.39893617021276595,
        0.3563829787234043,
        0.3914893617021276,
        0.4397163120567376,
        0.3262411347517731,
        0.5460992907801417,
        0.43617021276595747,
        0.5106382978723404,
        0.5460992907801419,
        0.3404255319148936,
        0.5478723404255319,
        0.2978723404255319,
        0.1631205673758865,
        0.3031914893617021,
        0.2340425531914893,
        0.4946808510638298,
        0.35106382978723405
    ],
    "GreedyTotal":[
        0.28191489361702127,
        0.32978723404255317,
        0.3872340425531915,
        0.5574468085106383,
        0.5053191489361702,
        0.2127659574468085,
        0.31063829787234043,
        0.33191489361702126,
        0.45390070921985815,
        0.3191489361702127,
        0.2925531914893617,
        0.30851063829787234,
        0.49999999999999994,
        0.46808510638297873,
        0.4212765957446808,
        0.3191489361702128,
        0.45744680851063824,
        0.48936170212765956,
        0.31382978723404253,
        0.48226950354609927,
        0.3563829787234043,
        0.39148936170212767,
        0.3191489361702128,
        0.15744680851063828,
        0.39148936170212767,
        0.3457446808510638,
        0.30319148936170215,
        0.3957446808510639,
        0.3120567375886525,
        0.2695035460992908,
        0.5460992907801417,
        0.3457446808510638,
        0.5106382978723404,
        0.425531914893617,
        0.3404255319148936,
        0.5212765957446809,
        0.28510638297872337,
        0.1843971631205674,
        0.23936170212765956,
        0.2382978723404255,
        0.4946808510638298,
        0.2872340425531915
    ]
}