{
    "AdditionalTotal":[
        0.3191489361702128,
        0.5851063829787234,
        0.425531914893617,
        0.5361702127659574,
        0.6436170212765957,
        0.3191489361702128,
        0.43404255319148943,
        0.4042553191489362,
        0.5460992907801419,
        0.2553191489361702,
        0.32978723404255317,
        0.44680851063829785,
        0.5904255319148937,
        0.47234042553191485,
        0.5829787234042553,
        0.574468085106383,
        0.46808510638297873,
        0.4170212765957446,
        0.4574468085106383,
        0.5390070921985816,
        0.6063829787234043,
        0.5276595744680851,
        0.5319148936170213,
        0.2978723404255319,
        0.6170212765957447,
        0.5531914893617021,
        0.5319148936170213,
        0.5021276595744681,
        0.5531914893617021,
        0.43971631205673756,
        0.48936170212765956,
        0.44680851063829785,
        0.5177304964539008,
        0.5460992907801419,
        0.26595744680851063,
        0.5531914893617021,
        0.3021276595744681,
        0.3120567375886525,
        0.39893617021276595,
        0.26808510638297867,
        0.6170212765957447,
        0.2553191489361702
    ],
    "GreedyAdditional":[
        0.3191489361702128,
        0.5851063829787234,
        0.425531914893617,
        0.5361702127659574,
        0.6436170212765957,
        0.3191489361702128,
        0.43404255319148943,
        0.4042553191489362,
        0.5460992907801419,
        0.2553191489361702,
        0.32978723404255317,
        0.44680851063829785,
        0.5904255319148937,
        0.47234042553191485,
        0.5829787234042553,
        0.574468085106383,
        0.46808510638297873,
        0.4170212765957446,
        0.4574468085106383,
        0.5390070921985816,
        0.6063829787234043,
        0.5276595744680851,
        0.5319148936170213,
        0.2978723404255319,
        0.6170212765957447,
        0.5531914893617021,
        0.5319148936170213,
        0.5021276595744681,
        0.5531914893617021,
        0.43971631205673756,
        0.48936170212765956,
        0.44680851063829785,
        0.5177304964539008,
        0.5460992907801419,
        0.26595744680851063,
        0.5531914893617021,
        0.3021276595744681,
        0.3120567375886525,
        0.39893617021276595,
        0.26808510638297867,
        0.6170212765957447,
        0.2553191489361702
    ],
    "GreedyAdditionalSimilarity":[
        0.19148936170212766,
        0.35106382978723405,
        0.48510638297872344,
        0.5106382978723405,
        0.6170212765957447,
        0.5,
        0.3276595744680851,
        0.49787234042553197,
        0.5460992907801417,
        0.1702127659574468,
        0.32446808510638303,
        0.2765957446808511,
        0.48936170212765956,
        0.43404255319148943,
        0.48085106382978715,
        0.5319148936170213,
        0.35106382978723405,
        0.43404255319148943,
        0.5319148936170213,
        0.5957446808510639,
        0.4148936170212766,
        0.6042553191489362,
        0.3031914893617021,
        0.2851063829787234,
        0.7446808510638298,
        0.6223404255319149,
        0.5691489361702128,
        0.35319148936170214,
        0.5886524822695035,
        0.5106382978723404,
        0.4468085106382979,
        0.2765957446808511,
        0.3546099290780142,
        0.5319148936170213,
        0.19148936170212766,
        0.4042553191489362,
        0.31063829787234043,
        0.3262411347517731,
        0.38829787234042556,
        0.16595744680851066,
        0.4308510638297872,
        0.14893617021276595
    ],
    "GreedyTotal":[
        0.18617021276595744,
        0.30851063829787234,
        0.2851063829787234,
        0.4468085106382979,
        0.43617021276595747,
        0.276595744680851,
        0.22978723404255316,
        0.2851063829787234,
        0.39007092198581556,
        0.2553191489361702,
        0.21808510638297873,
        0.26595744680851063,
        0.35106382978723405,
        0.35319148936170214,
        0.37446808510638296,
        0.3531914893617021,
        0.39361702127659576,
        0.3659574468085106,
        0.33510638297872336,
        0.4539007092198582,
        0.4042553191489362,
        0.34893617021276596,
        0.30851063829787234,
        0.17446808510638295,
        0.4170212765957446,
        0.3457446808510638,
        0.2978723404255319,
        0.28936170212765955,
        0.3475177304964539,
        0.29787234042553196,
        0.3191489361702127,
        0.30851063829787234,
        0.3829787234042554,
        0.3333333333333333,
        0.26595744680851063,
        0.4202127659574468,
        0.23829787234042552,
        0.1631205673758865,
        0.25531914893617025,
        0.1914893617021277,
        0.40425531914893614,
        0.19148936170212766
    ]
}