{
    "AdditionalTotal":[
        0.3353658536585366,
        0.3414634146341463,
        0.4926829268292683,
        0.4902439024390244,
        0.5213414634146342,
        0.4024390243902439,
        0.3024390243902439,
        0.4,
        0.48373983739837395,
        0.30487804878048785,
        0.4298780487804878,
        0.3902439024390244,
        0.47560975609756095,
        0.4390243902439025,
        0.4292682926829269,
        0.3341463414634146,
        0.4695121951219512,
        0.46829268292682924,
        0.3871951219512195,
        0.47560975609756095,
        0.4603658536585366,
        0.4609756097560975,
        0.41158536585365857,
        0.3,
        0.4463414634146342,
        0.49085365853658536,
        0.47560975609756095,
        0.4365853658536586,
        0.4308943089430894,
        0.3943089430894309,
        0.47560975609756095,
        0.36585365853658536,
        0.47560975609756095,
        0.491869918699187,
        0.2682926829268293,
        0.4969512195121951,
        0.348780487804878,
        0.40243902439024387,
        0.36890243902439024,
        0.32682926829268294,
        0.5304878048780488,
        0.3170731707317073
    ],
    "GreedyAdditional":[
        0.40957446808510634,
        0.5319148936170213,
        0.48936170212765956,
        0.672340425531915,
        0.7287234042553192,
        0.3936170212765957,
        0.37872340425531914,
        0.4340425531914893,
        0.5602836879432624,
        0.3404255319148936,
        0.3191489361702128,
        0.4361702127659574,
        0.6702127659574468,
        0.5914893617021277,
        0.6382978723404256,
        0.46808510638297873,
        0.5691489361702128,
        0.5361702127659573,
        0.4414893617021276,
        0.5106382978723404,
        0.4574468085106383,
        0.5319148936170213,
        0.4734042553191489,
        0.2723404255319149,
        0.5702127659574467,
        0.48404255319148937,
        0.44680851063829785,
        0.4851063829787233,
        0.49645390070921985,
        0.39716312056737585,
        0.6099290780141845,
        0.5478723404255319,
        0.5744680851063829,
        0.6453900709219859,
        0.3936170212765957,
        0.6276595744680851,
        0.3702127659574468,
        0.24113475177304963,
        0.351063829787234,
        0.31489361702127655,
        0.6117021276595744,
        0.4680851063829787
    ],
    "GreedyAdditionalNew":[
        0.24468085106382978,
        0.3936170212765957,
        0.5361702127659574,
        0.6340425531914894,
        0.7180851063829786,
        0.3829787234042553,
        0.5148936170212766,
        0.4425531914893616,
        0.5460992907801419,
        0.45744680851063835,
        0.3829787234042553,
        0.42553191489361697,
        0.6223404255319149,
        0.5234042553191489,
        0.48510638297872344,
        0.3617021276595745,
        0.5531914893617021,
        0.6085106382978723,
        0.44680851063829785,
        0.5886524822695035,
        0.46808510638297873,
        0.5787234042553192,
        0.4574468085106383,
        0.31063829787234043,
        0.5319148936170214,
        0.5265957446808511,
        0.4308510638297872,
        0.46808510638297873,
        0.5106382978723404,
        0.3900709219858156,
        0.6099290780141844,
        0.4468085106382979,
        0.6099290780141844,
        0.5531914893617021,
        0.46808510638297873,
        0.5904255319148937,
        0.39574468085106385,
        0.2765957446808511,
        0.3191489361702128,
        0.3361702127659575,
        0.6702127659574468,
        0.46808510638297873
    ],
    "GreedyTotal":[
        0.28191489361702127,
        0.32978723404255317,
        0.3872340425531915,
        0.5574468085106383,
        0.5053191489361702,
        0.2127659574468085,
        0.31063829787234043,
        0.33191489361702126,
        0.45390070921985815,
        0.3191489361702127,
        0.2925531914893617,
        0.30851063829787234,
        0.49999999999999994,
        0.46808510638297873,
        0.4212765957446808,
        0.3191489361702128,
        0.45744680851063824,
        0.48936170212765956,
        0.31382978723404253,
        0.48226950354609927,
        0.3563829787234043,
        0.39148936170212767,
        0.3191489361702128,
        0.15744680851063828,
        0.39148936170212767,
        0.3457446808510638,
        0.30319148936170215,
        0.3957446808510639,
        0.3120567375886525,
        0.2695035460992908,
        0.5460992907801417,
        0.3457446808510638,
        0.5106382978723404,
        0.425531914893617,
        0.3404255319148936,
        0.5212765957446809,
        0.28510638297872337,
        0.1843971631205674,
        0.23936170212765956,
        0.2382978723404255,
        0.4946808510638298,
        0.2872340425531915
    ]
}