{
    "ARTMaxMin":[
        0.1702127659574468,
        0.4468085106382979,
        0.7191489361702128,
        0.6595744680851063,
        0.6595744680851063,
        0.5531914893617021,
        0.6297872340425531,
        0.7021276595744681,
        0.6879432624113475,
        0.8297872340425532,
        0.6542553191489362,
        0.4361702127659574,
        0.6595744680851063,
        0.425531914893617,
        0.37446808510638296,
        0.4212765957446809,
        0.5797872340425532,
        0.851063829787234,
        0.5425531914893618,
        0.5957446808510638,
        0.5106382978723404,
        0.8382978723404255,
        0.675531914893617,
        0.6595744680851063,
        0.6468085106382978,
        0.7978723404255319,
        0.7127659574468085,
        0.6297872340425532,
        0.702127659574468,
        0.48226950354609927,
        0.8014184397163121,
        0.4627659574468085,
        0.5460992907801419,
        0.4609929078014185,
        0.48936170212765956,
        0.5372340425531914,
        0.6212765957446809,
        0.6382978723404255,
        0.3829787234042553,
        0.5787234042553191,
        0.8085106382978724,
        0.5638297872340425
    ],
    "Genetic":[
        0.4361702127659574,
        0.8404255319148937,
        0.7319148936170212,
        0.723404255319149,
        0.7819148936170213,
        0.5851063829787234,
        0.6978723404255318,
        0.6595744680851064,
        0.8014184397163121,
        0.39361702127659576,
        0.6117021276595744,
        0.5106382978723404,
        0.6861702127659575,
        0.6851063829787234,
        0.6936170212765957,
        0.6936170212765956,
        0.6276595744680852,
        0.8,
        0.601063829787234,
        0.6453900709219859,
        0.7021276595744681,
        0.8340425531914895,
        0.6276595744680851,
        0.5446808510638298,
        0.8425531914893616,
        0.8138297872340425,
        0.8085106382978724,
        0.6936170212765959,
        0.8368794326241135,
        0.6170212765957447,
        0.7375886524822696,
        0.4627659574468085,
        0.6595744680851063,
        0.7446808510638298,
        0.4361702127659574,
        0.7074468085106382,
        0.451063829787234,
        0.574468085106383,
        0.5106382978723405,
        0.4,
        0.7978723404255319,
        0.30851063829787234
    ],
    "GreedyAdditional":[
        0.48936170212765956,
        0.7446808510638298,
        0.6978723404255318,
        0.7659574468085106,
        0.8085106382978723,
        0.48936170212765956,
        0.5574468085106383,
        0.6638297872340425,
        0.75177304964539,
        0.35106382978723405,
        0.5797872340425532,
        0.574468085106383,
        0.7021276595744681,
        0.7148936170212765,
        0.7489361702127659,
        0.7446808510638298,
        0.6808510638297871,
        0.7574468085106382,
        0.6968085106382979,
        0.7163120567375887,
        0.7234042553191489,
        0.8212765957446807,
        0.6010638297872339,
        0.5191489361702127,
        0.851063829787234,
        0.7978723404255319,
        0.776595744680851,
        0.6085106382978724,
        0.7801418439716312,
        0.6453900709219859,
        0.7588652482269502,
        0.5478723404255319,
        0.6595744680851063,
        0.75177304964539,
        0.46808510638297873,
        0.6808510638297873,
        0.49361702127659574,
        0.5744680851063829,
        0.5265957446808511,
        0.4723404255319149,
        0.7446808510638296,
        0.35106382978723405
    ],
    "GreedyTotal":[
        0.25,
        0.2765957446808511,
        0.276595744680851,
        0.49787234042553197,
        0.4521276595744681,
        0.26595744680851063,
        0.25957446808510637,
        0.3446808510638298,
        0.47517730496453897,
        0.3297872340425532,
        0.25,
        0.3297872340425532,
        0.44148936170212766,
        0.4170212765957447,
        0.3872340425531915,
        0.3489361702127659,
        0.48404255319148937,
        0.49361702127659574,
        0.31382978723404253,
        0.425531914893617,
        0.4468085106382979,
        0.3659574468085106,
        0.2872340425531915,
        0.12340425531914893,
        0.39574468085106385,
        0.2978723404255319,
        0.2606382978723404,
        0.33191489361702126,
        0.29078014184397166,
        0.30496453900709225,
        0.5035460992907802,
        0.3191489361702128,
        0.4822695035460993,
        0.326241134751773,
        0.3617021276595745,
        0.49468085106382975,
        0.2893617021276596,
        0.15602836879432622,
        0.21808510638297873,
        0.251063829787234,
        0.46276595744680854,
        0.15957446808510636
    ]
}