{
    "ARTMaxMin":[
        0.6329113924050633,
        0.6962025316455697,
        0.9113924050632911,
        0.9240506329113924,
        0.7341772151898734,
        0,
        0,
        0.6329113924050633,
        0.46835443037974683,
        0.9873417721518988,
        0,
        0.759493670886076,
        0.759493670886076,
        0.21518987341772153,
        0,
        0,
        0.9240506329113924,
        0.6329113924050633,
        0,
        0.759493670886076,
        0,
        0.8860759493670886,
        0.7088607594936709,
        0,
        0.759493670886076,
        0,
        0.7088607594936709,
        0,
        0.7088607594936709,
        0,
        0,
        0,
        0.9240506329113924,
        0.8860759493670886,
        0.7341772151898734,
        0.7088607594936709,
        0.7088607594936709,
        0.759493670886076,
        0.9240506329113924,
        0.7088607594936709,
        0.7088607594936709,
        0.759493670886076,
        0,
        0,
        0.7848101265822784,
        0.8860759493670886,
        0.6075949367088608,
        0,
        0.9240506329113924,
        0,
        0.26582278481012656,
        0.7088607594936709,
        0.4810126582278481,
        0,
        0,
        0.6075949367088608,
        0.6329113924050633,
        0.7088607594936709,
        0.6329113924050633,
        0.759493670886076,
        0.759493670886076,
        0.5189873417721519,
        0,
        0,
        0.6075949367088608,
        0.3037974683544304,
        0.9367088607594937,
        0.7088607594936709,
        0,
        0,
        0,
        0.759493670886076,
        0,
        0.6708860759493671,
        0.9240506329113924,
        0,
        0.7088607594936709,
        0,
        0.7088607594936709,
        0.7088607594936709,
        0.8860759493670886,
        0.8860759493670886,
        0,
        0,
        0.8860759493670886,
        0.7088607594936709,
        0.7088607594936709,
        0.7088607594936709,
        0.7088607594936709,
        0,
        0.9113924050632911,
        0,
        0,
        0.7088607594936709
    ],
    "Genetic":[
        0.8227848101265823,
        0.7974683544303798,
        0.8734177215189873,
        0.8354430379746836,
        0.9113924050632911,
        0,
        0,
        0.8227848101265823,
        0.25316455696202533,
        0.9746835443037974,
        0,
        0.759493670886076,
        0.759493670886076,
        0.4810126582278481,
        0,
        0,
        0.8354430379746836,
        0.8227848101265823,
        0,
        0.9493670886075949,
        0,
        0.27848101265822783,
        0.11392405063291139,
        0,
        0.759493670886076,
        0,
        0.11392405063291139,
        0,
        0.11392405063291139,
        0,
        0,
        0,
        0.8354430379746836,
        0.8734177215189873,
        0.9113924050632911,
        0.759493670886076,
        0.11392405063291139,
        0.759493670886076,
        0.8354430379746836,
        0.11392405063291139,
        0.11392405063291139,
        0.9113924050632911,
        0,
        0,
        0.8607594936708861,
        0.6708860759493671,
        0.6708860759493671,
        0,
        0.8354430379746836,
        0,
        0.20253164556962025,
        0.11392405063291139,
        0.16455696202531644,
        0,
        0,
        0.6708860759493671,
        0.8227848101265823,
        0.11392405063291139,
        0.8227848101265823,
        0.759493670886076,
        0.759493670886076,
        0.5822784810126582,
        0,
        0,
        0.6708860759493671,
        0.4050632911392405,
        0.8354430379746836,
        0.11392405063291139,
        0,
        0,
        0,
        0.759493670886076,
        0,
        0.6455696202531646,
        0.8354430379746836,
        0,
        0.11392405063291139,
        0,
        0.11392405063291139,
        0.11392405063291139,
        0.6708860759493671,
        0.6708860759493671,
        0,
        0,
        0.8734177215189873,
        0.11392405063291139,
        0.11392405063291139,
        0.7088607594936709,
        0.759493670886076,
        0,
        0.8734177215189873,
        0,
        0,
        0.11392405063291139
    ],
    "GreedyAdditional":[
        0.810126582278481,
        0.569620253164557,
        0.9746835443037974,
        0.7088607594936709,
        0.6708860759493671,
        0,
        0,
        0.810126582278481,
        0.22784810126582278,
        0.9620253164556962,
        0,
        0.9620253164556962,
        0.9620253164556962,
        0.5443037974683544,
        0,
        0,
        0.7088607594936709,
        0.810126582278481,
        0,
        0.9620253164556962,
        0,
        0.3291139240506329,
        0.31645569620253167,
        0,
        0.9620253164556962,
        0,
        0.31645569620253167,
        0,
        0.31645569620253167,
        0,
        0,
        0,
        0.7088607594936709,
        0.7215189873417721,
        0.8860759493670886,
        0.7974683544303798,
        0.31645569620253167,
        0.9620253164556962,
        0.7088607594936709,
        0.31645569620253167,
        0.31645569620253167,
        0.9620253164556962,
        0,
        0,
        0.9620253164556962,
        0.3924050632911392,
        0.7088607594936709,
        0,
        0.7088607594936709,
        0,
        0.5822784810126582,
        0.31645569620253167,
        0.27848101265822783,
        0,
        0,
        0.7088607594936709,
        0.810126582278481,
        0.31645569620253167,
        0.810126582278481,
        0.9620253164556962,
        0.9620253164556962,
        0.6075949367088608,
        0,
        0,
        0.7088607594936709,
        0.6455696202531646,
        0.8734177215189873,
        0.31645569620253167,
        0,
        0,
        0,
        0.9620253164556962,
        0,
        0.7468354430379747,
        0.7088607594936709,
        0,
        0.31645569620253167,
        0,
        0.31645569620253167,
        0.31645569620253167,
        0.3924050632911392,
        0.3924050632911392,
        0,
        0,
        0.7215189873417721,
        0.31645569620253167,
        0.31645569620253167,
        0.8354430379746836,
        0.7974683544303798,
        0,
        0.9746835443037974,
        0,
        0,
        0.31645569620253167
    ],