{
    "ARTMaxMin":[
        0.569620253164557,
        0.6329113924050633,
        0.8987341772151899,
        0.6835443037974683,
        0.8987341772151899,
        0,
        0,
        0.569620253164557,
        0.810126582278481,
        0.9493670886075949,
        0,
        0.43037974683544306,
        0.43037974683544306,
        0.22784810126582278,
        0,
        0,
        0.6835443037974683,
        0.569620253164557,
        0,
        0.569620253164557,
        0,
        0.4430379746835443,
        0.8987341772151899,
        0,
        0.43037974683544306,
        0,
        0.8987341772151899,
        0,
        0.8987341772151899,
        0,
        0,
        0,
        0.6835443037974683,
        0.8987341772151899,
        0.9493670886075949,
        0.9113924050632911,
        0.8987341772151899,
        0.46835443037974683,
        0.6835443037974683,
        0.8987341772151899,
        0.8987341772151899,
        0.569620253164557,
        0,
        0,
        0.8987341772151899,
        0.620253164556962,
        0.7468354430379747,
        0,
        0.6835443037974683,
        0,
        0.569620253164557,
        0.8987341772151899,
        0.0759493670886076,
        0,
        0,
        0.7468354430379747,
        0.569620253164557,
        0.8987341772151899,
        0.569620253164557,
        0.46835443037974683,
        0.43037974683544306,
        0.8987341772151899,
        0,
        0,
        0.7468354430379747,
        0.759493670886076,
        0.7215189873417721,
        0.8987341772151899,
        0,
        0,
        0,
        0.43037974683544306,
        0,
        0.6962025316455697,
        0.6835443037974683,
        0,
        0.8987341772151899,
        0,
        0.8987341772151899,
        0.8987341772151899,
        0.620253164556962,
        0.620253164556962,
        0,
        0,
        0.8987341772151899,
        0.8987341772151899,
        0.8987341772151899,
        0.4936708860759494,
        0.9113924050632911,
        0,
        0.8987341772151899,
        0,
        0,
        0.8987341772151899
    ],
    "Genetic":[
        0.8227848101265823,
        0.6455696202531646,
        0.9746835443037974,
        0.6582278481012658,
        0.9620253164556962,
        0,
        0,
        0.8227848101265823,
        0.2911392405063291,
        0.9113924050632911,
        0,
        0.20253164556962025,
        0.20253164556962025,
        0.7341772151898734,
        0,
        0,
        0.6582278481012658,
        0.8227848101265823,
        0,
        0.8227848101265823,
        0,
        0.08860759493670886,
        0.9620253164556962,
        0,
        0.20253164556962025,
        0,
        0.9620253164556962,
        0,
        0.9620253164556962,
        0,
        0,
        0,
        0.6582278481012658,
        0.9620253164556962,
        0.9620253164556962,
        0.9620253164556962,
        0.9620253164556962,
        0.6455696202531646,
        0.6582278481012658,
        0.9620253164556962,
        0.9620253164556962,
        0.6455696202531646,
        0,
        0,
        0.9620253164556962,
        0.7468354430379747,
        0.8860759493670886,
        0,
        0.6582278481012658,
        0,
        0.0379746835443038,
        0.9620253164556962,
        0.3291139240506329,
        0,
        0,
        0.8860759493670886,
        0.8227848101265823,
        0.9620253164556962,
        0.8227848101265823,
        0.6455696202531646,
        0.20253164556962025,
        0.7341772151898734,
        0,
        0,
        0.8860759493670886,
        0.012658227848101266,
        0.7215189873417721,
        0.9620253164556962,
        0,
        0,
        0,
        0.20253164556962025,
        0,
        0.4936708860759494,
        0.6582278481012658,
        0,
        0.9620253164556962,
        0,
        0.9620253164556962,
        0.9620253164556962,
        0.7468354430379747,
        0.7468354430379747,
        0,
        0,
        0.9620253164556962,
        0.9620253164556962,
        0.9620253164556962,
        0.7848101265822784,
        0.9620253164556962,
        0,
        0.9746835443037974,
        0,
        0,
        0.9620253164556962
    ],
    "GreedyAdditional":[
        0.379746835443038,
        0.43037974683544306,
        0.4936708860759494,
        0.5316455696202531,
        0.7721518987341772,
        0,
        0,
        0.379746835443038,
        0.02531645569620253,
        0.8227848101265823,
        0,
        0.16455696202531644,
        0.16455696202531644,
        0.16455696202531644,
        0,
        0,
        0.5316455696202531,
        0.379746835443038,
        0,
        0.7088607594936709,
        0,
        0.3037974683544304,
        0.3037974683544304,
        0,
        0.16455696202531644,
        0,
        0.3037974683544304,
        0,
        0.3037974683544304,
        0,
        0,
        0,
        0.5316455696202531,
        0.4810126582278481,
        0.8607594936708861,
        0.6708860759493671,
        0.3037974683544304,
        0.3291139240506329,
        0.5316455696202531,
        0.3037974683544304,
        0.3037974683544304,
        0.8481012658227848,
        0,
        0,
        0.6329113924050633,
        0.4430379746835443,
        0.31645569620253167,
        0,
        0.5316455696202531,
        0,
        0.16455696202531644,
        0.3037974683544304,
        0.379746835443038,
        0,
        0,
        0.31645569620253167,
        0.379746835443038,
        0.3037974683544304,
        0.379746835443038,
        0.3291139240506329,
        0.16455696202531644,
        0.7848101265822784,
        0,
        0,
        0.5063291139240507,
        0.4430379746835443,
        0.8734177215189873,
        0.3037974683544304,
        0,
        0,
        0,
        0.16455696202531644,
        0,
        0.22784810126582278,
        0.5316455696202531,
        0,
        0.3037974683544304,
        0,
        0.3037974683544304,
        0.3037974683544304,
        0.4430379746835443,
        0.4430379746835443,
        0,
        0,
        0.4810126582278481,
        0.3037974683544304,
        0.3037974683544304,
        0.7341772151898734,
        0.6708860759493671,
        0,
        0.4936708860759494,
        0,
        0,
        0.3037974683544304
    ],