{
    "ARTMaxMin":[
        0.5822784810126582,
        0.7848101265822784,
        0.8354430379746836,
        0.5316455696202531,
        0.7215189873417721,
        0,
        0,
        0.5822784810126582,
        0.569620253164557,
        0.8354430379746836,
        0,
        0.6455696202531646,
        0.6455696202531646,
        0.0759493670886076,
        0,
        0,
        0.5316455696202531,
        0.5822784810126582,
        0,
        0.9113924050632911,
        0,
        0.05063291139240506,
        0.6835443037974683,
        0,
        0.6455696202531646,
        0,
        0.6835443037974683,
        0,
        0.6835443037974683,
        0,
        0,
        0,
        0.5316455696202531,
        0.8354430379746836,
        0.7215189873417721,
        0.6835443037974683,
        0.6835443037974683,
        0.6455696202531646,
        0.5316455696202531,
        0.6835443037974683,
        0.6835443037974683,
        0.9113924050632911,
        0,
        0,
        0.8481012658227848,
        0.8354430379746836,
        0.4177215189873418,
        0,
        0.8481012658227848,
        0,
        0.5569620253164557,
        0.6835443037974683,
        0.21518987341772153,
        0,
        0,
        0.4177215189873418,
        0.5822784810126582,
        0.6835443037974683,
        0.5822784810126582,
        0.6455696202531646,
        0.6455696202531646,
        0.46835443037974683,
        0,
        0,
        0.8354430379746836,
        0.8607594936708861,
        0.8607594936708861,
        0.6835443037974683,
        0,
        0,
        0,
        0.6455696202531646,
        0,
        0.759493670886076,
        0.8481012658227848,
        0,
        0.6835443037974683,
        0,
        0.6835443037974683,
        0.6835443037974683,
        0.8354430379746836,
        0.8354430379746836,
        0,
        0,
        0.8354430379746836,
        0.6835443037974683,
        0.6835443037974683,
        0.7974683544303798,
        0.6835443037974683,
        0,
        0.8354430379746836,
        0,
        0,
        0.6835443037974683
    ],
    "Genetic":[
        0.3037974683544304,
        0.7215189873417721,
        0.8734177215189873,
        0.379746835443038,
        0.5822784810126582,
        0,
        0,
        0.3037974683544304,
        0.569620253164557,
        0.9113924050632911,
        0,
        0.34177215189873417,
        0.34177215189873417,
        0.3037974683544304,
        0,
        0,
        0.379746835443038,
        0.3037974683544304,
        0,
        0.5569620253164557,
        0,
        0.5063291139240507,
        0.43037974683544306,
        0,
        0.34177215189873417,
        0,
        0.43037974683544306,
        0,
        0.43037974683544306,
        0,
        0,
        0,
        0.379746835443038,
        0.8734177215189873,
        0.5822784810126582,
        0.43037974683544306,
        0.43037974683544306,
        0.5569620253164557,
        0.379746835443038,
        0.43037974683544306,
        0.43037974683544306,
        0.6455696202531646,
        0,
        0,
        0.7848101265822784,
        0.7215189873417721,
        0.6075949367088608,
        0,
        0.379746835443038,
        0,
        0.05063291139240506,
        0.43037974683544306,
        0.13924050632911392,
        0,
        0,
        0.6075949367088608,
        0.3037974683544304,
        0.43037974683544306,
        0.3037974683544304,
        0.5569620253164557,
        0.34177215189873417,
        0.25316455696202533,
        0,
        0,
        0.6075949367088608,
        0.24050632911392406,
        0.8227848101265823,
        0.43037974683544306,
        0,
        0,
        0,
        0.34177215189873417,
        0,
        0.34177215189873417,
        0.379746835443038,
        0,
        0.43037974683544306,
        0,
        0.43037974683544306,
        0.43037974683544306,
        0.7215189873417721,
        0.7215189873417721,
        0,
        0,
        0.8734177215189873,
        0.43037974683544306,
        0.43037974683544306,
        0.8227848101265823,
        0.43037974683544306,
        0,
        0.8734177215189873,
        0,
        0,
        0.43037974683544306
    ],
    "GreedyAdditional":[
        0.34177215189873417,
        0.6962025316455697,
        0.6835443037974683,
        0.3037974683544304,
        0.5443037974683544,
        0,
        0,
        0.34177215189873417,
        0.43037974683544306,
        0.9493670886075949,
        0,
        0.26582278481012656,
        0.26582278481012656,
        0.3291139240506329,
        0,
        0,
        0.3037974683544304,
        0.34177215189873417,
        0,
        0.6075949367088608,
        0,
        0.27848101265822783,
        0.4177215189873418,
        0,
        0.26582278481012656,
        0,
        0.4177215189873418,
        0,
        0.4177215189873418,
        0,
        0,
        0,
        0.3037974683544304,
        0.6835443037974683,
        0.569620253164557,
        0.4177215189873418,
        0.4177215189873418,
        0.6075949367088608,
        0.3037974683544304,
        0.4177215189873418,
        0.4177215189873418,
        0.6455696202531646,
        0,
        0,
        0.759493670886076,
        0.5443037974683544,
        0.6075949367088608,
        0,
        0.3037974683544304,
        0,
        0.12658227848101267,
        0.4177215189873418,
        0.189873417721519,
        0,
        0,
        0.6075949367088608,
        0.34177215189873417,
        0.4177215189873418,
        0.34177215189873417,
        0.6075949367088608,
        0.26582278481012656,
        0.26582278481012656,
        0,
        0,
        0.6075949367088608,
        0.10126582278481013,
        0.6329113924050633,
        0.4177215189873418,
        0,
        0,
        0,
        0.26582278481012656,
        0,
        0.379746835443038,
        0.3037974683544304,
        0,
        0.4177215189873418,
        0,
        0.4177215189873418,
        0.4177215189873418,
        0.5443037974683544,
        0.5443037974683544,
        0,
        0,
        0.6835443037974683,
        0.4177215189873418,
        0.4177215189873418,
        0.9620253164556962,
        0.4177215189873418,
        0,
        0.6835443037974683,
        0,
        0,
        0.4177215189873418
    ],