{
    "ARTMaxMin":[
        0.7528301886792453,
        0.7679245283018868,
        0.8584905660377359,
        0.8169811320754717,
        0.6735849056603774,
        0.8169811320754717,
        0.779245283018868,
        0.4547169811320755,
        0.779245283018868,
        0.6735849056603774,
        0.7000000000000001,
        0.7150943396226416,
        0.6622641509433963,
        0.7716981132075472,
        0.7415094339622642,
        0.7603773584905661,
        0.7981132075471699,
        0.560377358490566,
        0.7075471698113208,
        0.8547169811320755,
        0.590566037735849,
        0.8283018867924529,
        0.6849056603773586,
        0.5113207547169811,
        0.4509433962264151,
        0.8471698113207548,
        0.7528301886792453,
        0.6811320754716982,
        0.7415094339622642,
        0.6886792452830189,
        0.48867924528301887,
        0.4547169811320755,
        0.7981132075471699,
        0.7264150943396227,
        0.469811320754717,
        0.6094339622641509,
        0.6811320754716982,
        0.6018867924528302,
        0.7415094339622642,
        0.7716981132075472,
        0.779245283018868,
        0.779245283018868,
        0.6094339622641509,
        0.7075471698113208,
        0.8283018867924529,
        0.7113207547169812,
        0.6886792452830189,
        0.7603773584905661,
        0.7566037735849057,
        0.7226415094339623,
        0.6547169811320755,
        0.6169811320754717,
        0.7566037735849057,
        0.7754716981132076,
        0.6962264150943397,
        0.620754716981132,
        0.7603773584905661,
        0.639622641509434,
        0.8132075471698114,
        0.7339622641509435,
        0.7528301886792453,
        0.749056603773585,
        0.7415094339622642,
        0.7528301886792453,
        0.7452830188679246,
        0.6094339622641509
    ],
    "Genetic":[
        0.8811320754716981,
        0.9754716981132076,
        0.8622641509433963,
        0.7415094339622642,
        0.9452830188679245,
        0.9566037735849057,
        0.8433962264150944,
        0.9,
        0.8207547169811321,
        0.8320754716981132,
        0.9188679245283019,
        0.839622641509434,
        0.9150943396226415,
        0.9339622641509434,
        0.8962264150943396,
        0.8320754716981132,
        0.9452830188679245,
        0.7301886792452831,
        0.9188679245283019,
        0.8433962264150944,
        0.7716981132075472,
        0.9566037735849057,
        0.9490566037735849,
        0.8660377358490566,
        0.7075471698113208,
        0.9528301886792453,
        0.9415094339622642,
        0.8660377358490566,
        0.8245283018867925,
        0.8245283018867925,
        0.7943396226415095,
        0.7905660377358491,
        0.869811320754717,
        0.8056603773584906,
        0.8622641509433963,
        0.8245283018867925,
        0.7603773584905661,
        0.7301886792452831,
        0.8962264150943396,
        0.9716981132075472,
        0.7830188679245284,
        0.9226415094339623,
        0.8018867924528302,
        0.8433962264150944,
        0.9679245283018868,
        0.809433962264151,
        0.7867924528301887,
        0.7339622641509435,
        0.9415094339622642,
        0.6320754716981132,
        0.8433962264150944,
        0.8471698113207548,
        0.8962264150943396,
        0.9037735849056604,
        0.8962264150943396,
        0.8283018867924529,
        0.9075471698113208,
        0.9452830188679245,
        0.8773584905660378,
        0.7603773584905661,
        0.930188679245283,
        0.8886792452830189,
        0.8584905660377359,
        0.7830188679245284,
        0.8962264150943396,
        0.6811320754716982
    ],
    "GreedyAdditional":[
        0.8811320754716981,
        0.9792452830188679,
        0.869811320754717,
        0.6169811320754717,
        0.9415094339622642,
        0.960377358490566,
        0.839622641509434,
        0.8849056603773585,
        0.8245283018867925,
        0.8358490566037736,
        0.930188679245283,
        0.749056603773585,
        0.930188679245283,
        0.9339622641509434,
        0.9,
        0.8433962264150944,
        0.9490566037735849,
        0.7150943396226416,
        0.930188679245283,
        0.839622641509434,
        0.7566037735849057,
        0.8433962264150944,
        0.9566037735849057,
        0.8622641509433963,
        0.7037735849056604,
        0.960377358490566,
        0.9528301886792453,
        0.8735849056603774,
        0.8320754716981132,
        0.8320754716981132,
        0.7981132075471699,
        0.7943396226415095,
        0.8924528301886793,
        0.8132075471698114,
        0.869811320754717,
        0.8283018867924529,
        0.7679245283018868,
        0.7264150943396227,
        0.9113207547169812,
        0.9641509433962264,
        0.7981132075471699,
        0.930188679245283,
        0.6773584905660378,
        0.8358490566037736,
        0.9716981132075472,
        0.6962264150943397,
        0.809433962264151,
        0.7452830188679246,
        0.9415094339622642,
        0.6547169811320755,
        0.839622641509434,
        0.8433962264150944,
        0.9,
        0.9,
        0.8924528301886793,
        0.8358490566037736,
        0.9037735849056604,
        0.9528301886792453,
        0.8660377358490566,
        0.7641509433962265,
        0.9415094339622642,
        0.8924528301886793,
        0.8471698113207548,
        0.8018867924528302,
        0.9,
        0.6849056603773586
    ],
    "GreedyTotal":[
        0.7867924528301887,
        0.930188679245283,
        0.8018867924528302,
        0.6509433962264152,
        0.8358490566037736,
        0.9264150943396227,
        0.7603773584905661,
        0.7905660377358491,
        0.6849056603773586,
        0.7981132075471699,
        0.9264150943396227,
        0.6547169811320755,
        0.8056603773584906,
        0.7943396226415095,
        0.8660377358490566,
        0.6924528301886793,
        0.809433962264151,
        0.669811320754717,
        0.869811320754717,
        0.7415094339622642,
        0.718867924528302,
        0.8773584905660378,
        0.8811320754716981,
        0.8169811320754717,
        0.7754716981132076,
        0.8509433962264151,
        0.839622641509434,
        0.7679245283018868,
        0.8735849056603774,
        0.8320754716981132,
        0.8283018867924529,
        0.9188679245283019,
        0.8584905660377359,
        0.7301886792452831,
        0.8811320754716981,
        0.8433962264150944,
        0.7377358490566038,
        0.8320754716981132,
        0.7452830188679246,
        0.8849056603773585,
        0.7528301886792453,
        0.7830188679245284,
        0.6320754716981132,
        0.749056603773585,
        0.9113207547169812,
        0.6471698113207548,
        0.8056603773584906,
        0.7452830188679246,
        0.8132075471698114,
        0.6320754716981132,
        0.809433962264151,
        0.8622641509433963,
        0.8320754716981132,
        0.8056603773584906,
        0.8509433962264151,
        0.6320754716981132,
        0.8320754716981132,
        0.8811320754716981,
        0.7075471698113208,
        0.8320754716981132,
        0.8509433962264151,
        0.8924528301886793,
        0.6584905660377359,
        0.7264150943396227,
        0.8358490566037736,
        0.7301886792452831
    ]
}