{
    "AdditionalTotal":[
        0.8988826815642459,
        0.9435754189944134,
        0.9122905027932962,
        0.9122905027932962,
        0.8597765363128492,
        0.9357541899441341,
        0.9167597765363129,
        0.8474860335195531,
        0.8731843575418995,
        0.8843575418994414,
        0.8977653631284916,
        0.9212290502793297,
        0.9145251396648045,
        0.9256983240223464,
        0.8854748603351955,
        0.8877094972067039,
        0.9245810055865922,
        0.9044692737430168,
        0.946927374301676,
        0.8955307262569833,
        0.8463687150837989,
        0.9726256983240223,
        0.9301675977653632,
        0.8955307262569833,
        0.9223463687150838,
        0.923463687150838,
        0.9044692737430168,
        0.876536312849162,
        0.9223463687150838,
        0.9022346368715084,
        0.8843575418994414,
        0.858659217877095,
        0.9558659217877096,
        0.9100558659217878,
        0.9290502793296089,
        0.8798882681564246,
        0.840782122905028,
        0.9346368715083799,
        0.9011173184357542,
        0.946927374301676,
        0.8307262569832402,
        0.9324022346368716,
        0.9122905027932962,
        0.8620111731843576,
        0.9391061452513967,
        0.9067039106145252,
        0.9324022346368716,
        0.864245810055866,
        0.9301675977653632,
        0.8698324022346369,
        0.9089385474860335,
        0.9022346368715084,
        0.9111731843575419,
        0.9044692737430168,
        0.8754189944134079,
        0.9100558659217878,
        0.917877094972067,
        0.946927374301676,
        0.8776536312849162,
        0.8810055865921788,
        0.8720670391061452,
        0.9089385474860335,
        0.8497206703910615,
        0.9368715083798883,
        0.9111731843575419,
        0.8541899441340782
    ],
    "GreedyAdditional":[
        0.8547169811320755,
        0.9716981132075472,
        0.8018867924528302,
        0.7603773584905661,
        0.8471698113207548,
        0.8622641509433963,
        0.9037735849056604,
        0.8660377358490566,
        0.6962264150943397,
        0.6169811320754717,
        0.8207547169811321,
        0.8169811320754717,
        0.8547169811320755,
        0.9037735849056604,
        0.6245283018867924,
        0.8169811320754717,
        0.9339622641509434,
        0.8018867924528302,
        0.8509433962264151,
        0.8849056603773585,
        0.6358490566037737,
        0.9113207547169812,
        0.8509433962264151,
        0.8962264150943396,
        0.749056603773585,
        0.9377358490566038,
        0.8471698113207548,
        0.718867924528302,
        0.7415094339622642,
        0.8169811320754717,
        0.8547169811320755,
        0.7264150943396227,
        0.9,
        0.7566037735849057,
        0.7339622641509435,
        0.779245283018868,
        0.809433962264151,
        0.9,
        0.6962264150943397,
        0.9679245283018868,
        0.7075471698113208,
        0.8962264150943396,
        0.7679245283018868,
        0.5566037735849056,
        0.9566037735849057,
        0.7679245283018868,
        0.9490566037735849,
        0.7452830188679246,
        0.9188679245283019,
        0.6547169811320755,
        0.7528301886792453,
        0.9188679245283019,
        0.7641509433962265,
        0.7981132075471699,
        0.9339622641509434,
        0.8547169811320755,
        0.809433962264151,
        0.9113207547169812,
        0.7754716981132076,
        0.8056603773584906,
        0.7452830188679246,
        0.8245283018867925,
        0.8924528301886793,
        0.749056603773585,
        0.7716981132075472,
        0.560377358490566
    ],
    "GreedyAdditionalNew":[
        0.8207547169811321,
        0.9792452830188679,
        0.7150943396226416,
        0.7415094339622642,
        0.7641509433962265,
        0.7943396226415095,
        0.8169811320754717,
        0.8962264150943396,
        0.7566037735849057,
        0.6811320754716982,
        0.8056603773584906,
        0.7641509433962265,
        0.7603773584905661,
        0.8169811320754717,
        0.530188679245283,
        0.6773584905660378,
        0.8660377358490566,
        0.7037735849056604,
        0.7754716981132076,
        0.7905660377358491,
        0.6358490566037737,
        0.9188679245283019,
        0.8132075471698114,
        0.8471698113207548,
        0.7037735849056604,
        0.8735849056603774,
        0.7754716981132076,
        0.5943396226415094,
        0.6358490566037737,
        0.7377358490566038,
        0.7830188679245284,
        0.7981132075471699,
        0.8245283018867925,
        0.7000000000000001,
        0.669811320754717,
        0.9264150943396227,
        0.7377358490566038,
        0.7943396226415095,
        0.5792452830188679,
        0.930188679245283,
        0.6471698113207548,
        0.7981132075471699,
        0.7150943396226416,
        0.4547169811320755,
        0.9150943396226415,
        0.7226415094339623,
        0.8924528301886793,
        0.7943396226415095,
        0.8509433962264151,
        0.6622641509433963,
        0.7566037735849057,
        0.8358490566037736,
        0.6773584905660378,
        0.7113207547169812,
        0.8584905660377359,
        0.7226415094339623,
        0.7943396226415095,
        0.8433962264150944,
        0.7037735849056604,
        0.7339622641509435,
        0.6509433962264152,
        0.6924528301886793,
        0.7943396226415095,
        0.6471698113207548,
        0.6811320754716982,
        0.6018867924528302
    ],
    "GreedyTotal":[
        0.8018867924528302,
        0.9339622641509434,
        0.8245283018867925,
        0.6924528301886793,
        0.8547169811320755,
        0.9188679245283019,
        0.8320754716981132,
        0.8283018867924529,
        0.7226415094339623,
        0.7981132075471699,
        0.9075471698113208,
        0.6773584905660378,
        0.7943396226415095,
        0.8132075471698114,
        0.7754716981132076,
        0.7000000000000001,
        0.8433962264150944,
        0.7113207547169812,
        0.8811320754716981,
        0.7867924528301887,
        0.7566037735849057,
        0.9037735849056604,
        0.8773584905660378,
        0.8547169811320755,
        0.7905660377358491,
        0.8622641509433963,
        0.8358490566037736,
        0.7264150943396227,
        0.8509433962264151,
        0.8283018867924529,
        0.8056603773584906,
        0.8886792452830189,
        0.8509433962264151,
        0.718867924528302,
        0.8849056603773585,
        0.8547169811320755,
        0.7264150943396227,
        0.8132075471698114,
        0.7415094339622642,
        0.9113207547169812,
        0.6811320754716982,
        0.8018867924528302,
        0.7150943396226416,
        0.6811320754716982,
        0.9188679245283019,
        0.6962264150943397,
        0.8283018867924529,
        0.7566037735849057,
        0.8283018867924529,
        0.669811320754717,
        0.7981132075471699,
        0.8471698113207548,
        0.7603773584905661,
        0.7679245283018868,
        0.8735849056603774,
        0.6660377358490567,
        0.8283018867924529,
        0.8773584905660378,
        0.6811320754716982,
        0.8358490566037736,
        0.8358490566037736,
        0.9,
        0.7377358490566038,
        0.7377358490566038,
        0.7603773584905661,
        0.6924528301886793
    ]
}