{
    "AdditionalTotal":[
        0.7553846153846153,
        0.9184615384615384,
        0.78,
        0.82,
        0.6384615384615384,
        0.8446153846153845,
        0.8015384615384615,
        0.6076923076923076,
        0.8292307692307692,
        0.8138461538461539,
        0.7492307692307691,
        0.8138461538461539,
        0.7923076923076923,
        0.8169230769230769,
        0.7215384615384615,
        0.7215384615384615,
        0.86,
        0.8046153846153846,
        0.8784615384615384,
        0.7615384615384615,
        0.6076923076923076,
        0.8938461538461538,
        0.86,
        0.743076923076923,
        0.8938461538461538,
        0.8046153846153846,
        0.7707692307692308,
        0.696923076923077,
        0.8323076923076923,
        0.8046153846153846,
        0.7123076923076923,
        0.6384615384615384,
        0.9123076923076923,
        0.7615384615384615,
        0.8261538461538461,
        0.8107692307692307,
        0.6046153846153846,
        0.8692307692307693,
        0.8015384615384615,
        0.8661538461538462,
        0.58,
        0.8753846153846153,
        0.6784615384615384,
        0.6507692307692308,
        0.8630769230769231,
        0.7707692307692308,
        0.8323076923076923,
        0.8138461538461539,
        0.8292307692307692,
        0.7769230769230768,
        0.78,
        0.7615384615384615,
        0.78,
        0.8076923076923077,
        0.6876923076923076,
        0.7738461538461539,
        0.783076923076923,
        0.8692307692307693,
        0.74,
        0.7615384615384615,
        0.6907692307692308,
        0.7738461538461539,
        0.6261538461538461,
        0.8261538461538461,
        0.78,
        0.7338461538461538
    ],
    "GreedyAdditional":[
        0.7641509433962265,
        0.9,
        0.7226415094339623,
        0.7603773584905661,
        0.7679245283018868,
        0.9792452830188679,
        0.560377358490566,
        0.5490566037735849,
        0.8358490566037736,
        0.8924528301886793,
        0.930188679245283,
        0.7113207547169812,
        0.6886792452830189,
        0.6433962264150944,
        0.9415094339622642,
        0.39811320754716983,
        0.8962264150943396,
        0.7528301886792453,
        0.7641509433962265,
        0.8320754716981132,
        0.6018867924528302,
        0.9415094339622642,
        0.9075471698113208,
        0.6962264150943397,
        0.779245283018868,
        0.8547169811320755,
        0.839622641509434,
        0.7943396226415095,
        0.9339622641509434,
        0.9226415094339623,
        0.9075471698113208,
        0.8132075471698114,
        0.8132075471698114,
        0.6433962264150944,
        0.8773584905660378,
        0.869811320754717,
        0.639622641509434,
        0.8924528301886793,
        0.8132075471698114,
        0.7754716981132076,
        0.7037735849056604,
        0.8283018867924529,
        0.6358490566037737,
        0.9377358490566038,
        0.9188679245283019,
        0.7415094339622642,
        0.8132075471698114,
        0.6811320754716982,
        0.6584905660377359,
        0.7679245283018868,
        0.8924528301886793,
        0.9377358490566038,
        0.8207547169811321,
        0.9452830188679245,
        0.6773584905660378,
        0.7037735849056604,
        0.930188679245283,
        0.8320754716981132,
        0.8056603773584906,
        0.6962264150943397,
        0.9037735849056604,
        0.8773584905660378,
        0.34528301886792456,
        0.7301886792452831,
        0.8132075471698114,
        0.8320754716981132
    ],
    "GreedyAdditionalNew":[
        0.6924528301886793,
        0.9188679245283019,
        0.6735849056603774,
        0.6962264150943397,
        0.7301886792452831,
        0.960377358490566,
        0.5339622641509434,
        0.5830188679245283,
        0.8433962264150944,
        0.9113207547169812,
        0.8811320754716981,
        0.6622641509433963,
        0.6471698113207548,
        0.6132075471698113,
        0.8886792452830189,
        0.3528301886792453,
        0.8358490566037736,
        0.6962264150943397,
        0.6924528301886793,
        0.7981132075471699,
        0.560377358490566,
        0.8924528301886793,
        0.930188679245283,
        0.6962264150943397,
        0.8056603773584906,
        0.7830188679245284,
        0.7528301886792453,
        0.6962264150943397,
        0.8924528301886793,
        0.8924528301886793,
        0.8471698113207548,
        0.8509433962264151,
        0.7641509433962265,
        0.7264150943396227,
        0.8660377358490566,
        0.8924528301886793,
        0.590566037735849,
        0.8245283018867925,
        0.7641509433962265,
        0.7452830188679246,
        0.6811320754716982,
        0.8018867924528302,
        0.5867924528301887,
        0.8924528301886793,
        0.8735849056603774,
        0.6924528301886793,
        0.7641509433962265,
        0.7641509433962265,
        0.6471698113207548,
        0.7867924528301887,
        0.8849056603773585,
        0.8924528301886793,
        0.7830188679245284,
        0.9037735849056604,
        0.6547169811320755,
        0.6547169811320755,
        0.8773584905660378,
        0.8018867924528302,
        0.7830188679245284,
        0.7113207547169812,
        0.8358490566037736,
        0.8509433962264151,
        0.3075471698113208,
        0.6660377358490567,
        0.7716981132075472,
        0.8283018867924529
    ],
    "GreedyTotal":[
        0.7981132075471699,
        0.9226415094339623,
        0.718867924528302,
        0.6094339622641509,
        0.7528301886792453,
        0.960377358490566,
        0.5754716981132075,
        0.5830188679245283,
        0.6547169811320755,
        0.8509433962264151,
        0.9264150943396227,
        0.749056603773585,
        0.7754716981132076,
        0.6886792452830189,
        0.8207547169811321,
        0.47735849056603774,
        0.749056603773585,
        0.6245283018867924,
        0.839622641509434,
        0.7415094339622642,
        0.6320754716981132,
        0.9264150943396227,
        0.9,
        0.7415094339622642,
        0.7075471698113208,
        0.8660377358490566,
        0.8471698113207548,
        0.718867924528302,
        0.8735849056603774,
        0.8320754716981132,
        0.7603773584905661,
        0.9075471698113208,
        0.809433962264151,
        0.7150943396226416,
        0.9075471698113208,
        0.8660377358490566,
        0.639622641509434,
        0.7264150943396227,
        0.669811320754717,
        0.7867924528301887,
        0.6094339622641509,
        0.7150943396226416,
        0.6245283018867924,
        0.6811320754716982,
        0.9226415094339623,
        0.7226415094339623,
        0.869811320754717,
        0.6773584905660378,
        0.7000000000000001,
        0.639622641509434,
        0.7867924528301887,
        0.7943396226415095,
        0.7603773584905661,
        0.6886792452830189,
        0.6735849056603774,
        0.7528301886792453,
        0.7981132075471699,
        0.8773584905660378,
        0.7000000000000001,
        0.7339622641509435,
        0.8773584905660378,
        0.8584905660377359,
        0.3566037735849057,
        0.7264150943396227,
        0.7641509433962265,
        0.7150943396226416
    ]
}