{
    "AdditionalTotal":[
        0.9607296137339055,
        0.9783261802575107,
        0.9628755364806867,
        0.9645922746781116,
        0.9435622317596566,
        0.9753218884120172,
        0.9663090128755364,
        0.9396995708154506,
        0.9508583690987125,
        0.9551502145922747,
        0.9603004291845493,
        0.9697424892703862,
        0.965450643776824,
        0.9714592274678111,
        0.9555793991416309,
        0.9568669527896996,
        0.9710300429184548,
        0.9628755364806867,
        0.9796137339055794,
        0.9598712446351931,
        0.938412017167382,
        0.9830472103004292,
        0.973175965665236,
        0.9598712446351931,
        0.9701716738197425,
        0.9688841201716738,
        0.9633047210300428,
        0.9521459227467811,
        0.9701716738197425,
        0.9624463519313304,
        0.9551502145922747,
        0.9431330472103004,
        0.9817596566523604,
        0.9628755364806867,
        0.9727467811158798,
        0.9530042918454935,
        0.9379828326180257,
        0.9748927038626609,
        0.9620171673819742,
        0.9761802575107296,
        0.9311158798283261,
        0.9740343347639485,
        0.9504291845493562,
        0.9457081545064377,
        0.9766094420600858,
        0.9641630901287553,
        0.9723175965665236,
        0.9469957081545064,
        0.973175965665236,
        0.9495708154506437,
        0.9641630901287553,
        0.9624463519313304,
        0.965450643776824,
        0.9628755364806867,
        0.9512875536480686,
        0.965450643776824,
        0.9658798283261802,
        0.9796137339055794,
        0.9508583690987125,
        0.9542918454935622,
        0.9508583690987125,
        0.9650214592274677,
        0.9414163090128755,
        0.9727467811158798,
        0.965450643776824,
        0.9431330472103004
    ],
    "GreedyAdditional":[
        0.8811320754716981,
        0.9792452830188679,
        0.869811320754717,
        0.6169811320754717,
        0.9415094339622642,
        0.960377358490566,
        0.839622641509434,
        0.8849056603773585,
        0.8245283018867925,
        0.8358490566037736,
        0.930188679245283,
        0.749056603773585,
        0.930188679245283,
        0.9339622641509434,
        0.9,
        0.8433962264150944,
        0.9490566037735849,
        0.7150943396226416,
        0.930188679245283,
        0.839622641509434,
        0.7566037735849057,
        0.8433962264150944,
        0.9566037735849057,
        0.8622641509433963,
        0.7037735849056604,
        0.960377358490566,
        0.9528301886792453,
        0.8735849056603774,
        0.8320754716981132,
        0.8320754716981132,
        0.7981132075471699,
        0.7943396226415095,
        0.8924528301886793,
        0.8132075471698114,
        0.869811320754717,
        0.8283018867924529,
        0.7679245283018868,
        0.7264150943396227,
        0.9113207547169812,
        0.9641509433962264,
        0.7981132075471699,
        0.930188679245283,
        0.6773584905660378,
        0.8358490566037736,
        0.9716981132075472,
        0.6962264150943397,
        0.809433962264151,
        0.7452830188679246,
        0.9415094339622642,
        0.6547169811320755,
        0.839622641509434,
        0.8433962264150944,
        0.9,
        0.9,
        0.8924528301886793,
        0.8358490566037736,
        0.9037735849056604,
        0.9528301886792453,
        0.8660377358490566,
        0.7641509433962265,
        0.9415094339622642,
        0.8924528301886793,
        0.8471698113207548,
        0.8018867924528302,
        0.9,
        0.6849056603773586
    ],
    "GreedyAdditionalNew":[
        0.8358490566037736,
        0.9830188679245283,
        0.8283018867924529,
        0.5943396226415094,
        0.8962264150943396,
        0.9226415094339623,
        0.7867924528301887,
        0.8924528301886793,
        0.8924528301886793,
        0.9075471698113208,
        0.8924528301886793,
        0.7113207547169812,
        0.8924528301886793,
        0.8886792452830189,
        0.8509433962264151,
        0.779245283018868,
        0.9150943396226415,
        0.669811320754717,
        0.9,
        0.7867924528301887,
        0.7075471698113208,
        0.8245283018867925,
        0.9377358490566038,
        0.8622641509433963,
        0.7603773584905661,
        0.930188679245283,
        0.9150943396226415,
        0.8169811320754717,
        0.8283018867924529,
        0.8471698113207548,
        0.749056603773585,
        0.7905660377358491,
        0.8660377358490566,
        0.7867924528301887,
        0.8773584905660378,
        0.9150943396226415,
        0.7113207547169812,
        0.7415094339622642,
        0.8509433962264151,
        0.9415094339622642,
        0.7452830188679246,
        0.8773584905660378,
        0.6320754716981132,
        0.7943396226415095,
        0.9528301886792453,
        0.6547169811320755,
        0.7830188679245284,
        0.7754716981132076,
        0.9037735849056604,
        0.7113207547169812,
        0.869811320754717,
        0.8169811320754717,
        0.8660377358490566,
        0.8584905660377359,
        0.8509433962264151,
        0.779245283018868,
        0.8886792452830189,
        0.9226415094339623,
        0.8320754716981132,
        0.7377358490566038,
        0.8924528301886793,
        0.8433962264150944,
        0.7905660377358491,
        0.7603773584905661,
        0.8584905660377359,
        0.7452830188679246
    ],
    "GreedyTotal":[
        0.7867924528301887,
        0.930188679245283,
        0.8018867924528302,
        0.6509433962264152,
        0.8358490566037736,
        0.9264150943396227,
        0.7603773584905661,
        0.7905660377358491,
        0.6849056603773586,
        0.7981132075471699,
        0.9264150943396227,
        0.6547169811320755,
        0.8056603773584906,
        0.7943396226415095,
        0.8660377358490566,
        0.6924528301886793,
        0.809433962264151,
        0.669811320754717,
        0.869811320754717,
        0.7415094339622642,
        0.718867924528302,
        0.8773584905660378,
        0.8811320754716981,
        0.8169811320754717,
        0.7754716981132076,
        0.8509433962264151,
        0.839622641509434,
        0.7679245283018868,
        0.8735849056603774,
        0.8320754716981132,
        0.8283018867924529,
        0.9188679245283019,
        0.8584905660377359,
        0.7301886792452831,
        0.8811320754716981,
        0.8433962264150944,
        0.7377358490566038,
        0.8320754716981132,
        0.7452830188679246,
        0.8849056603773585,
        0.7528301886792453,
        0.7830188679245284,
        0.6320754716981132,
        0.749056603773585,
        0.9113207547169812,
        0.6471698113207548,
        0.8056603773584906,
        0.7452830188679246,
        0.8132075471698114,
        0.6320754716981132,
        0.809433962264151,
        0.8622641509433963,
        0.8320754716981132,
        0.8056603773584906,
        0.8509433962264151,
        0.6320754716981132,
        0.8320754716981132,
        0.8811320754716981,
        0.7075471698113208,
        0.8320754716981132,
        0.8509433962264151,
        0.8924528301886793,
        0.6584905660377359,
        0.7264150943396227,
        0.8358490566037736,
        0.7301886792452831
    ]
}