{
    "ARTMaxMin":[
        0,
        0.2641509433962264,
        0,
        0.07547169811320754,
        0.5849056603773585,
        0.5849056603773585,
        0.660377358490566,
        0,
        0.3584905660377358,
        0.3584905660377358,
        0.6226415094339622,
        0.2641509433962264,
        0,
        0.5849056603773585,
        0,
        0.8490566037735849,
        0.2641509433962264,
        0,
        0.6981132075471698,
        0.8867924528301887,
        0,
        0.2641509433962264,
        0.6226415094339622,
        0,
        0,
        0.5849056603773585,
        0.2641509433962264,
        0.660377358490566,
        0.8867924528301887,
        0.6226415094339622,
        0.5849056603773585,
        0,
        0.6226415094339622,
        0,
        0,
        0.3584905660377358,
        0.5849056603773585,
        0.6981132075471698,
        0.6226415094339622,
        0.8490566037735849,
        0,
        0.660377358490566,
        0.5849056603773585,
        0,
        0.5849056603773585,
        0,
        0,
        0.2641509433962264,
        0.8490566037735849,
        0,
        0.1320754716981132,
        0,
        0.6226415094339622,
        0,
        0.6226415094339622,
        0.5094339622641509,
        0,
        0.6981132075471698,
        0.8867924528301887,
        0,
        0,
        0,
        0,
        0.2641509433962264,
        0.6981132075471698,
        0.5849056603773585
    ],
    "Genetic":[
        0,
        0.8490566037735849,
        0,
        0.03773584905660377,
        0.4716981132075472,
        0.8867924528301887,
        0.20754716981132076,
        0,
        0.37735849056603776,
        0.37735849056603776,
        0.9622641509433962,
        0.8490566037735849,
        0,
        0.8867924528301887,
        0,
        0.05660377358490566,
        0.8490566037735849,
        0,
        0.9245283018867925,
        0.6037735849056604,
        0,
        0.8490566037735849,
        0.9622641509433962,
        0,
        0,
        0.4716981132075472,
        0.8490566037735849,
        0.20754716981132076,
        0.6226415094339622,
        0.9622641509433962,
        0.4716981132075472,
        0,
        0.9622641509433962,
        0,
        0,
        0.37735849056603776,
        0.4716981132075472,
        0.9245283018867925,
        0.9622641509433962,
        0.05660377358490566,
        0,
        0.20754716981132076,
        0.4716981132075472,
        0,
        0.8867924528301887,
        0,
        0,
        0.8490566037735849,
        0.05660377358490566,
        0,
        0.20754716981132076,
        0,
        0.9622641509433962,
        0,
        0.9622641509433962,
        0.5849056603773585,
        0,
        0.37735849056603776,
        0.37735849056603776,
        0,
        0,
        0,
        0,
        0.8490566037735849,
        0.37735849056603776,
        0.4716981132075472
    ],
    "GreedyAdditional":[
        0,
        0.3018867924528302,
        0,
        0.03773584905660377,
        0.5094339622641509,
        0.5471698113207547,
        0.22641509433962265,
        0,
        0.1509433962264151,
        0.1509433962264151,
        0.5094339622641509,
        0.3018867924528302,
        0,
        0.5471698113207547,
        0,
        0.03773584905660377,
        0.3018867924528302,
        0,
        0.660377358490566,
        0.6415094339622641,
        0,
        0.3018867924528302,
        0.5094339622641509,
        0,
        0,
        0.5094339622641509,
        0.3018867924528302,
        0.22641509433962265,
        0.7169811320754716,
        0.5094339622641509,
        0.3584905660377358,
        0,
        0.5094339622641509,
        0,
        0,
        0.1509433962264151,
        0.3584905660377358,
        0.660377358490566,
        0.5094339622641509,
        0.03773584905660377,
        0,
        0.22641509433962265,
        0.3584905660377358,
        0,
        0.5471698113207547,
        0,
        0,
        0.3018867924528302,
        0.03773584905660377,
        0,
        0.1320754716981132,
        0,
        0.5094339622641509,
        0,
        0.5094339622641509,
        0.6792452830188679,
        0,
        0.41509433962264153,
        0.18867924528301888,
        0,
        0,
        0,
        0,
        0.3018867924528302,
        0.41509433962264153,
        0.3584905660377358
    ],
    "GreedyTotal":[
        0,
        0.03773584905660377,
        0,
        0.03773584905660377,
        0.5471698113207547,
        0.20754716981132076,
        0.1320754716981132,
        0,
        0.05660377358490566,
        0.05660377358490566,
        0.16981132075471697,
        0.16981132075471697,
        0,
        0.20754716981132076,
        0,
        0.03773584905660377,
        0.03773584905660377,
        0,
        0.9056603773584906,
        0.33962264150943394,
        0,
        0.03773584905660377,
        0.16981132075471697,
        0,
        0,
        0.5471698113207547,
        0.03773584905660377,
        0.1320754716981132,
        0.49056603773584906,
        0.16981132075471697,
        0.05660377358490566,
        0,
        0.16981132075471697,
        0,
        0,
        0.05660377358490566,
        0.05660377358490566,
        0.9056603773584906,
        0.16981132075471697,
        0.03773584905660377,
        0,
        0.1320754716981132,
        0.05660377358490566,
        0,
        0.20754716981132076,
        0,
        0,
        0.03773584905660377,
        0.03773584905660377,
        0,
        0.018867924528301886,
        0,
        0.16981132075471697,
        0,
        0.16981132075471697,
        0.41509433962264153,
        0,
        0.22641509433962265,
        0.18867924528301888,
        0,
        0,
        0,
        0,
        0.03773584905660377,
        0.22641509433962265,
        0.05660377358490566
    ]
}