{
    "ARTMaxMin":[
        0,
        0.7169811320754716,
        0,
        0.33962264150943394,
        0.8867924528301887,
        0.7924528301886793,
        0.41509433962264153,
        0,
        0.7547169811320755,
        0.7547169811320755,
        0.7169811320754716,
        0.7169811320754716,
        0,
        0.7924528301886793,
        0,
        0.5283018867924528,
        0.7169811320754716,
        0,
        0.8113207547169812,
        0.8301886792452831,
        0,
        0.7169811320754716,
        0.7169811320754716,
        0,
        0,
        0.8867924528301887,
        0.7169811320754716,
        0.41509433962264153,
        0.6226415094339622,
        0.7169811320754716,
        0.6226415094339622,
        0,
        0.7169811320754716,
        0,
        0,
        0.7547169811320755,
        0.6226415094339622,
        0.8113207547169812,
        0.7169811320754716,
        0.5283018867924528,
        0,
        0.41509433962264153,
        0.6226415094339622,
        0,
        0.7924528301886793,
        0,
        0,
        0.7169811320754716,
        0.5283018867924528,
        0,
        0.18867924528301888,
        0,
        0.7169811320754716,
        0,
        0.7169811320754716,
        0.5094339622641509,
        0,
        0.49056603773584906,
        0.8301886792452831,
        0,
        0,
        0,
        0,
        0.7169811320754716,
        0.49056603773584906,
        0.6226415094339622
    ],
    "Genetic":[
        0,
        0.20754716981132076,
        0,
        0.8113207547169812,
        0.37735849056603776,
        0.7547169811320755,
        0.8867924528301887,
        0,
        0.5849056603773585,
        0.5849056603773585,
        0.9056603773584906,
        0.7547169811320755,
        0,
        0.7547169811320755,
        0,
        0.2830188679245283,
        0.20754716981132076,
        0,
        0.9622641509433962,
        0.8490566037735849,
        0,
        0.20754716981132076,
        0.9056603773584906,
        0,
        0,
        0.37735849056603776,
        0.20754716981132076,
        0.8867924528301887,
        0.7924528301886793,
        0.9056603773584906,
        0.37735849056603776,
        0,
        0.9056603773584906,
        0,
        0,
        0.5849056603773585,
        0.37735849056603776,
        0.9622641509433962,
        0.9056603773584906,
        0.2830188679245283,
        0,
        0.8867924528301887,
        0.37735849056603776,
        0,
        0.7547169811320755,
        0,
        0,
        0.20754716981132076,
        0.2830188679245283,
        0,
        0.09433962264150944,
        0,
        0.9056603773584906,
        0,
        0.9056603773584906,
        0.5660377358490566,
        0,
        0.8867924528301887,
        0.8490566037735849,
        0,
        0,
        0,
        0,
        0.20754716981132076,
        0.8867924528301887,
        0.37735849056603776
    ],
    "GreedyAdditional":[
        0,
        0.2641509433962264,
        0,
        0.7924528301886793,
        0.7169811320754716,
        0.7169811320754716,
        0.41509433962264153,
        0,
        0.24528301886792453,
        0.24528301886792453,
        0.9245283018867925,
        0.39622641509433965,
        0,
        0.7169811320754716,
        0,
        0.2830188679245283,
        0.2641509433962264,
        0,
        0.9622641509433962,
        0.8867924528301887,
        0,
        0.2641509433962264,
        0.9245283018867925,
        0,
        0,
        0.7169811320754716,
        0.2641509433962264,
        0.41509433962264153,
        0.7735849056603774,
        0.9245283018867925,
        0.7169811320754716,
        0,
        0.9245283018867925,
        0,
        0,
        0.24528301886792453,
        0.7169811320754716,
        0.9622641509433962,
        0.9245283018867925,
        0.2830188679245283,
        0,
        0.41509433962264153,
        0.7169811320754716,
        0,
        0.7169811320754716,
        0,
        0,
        0.2641509433962264,
        0.2830188679245283,
        0,
        0.5094339622641509,
        0,
        0.9245283018867925,
        0,
        0.9245283018867925,
        0.5471698113207547,
        0,
        0.6415094339622641,
        0.8867924528301887,
        0,
        0,
        0,
        0,
        0.2641509433962264,
        0.6415094339622641,
        0.7169811320754716
    ],
    "GreedyTotal":[
        0,
        0.018867924528301886,
        0,
        0.4339622641509434,
        0.1509433962264151,
        0.7924528301886793,
        0.018867924528301886,
        0,
        0.05660377358490566,
        0.05660377358490566,
        0.49056603773584906,
        0.09433962264150944,
        0,
        0.7924528301886793,
        0,
        0.018867924528301886,
        0.018867924528301886,
        0,
        0.5094339622641509,
        0.6981132075471698,
        0,
        0.018867924528301886,
        0.49056603773584906,
        0,
        0,
        0.1509433962264151,
        0.018867924528301886,
        0.018867924528301886,
        0.7169811320754716,
        0.49056603773584906,
        0.09433962264150944,
        0,
        0.49056603773584906,
        0,
        0,
        0.05660377358490566,
        0.09433962264150944,
        0.5094339622641509,
        0.49056603773584906,
        0.018867924528301886,
        0,
        0.018867924528301886,
        0.09433962264150944,
        0,
        0.7924528301886793,
        0,
        0,
        0.018867924528301886,
        0.018867924528301886,
        0,
        0.018867924528301886,
        0,
        0.49056603773584906,
        0,
        0.49056603773584906,
        0.07547169811320754,
        0,
        0.1509433962264151,
        0.24528301886792453,
        0,
        0,
        0,
        0,
        0.018867924528301886,
        0.1509433962264151,
        0.09433962264150944
    ]
}