{
    "ARTMaxMin":[
        0,
        0.6037735849056604,
        0,
        0.3018867924528302,
        0.6792452830188679,
        0.7735849056603774,
        0.660377358490566,
        0,
        0.8679245283018868,
        0.8679245283018868,
        0.7358490566037735,
        0.6037735849056604,
        0,
        0.7735849056603774,
        0,
        0.5849056603773585,
        0.6037735849056604,
        0,
        0.7924528301886793,
        0.8679245283018868,
        0,
        0.6037735849056604,
        0.7358490566037735,
        0,
        0,
        0.6792452830188679,
        0.6037735849056604,
        0.660377358490566,
        0.5471698113207547,
        0.7358490566037735,
        0.6792452830188679,
        0,
        0.7358490566037735,
        0,
        0,
        0.8679245283018868,
        0.6792452830188679,
        0.7924528301886793,
        0.7358490566037735,
        0.5849056603773585,
        0,
        0.660377358490566,
        0.6792452830188679,
        0,
        0.7735849056603774,
        0,
        0,
        0.6037735849056604,
        0.5849056603773585,
        0,
        0.6792452830188679,
        0,
        0.7358490566037735,
        0,
        0.7358490566037735,
        0.6981132075471698,
        0,
        0.7924528301886793,
        0.8679245283018868,
        0,
        0,
        0,
        0,
        0.6037735849056604,
        0.7924528301886793,
        0.6792452830188679
    ],
    "Genetic":[
        0,
        0.37735849056603776,
        0,
        0.24528301886792453,
        0.5660377358490566,
        0.5660377358490566,
        0.2830188679245283,
        0,
        0.22641509433962265,
        0.22641509433962265,
        0.37735849056603776,
        0.5471698113207547,
        0,
        0.5660377358490566,
        0,
        0.39622641509433965,
        0.37735849056603776,
        0,
        0.7358490566037735,
        0.9245283018867925,
        0,
        0.37735849056603776,
        0.37735849056603776,
        0,
        0,
        0.5660377358490566,
        0.37735849056603776,
        0.2830188679245283,
        0.32075471698113206,
        0.37735849056603776,
        0.5660377358490566,
        0,
        0.37735849056603776,
        0,
        0,
        0.22641509433962265,
        0.5660377358490566,
        0.7358490566037735,
        0.37735849056603776,
        0.39622641509433965,
        0,
        0.2830188679245283,
        0.5660377358490566,
        0,
        0.5660377358490566,
        0,
        0,
        0.37735849056603776,
        0.39622641509433965,
        0,
        0.2641509433962264,
        0,
        0.37735849056603776,
        0,
        0.37735849056603776,
        0.6981132075471698,
        0,
        0.5660377358490566,
        0.7358490566037735,
        0,
        0,
        0,
        0,
        0.37735849056603776,
        0.5660377358490566,
        0.5660377358490566
    ],
    "GreedyAdditional":[
        0,
        0.39622641509433965,
        0,
        0.32075471698113206,
        0.5660377358490566,
        0.5660377358490566,
        0.24528301886792453,
        0,
        0.20754716981132076,
        0.20754716981132076,
        0.39622641509433965,
        0.39622641509433965,
        0,
        0.5660377358490566,
        0,
        0.37735849056603776,
        0.39622641509433965,
        0,
        0.6981132075471698,
        0.9056603773584906,
        0,
        0.39622641509433965,
        0.39622641509433965,
        0,
        0,
        0.5660377358490566,
        0.39622641509433965,
        0.24528301886792453,
        0.2830188679245283,
        0.39622641509433965,
        0.5660377358490566,
        0,
        0.39622641509433965,
        0,
        0,
        0.20754716981132076,
        0.5660377358490566,
        0.6981132075471698,
        0.39622641509433965,
        0.37735849056603776,
        0,
        0.24528301886792453,
        0.5660377358490566,
        0,
        0.5660377358490566,
        0,
        0,
        0.39622641509433965,
        0.37735849056603776,
        0,
        0.2830188679245283,
        0,
        0.39622641509433965,
        0,
        0.39622641509433965,
        0.6981132075471698,
        0,
        0.5471698113207547,
        0.7358490566037735,
        0,
        0,
        0,
        0,
        0.39622641509433965,
        0.5471698113207547,
        0.5660377358490566
    ],
    "GreedyTotal":[
        0,
        0.018867924528301886,
        0,
        0.2830188679245283,
        0.1320754716981132,
        0.37735849056603776,
        0.018867924528301886,
        0,
        0.018867924528301886,
        0.018867924528301886,
        0.39622641509433965,
        0.18867924528301888,
        0,
        0.37735849056603776,
        0,
        0.05660377358490566,
        0.018867924528301886,
        0,
        0.37735849056603776,
        0.6792452830188679,
        0,
        0.018867924528301886,
        0.39622641509433965,
        0,
        0,
        0.1320754716981132,
        0.018867924528301886,
        0.018867924528301886,
        0.7169811320754716,
        0.39622641509433965,
        0.03773584905660377,
        0,
        0.39622641509433965,
        0,
        0,
        0.018867924528301886,
        0.03773584905660377,
        0.37735849056603776,
        0.39622641509433965,
        0.05660377358490566,
        0,
        0.018867924528301886,
        0.03773584905660377,
        0,
        0.37735849056603776,
        0,
        0,
        0.018867924528301886,
        0.05660377358490566,
        0,
        0.018867924528301886,
        0,
        0.39622641509433965,
        0,
        0.39622641509433965,
        0.09433962264150944,
        0,
        0.1320754716981132,
        0.2830188679245283,
        0,
        0,
        0,
        0,
        0.018867924528301886,
        0.1320754716981132,
        0.03773584905660377
    ]
}