{
    "AdditionalTotal":[
        0.7798742138364779,
        0.7924528301886792,
        0.7358490566037735,
        0.5188679245283019,
        0.7641509433962265,
        0.6415094339622642,
        0.410377358490566,
        0.7484276729559749,
        0.5330188679245282,
        0.710691823899371,
        0.8050314465408804,
        0.6698113207547169,
        0.8301886792452831,
        0.5330188679245284,
        0.4716981132075472,
        0.5660377358490566,
        0.5660377358490566,
        0.5345911949685535,
        0.6698113207547169,
        0.5754716981132075,
        0.7547169811320755,
        0.6188679245283019,
        0.7735849056603773,
        0.40094339622641506,
        0.6226415094339623,
        0.7018867924528303,
        0.6226415094339622,
        0.440251572327044,
        0.7610062893081762,
        0.8553459119496855,
        0.7735849056603774,
        0.6509433962264151,
        0.8584905660377359,
        0.7987421383647799,
        0.7484276729559749,
        0.7641509433962264,
        0.7452830188679245,
        0.7877358490566038,
        0.9245283018867925,
        0.7283018867924528,
        0.6037735849056604,
        0.41981132075471694,
        0.5518867924528301,
        0.8490566037735849,
        0.8150943396226416,
        0.580188679245283,
        0.75,
        0.6289308176100629,
        0.6226415094339622,
        0.6320754716981132,
        0.7358490566037735,
        0.8050314465408804,
        0.8742138364779874,
        0.6415094339622641,
        0.6226415094339622,
        0.5613207547169812,
        0.740566037735849,
        0.7594339622641509,
        0.6132075471698113,
        0.7735849056603773,
        0.7264150943396226,
        0.5911949685534591,
        0.5534591194968553,
        0.5849056603773585,
        0.7106918238993711,
        0.7075471698113207
    ],
    "GreedyAdditional":[
        0.6666666666666666,
        0.39245283018867927,
        0.5534591194968553,
        0.38679245283018865,
        0.5566037735849056,
        0.41509433962264153,
        0.3018867924528302,
        0.3333333333333333,
        0.21698113207547168,
        0.27044025157232704,
        0.45283018867924535,
        0.49528301886792453,
        0.6132075471698113,
        0.2783018867924528,
        0.2641509433962264,
        0.16981132075471697,
        0.2830188679245283,
        0.3081761006289308,
        0.39622641509433965,
        0.5235849056603773,
        0.6037735849056604,
        0.5018867924528302,
        0.39622641509433965,
        0.1509433962264151,
        0.2578616352201258,
        0.4490566037735849,
        0.2358490566037736,
        0.4654088050314465,
        0.5471698113207547,
        0.6415094339622641,
        0.4213836477987421,
        0.36792452830188677,
        0.5801886792452831,
        0.4716981132075471,
        0.3333333333333333,
        0.330188679245283,
        0.330188679245283,
        0.5094339622641509,
        0.5094339622641509,
        0.44528301886792454,
        0.3584905660377358,
        0.3018867924528302,
        0.38679245283018865,
        0.5754716981132075,
        0.4792452830188679,
        0.41509433962264153,
        0.5094339622641509,
        0.3522012578616352,
        0.3915094339622641,
        0.2830188679245283,
        0.3584905660377358,
        0.45283018867924535,
        0.5094339622641509,
        0.42767295597484284,
        0.34591194968553457,
        0.41981132075471694,
        0.4056603773584906,
        0.39622641509433965,
        0.410377358490566,
        0.3333333333333333,
        0.4150943396226415,
        0.36477987421383645,
        0.16981132075471697,
        0.33962264150943394,
        0.4150943396226416,
        0.25471698113207547
    ],
    "GreedyAdditionalSimilarity":[
        0.6163522012578616,
        0.2188679245283019,
        0.559748427672956,
        0.44339622641509435,
        0.8018867924528301,
        0.4386792452830189,
        0.5518867924528302,
        0.12578616352201258,
        0.07547169811320754,
        0.03773584905660377,
        0.08176100628930817,
        0.4528301886792453,
        0.4528301886792453,
        0.18396226415094338,
        0.32075471698113206,
        0.02830188679245283,
        0.06792452830188679,
        0.3333333333333333,
        0.2830188679245283,
        0.3820754716981132,
        0.7358490566037735,
        0.4867924528301887,
        0.08962264150943397,
        0.3443396226415094,
        0.31446540880503143,
        0.5056603773584906,
        0.03773584905660377,
        0.43396226415094336,
        0.45283018867924524,
        0.36477987421383645,
        0.05660377358490567,
        0.38679245283018865,
        0.3962264150943396,
        0.38364779874213834,
        0.0880503144654088,
        0.24056603773584906,
        0.03773584905660377,
        0.5141509433962264,
        0.16981132075471697,
        0.34716981132075475,
        0.20754716981132074,
        0.5518867924528302,
        0.21226415094339623,
        0.4339622641509434,
        0.2528301886792453,
        0.24999999999999997,
        0.48113207547169806,
        0.06918238993710692,
        0.41037735849056606,
        0.33962264150943394,
        0.25,
        0.15723270440251572,
        0.4025157232704402,
        0.2830188679245283,
        0.34591194968553457,
        0.25471698113207547,
        0.35377358490566035,
        0.22169811320754718,
        0.27358490566037735,
        0.0880503144654088,
        0.4339622641509434,
        0.5157232704402516,
        0.11320754716981131,
        0.11320754716981131,
        0.5220125786163522,
        0.04716981132075472
    ],
    "GreedyTotal":[
        0.7421383647798742,
        0.2679245283018868,
        0.4213836477987421,
        0.34905660377358494,
        0.4811320754716981,
        0.24528301886792453,
        0.25943396226415094,
        0.08176100628930817,
        0.07547169811320754,
        0.05031446540880504,
        0.13836477987421383,
        0.37264150943396224,
        0.44339622641509435,
        0.10377358490566038,
        0.08490566037735849,
        0.03773584905660377,
        0.07547169811320756,
        0.22641509433962262,
        0.4339622641509434,
        0.3584905660377358,
        0.41509433962264153,
        0.30566037735849055,
        0.12264150943396226,
        0.07547169811320754,
        0.19496855345911948,
        0.34716981132075475,
        0.03773584905660377,
        0.3962264150943396,
        0.29559748427672955,
        0.3333333333333333,
        0.10691823899371068,
        0.2169811320754717,
        0.4009433962264151,
        0.38993710691823896,
        0.08176100628930817,
        0.17452830188679244,
        0.04716981132075472,
        0.4056603773584906,
        0.16981132075471697,
        0.279245283018868,
        0.27358490566037735,
        0.24528301886792453,
        0.3537735849056604,
        0.3773584905660377,
        0.2981132075471698,
        0.16981132075471697,
        0.3962264150943396,
        0.10062893081761005,
        0.25943396226415094,
        0.14150943396226415,
        0.25471698113207547,
        0.32075471698113206,
        0.29559748427672955,
        0.1761006289308176,
        0.3018867924528302,
        0.19339622641509435,
        0.17924528301886794,
        0.12264150943396226,
        0.2641509433962264,
        0.1320754716981132,
        0.4716981132075472,
        0.2452830188679245,
        0.220125786163522,
        0.06918238993710692,
        0.2830188679245283,
        0.05660377358490566
    ]
}