{
    "ARTMaxMin":[
        0.7421383647798742,
        0.6830188679245283,
        0.7232704402515724,
        0.4386792452830188,
        0.7075471698113207,
        0.589622641509434,
        0.589622641509434,
        0.6415094339622641,
        0.4386792452830189,
        0.49685534591194963,
        0.6792452830188679,
        0.7547169811320754,
        0.820754716981132,
        0.5613207547169812,
        0.5188679245283019,
        0.6226415094339622,
        0.5471698113207547,
        0.49685534591194963,
        0.75,
        0.5188679245283019,
        0.7924528301886793,
        0.6226415094339622,
        0.679245283018868,
        0.5613207547169812,
        0.6226415094339622,
        0.7056603773584905,
        0.6415094339622641,
        0.5408805031446541,
        0.7861635220125786,
        0.8553459119496857,
        0.6226415094339622,
        0.7075471698113207,
        0.8443396226415094,
        0.7861635220125787,
        0.6666666666666666,
        0.5613207547169812,
        0.6415094339622641,
        0.8113207547169812,
        0.7547169811320755,
        0.7018867924528303,
        0.6509433962264151,
        0.46698113207547165,
        0.5707547169811321,
        0.7452830188679245,
        0.7471698113207548,
        0.6886792452830188,
        0.7547169811320755,
        0.5094339622641509,
        0.6462264150943396,
        0.41509433962264153,
        0.7311320754716981,
        0.7295597484276731,
        0.710691823899371,
        0.6666666666666666,
        0.7295597484276731,
        0.6132075471698113,
        0.7264150943396226,
        0.6650943396226415,
        0.6367924528301886,
        0.6981132075471699,
        0.6415094339622641,
        0.5408805031446541,
        0.6729559748427674,
        0.5471698113207547,
        0.660377358490566,
        0.41509433962264153
    ],
    "Genetic":[
        0.8616352201257862,
        0.8452830188679246,
        0.7169811320754716,
        0.6320754716981132,
        0.9056603773584906,
        0.6462264150943396,
        0.3160377358490566,
        0.4465408805031446,
        0.3962264150943396,
        0.6037735849056604,
        0.8616352201257862,
        0.6509433962264151,
        0.9433962264150944,
        0.48584905660377353,
        0.5,
        0.5660377358490566,
        0.5773584905660377,
        0.4716981132075471,
        0.8820754716981132,
        0.5990566037735849,
        0.9622641509433962,
        0.750943396226415,
        0.7264150943396226,
        0.2358490566037736,
        0.4465408805031446,
        0.6528301886792452,
        0.5943396226415094,
        0.38993710691823896,
        0.6666666666666666,
        0.7295597484276729,
        0.5974842767295597,
        0.6037735849056604,
        0.9150943396226415,
        0.9371069182389937,
        0.5660377358490566,
        0.6839622641509434,
        0.7264150943396226,
        0.75,
        0.9245283018867925,
        0.709433962264151,
        0.4811320754716981,
        0.3584905660377359,
        0.6179245283018868,
        0.7264150943396226,
        0.7584905660377359,
        0.5141509433962264,
        0.7169811320754718,
        0.6729559748427674,
        0.5330188679245284,
        0.41509433962264153,
        0.759433962264151,
        0.8616352201257862,
        0.89937106918239,
        0.6226415094339622,
        0.6855345911949685,
        0.44811320754716977,
        0.9339622641509434,
        0.7122641509433962,
        0.6084905660377358,
        0.7924528301886792,
        0.5943396226415094,
        0.4842767295597484,
        0.4654088050314465,
        0.7358490566037735,
        0.7484276729559749,
        0.44339622641509435
    ],
    "GreedyAdditional":[
        0.6666666666666666,
        0.39245283018867927,
        0.5534591194968553,
        0.38679245283018865,
        0.5566037735849056,
        0.41509433962264153,
        0.3018867924528302,
        0.3333333333333333,
        0.21698113207547168,
        0.27044025157232704,
        0.45283018867924535,
        0.49528301886792453,
        0.6132075471698113,
        0.2783018867924528,
        0.2641509433962264,
        0.16981132075471697,
        0.2830188679245283,
        0.3081761006289308,
        0.39622641509433965,
        0.5235849056603773,
        0.6037735849056604,
        0.5018867924528302,
        0.39622641509433965,
        0.1509433962264151,
        0.2578616352201258,
        0.4490566037735849,
        0.2358490566037736,
        0.4654088050314465,
        0.5471698113207547,
        0.6415094339622641,
        0.4213836477987421,
        0.36792452830188677,
        0.5801886792452831,
        0.4716981132075471,
        0.3333333333333333,
        0.330188679245283,
        0.330188679245283,
        0.5094339622641509,
        0.5094339622641509,
        0.44528301886792454,
        0.3584905660377358,
        0.3018867924528302,
        0.38679245283018865,
        0.5754716981132075,
        0.4792452830188679,
        0.41509433962264153,
        0.5094339622641509,
        0.3522012578616352,
        0.3915094339622641,
        0.2830188679245283,
        0.3584905660377358,
        0.45283018867924535,
        0.5094339622641509,
        0.42767295597484284,
        0.34591194968553457,
        0.41981132075471694,
        0.4056603773584906,
        0.39622641509433965,
        0.410377358490566,
        0.3333333333333333,
        0.4150943396226415,
        0.36477987421383645,
        0.16981132075471697,
        0.33962264150943394,
        0.4150943396226416,
        0.25471698113207547
    ],
    "GreedyTotal":[
        0.7421383647798742,
        0.2679245283018868,
        0.4213836477987421,
        0.34905660377358494,
        0.4811320754716981,
        0.24528301886792453,
        0.25943396226415094,
        0.08176100628930817,
        0.07547169811320754,
        0.05031446540880504,
        0.13836477987421383,
        0.37264150943396224,
        0.44339622641509435,
        0.10377358490566038,
        0.08490566037735849,
        0.03773584905660377,
        0.07547169811320756,
        0.22641509433962262,
        0.4339622641509434,
        0.3584905660377358,
        0.41509433962264153,
        0.30566037735849055,
        0.12264150943396226,
        0.07547169811320754,
        0.19496855345911948,
        0.34716981132075475,
        0.03773584905660377,
        0.3962264150943396,
        0.29559748427672955,
        0.3333333333333333,
        0.10691823899371068,
        0.2169811320754717,
        0.4009433962264151,
        0.38993710691823896,
        0.08176100628930817,
        0.17452830188679244,
        0.04716981132075472,
        0.4056603773584906,
        0.16981132075471697,
        0.279245283018868,
        0.27358490566037735,
        0.24528301886792453,
        0.3537735849056604,
        0.3773584905660377,
        0.2981132075471698,
        0.16981132075471697,
        0.3962264150943396,
        0.10062893081761005,
        0.25943396226415094,
        0.14150943396226415,
        0.25471698113207547,
        0.32075471698113206,
        0.29559748427672955,
        0.1761006289308176,
        0.3018867924528302,
        0.19339622641509435,
        0.17924528301886794,
        0.12264150943396226,
        0.2641509433962264,
        0.1320754716981132,
        0.4716981132075472,
        0.2452830188679245,
        0.220125786163522,
        0.06918238993710692,
        0.2830188679245283,
        0.05660377358490566
    ]
}