{
    "AdditionalTotal":[
        0.08583690987124463,
        0.09184549356223176,
        0.08297567954220314,
        0.0713519313304721,
        0.08476394849785407,
        0.06545064377682402,
        0.048819742489270394,
        0.0844062947067239,
        0.06759656652360516,
        0.06795422031473534,
        0.09012875536480687,
        0.07725321888412018,
        0.09656652360515022,
        0.060085836909871244,
        0.04935622317596566,
        0.0740343347639485,
        0.07553648068669529,
        0.07868383404864092,
        0.08047210300429185,
        0.057403433476394844,
        0.09012875536480687,
        0.06909871244635193,
        0.09066523605150215,
        0.05740343347639485,
        0.07939914163090128,
        0.07639484978540773,
        0.06974248927038626,
        0.04148783977110158,
        0.09656652360515022,
        0.10228898426323318,
        0.07939914163090128,
        0.08476394849785407,
        0.10139484978540773,
        0.09370529327610873,
        0.08798283261802575,
        0.07725321888412018,
        0.08261802575107297,
        0.09495708154506438,
        0.10515021459227468,
        0.08583690987124462,
        0.07725321888412018,
        0.06223175965665236,
        0.0611587982832618,
        0.09227467811158799,
        0.09055793991416308,
        0.07510729613733906,
        0.08905579399141632,
        0.06866952789699571,
        0.0713519313304721,
        0.059012875536480686,
        0.09012875536480687,
        0.09012875536480687,
        0.09656652360515022,
        0.08798283261802575,
        0.09012875536480687,
        0.062231759656652355,
        0.08690987124463519,
        0.08744635193133048,
        0.0638412017167382,
        0.08798283261802575,
        0.08154506437768241,
        0.05722460658082975,
        0.06723891273247497,
        0.07725321888412018,
        0.08297567954220314,
        0.059012875536480686
    ],
    "GreedyAdditional":[
        0.5974842767295597,
        0.4641509433962264,
        0.45283018867924535,
        0.28773584905660377,
        0.4811320754716981,
        0.44811320754716977,
        0.49056603773584906,
        0.3522012578616353,
        0.32075471698113206,
        0.38993710691823896,
        0.45283018867924535,
        0.49056603773584906,
        0.6509433962264151,
        0.39622641509433965,
        0.3207547169811321,
        0.3867924528301887,
        0.4075471698113208,
        0.4905660377358491,
        0.5047169811320755,
        0.6556603773584906,
        0.39622641509433965,
        0.33584905660377357,
        0.5235849056603774,
        0.39622641509433965,
        0.3773584905660377,
        0.4264150943396226,
        0.37735849056603776,
        0.3962264150943396,
        0.40880503144654085,
        0.5345911949685535,
        0.5660377358490566,
        0.339622641509434,
        0.5283018867924528,
        0.3962264150943396,
        0.4150943396226416,
        0.4150943396226415,
        0.4811320754716981,
        0.48584905660377364,
        0.39622641509433965,
        0.5433962264150944,
        0.6226415094339622,
        0.4245283018867924,
        0.30660377358490565,
        0.5094339622641509,
        0.4830188679245283,
        0.3113207547169811,
        0.5283018867924528,
        0.4213836477987421,
        0.3679245283018868,
        0.37735849056603776,
        0.4433962264150943,
        0.45283018867924535,
        0.45283018867924535,
        0.40251572327044033,
        0.34591194968553457,
        0.6084905660377359,
        0.43867924528301894,
        0.4764150943396227,
        0.5471698113207547,
        0.5094339622641509,
        0.5094339622641509,
        0.45911949685534587,
        0.3773584905660378,
        0.3333333333333333,
        0.5094339622641509,
        0.3867924528301887
    ],
    "GreedyAdditionalNew":[
        0.6289308176100629,
        0.5169811320754717,
        0.3773584905660377,
        0.33490566037735847,
        0.44339622641509435,
        0.4150943396226415,
        0.5,
        0.40251572327044033,
        0.3632075471698113,
        0.4716981132075471,
        0.43396226415094336,
        0.3679245283018868,
        0.7075471698113207,
        0.36320754716981135,
        0.37735849056603776,
        0.4339622641509434,
        0.3283018867924528,
        0.4025157232704402,
        0.5613207547169812,
        0.6603773584905661,
        0.49056603773584906,
        0.3886792452830189,
        0.4764150943396226,
        0.4056603773584906,
        0.32075471698113206,
        0.29056603773584905,
        0.25471698113207547,
        0.4150943396226415,
        0.5157232704402516,
        0.6352201257861635,
        0.3081761006289308,
        0.3867924528301887,
        0.5754716981132075,
        0.4905660377358491,
        0.3584905660377358,
        0.4952830188679246,
        0.39622641509433965,
        0.5047169811320755,
        0.49056603773584906,
        0.5283018867924529,
        0.4716981132075472,
        0.4386792452830188,
        0.25471698113207547,
        0.41509433962264153,
        0.41509433962264153,
        0.24528301886792453,
        0.4386792452830188,
        0.4842767295597484,
        0.41509433962264153,
        0.6037735849056604,
        0.5047169811320755,
        0.43396226415094336,
        0.45911949685534587,
        0.3584905660377358,
        0.4150943396226416,
        0.3867924528301887,
        0.5283018867924528,
        0.46698113207547176,
        0.44339622641509435,
        0.5345911949685535,
        0.36792452830188677,
        0.32075471698113206,
        0.29559748427672955,
        0.38364779874213834,
        0.5534591194968553,
        0.46226415094339623
    ],
    "GreedyTotal":[
        0.2830188679245283,
        0.2188679245283019,
        0.3584905660377358,
        0.25943396226415094,
        0.24528301886792453,
        0.1556603773584906,
        0.2688679245283019,
        0.14465408805031446,
        0.17924528301886794,
        0.025157232704402514,
        0.2641509433962264,
        0.2830188679245283,
        0.49056603773584906,
        0.1179245283018868,
        0.018867924528301886,
        0.03773584905660377,
        0.14716981132075474,
        0.16981132075471697,
        0.18867924528301888,
        0.25471698113207547,
        0.3584905660377358,
        0.24150943396226415,
        0.1839622641509434,
        0.05660377358490566,
        0.056603773584905655,
        0.2339622641509434,
        0.018867924528301886,
        0.27044025157232704,
        0.4150943396226415,
        0.5974842767295597,
        0.1509433962264151,
        0.18867924528301885,
        0.3820754716981132,
        0.34591194968553457,
        0.1509433962264151,
        0.18867924528301885,
        0.02830188679245283,
        0.33018867924528306,
        0.39622641509433965,
        0.29056603773584905,
        0.32075471698113206,
        0.1556603773584906,
        0.19811320754716982,
        0.33962264150943394,
        0.32830188679245287,
        0.22169811320754718,
        0.3160377358490566,
        0.15723270440251572,
        0.2783018867924528,
        0.07547169811320754,
        0.12735849056603774,
        0.3522012578616353,
        0.3081761006289308,
        0.27044025157232704,
        0.23899371069182393,
        0.08018867924528303,
        0.14150943396226415,
        0.14622641509433962,
        0.18867924528301888,
        0.2327044025157233,
        0.2358490566037736,
        0.06289308176100629,
        0.11949685534591194,
        0.06918238993710692,
        0.11320754716981134,
        0.02830188679245283
    ]
}