{
    "AdditionalTotal":[
        0.5974842767295597,
        0.4641509433962264,
        0.45283018867924535,
        0.28773584905660377,
        0.4811320754716981,
        0.44811320754716977,
        0.49056603773584906,
        0.3522012578616353,
        0.32075471698113206,
        0.38993710691823896,
        0.45283018867924535,
        0.49056603773584906,
        0.6509433962264151,
        0.39622641509433965,
        0.3207547169811321,
        0.3867924528301887,
        0.4075471698113208,
        0.4905660377358491,
        0.5047169811320755,
        0.6556603773584906,
        0.39622641509433965,
        0.33584905660377357,
        0.5235849056603774,
        0.39622641509433965,
        0.3773584905660377,
        0.4264150943396226,
        0.37735849056603776,
        0.3962264150943396,
        0.40880503144654085,
        0.5345911949685535,
        0.5660377358490566,
        0.339622641509434,
        0.5283018867924528,
        0.3962264150943396,
        0.4150943396226416,
        0.4150943396226415,
        0.4811320754716981,
        0.48584905660377364,
        0.39622641509433965,
        0.5433962264150944,
        0.6226415094339622,
        0.4245283018867924,
        0.30660377358490565,
        0.5094339622641509,
        0.4830188679245283,
        0.3113207547169811,
        0.5283018867924528,
        0.4213836477987421,
        0.3679245283018868,
        0.37735849056603776,
        0.4433962264150943,
        0.45283018867924535,
        0.45283018867924535,
        0.40251572327044033,
        0.34591194968553457,
        0.6084905660377359,
        0.43867924528301894,
        0.4764150943396227,
        0.5471698113207547,
        0.5094339622641509,
        0.5094339622641509,
        0.45911949685534587,
        0.3773584905660378,
        0.3333333333333333,
        0.5094339622641509,
        0.3867924528301887
    ],
    "GreedyAdditional":[
        0.5974842767295597,
        0.4641509433962264,
        0.45283018867924535,
        0.28773584905660377,
        0.4811320754716981,
        0.44811320754716977,
        0.49056603773584906,
        0.3522012578616353,
        0.32075471698113206,
        0.38993710691823896,
        0.45283018867924535,
        0.49056603773584906,
        0.6509433962264151,
        0.39622641509433965,
        0.3207547169811321,
        0.3867924528301887,
        0.4075471698113208,
        0.4905660377358491,
        0.5047169811320755,
        0.6556603773584906,
        0.39622641509433965,
        0.33584905660377357,
        0.5235849056603774,
        0.39622641509433965,
        0.3773584905660377,
        0.4264150943396226,
        0.37735849056603776,
        0.3962264150943396,
        0.40880503144654085,
        0.5345911949685535,
        0.5660377358490566,
        0.339622641509434,
        0.5283018867924528,
        0.3962264150943396,
        0.4150943396226416,
        0.4150943396226415,
        0.4811320754716981,
        0.48584905660377364,
        0.39622641509433965,
        0.5433962264150944,
        0.6226415094339622,
        0.4245283018867924,
        0.30660377358490565,
        0.5094339622641509,
        0.4830188679245283,
        0.3113207547169811,
        0.5283018867924528,
        0.4213836477987421,
        0.3679245283018868,
        0.37735849056603776,
        0.4433962264150943,
        0.45283018867924535,
        0.45283018867924535,
        0.40251572327044033,
        0.34591194968553457,
        0.6084905660377359,
        0.43867924528301894,
        0.4764150943396227,
        0.5471698113207547,
        0.5094339622641509,
        0.5094339622641509,
        0.45911949685534587,
        0.3773584905660378,
        0.3333333333333333,
        0.5094339622641509,
        0.3867924528301887
    ],
    "GreedyAdditionalSimilarity":[
        0.3710691823899371,
        0.3169811320754717,
        0.3773584905660377,
        0.3160377358490566,
        0.2169811320754717,
        0.16509433962264153,
        0.29245283018867924,
        0.16352201257861634,
        0.2028301886792453,
        0.031446540880503145,
        0.3081761006289308,
        0.3679245283018868,
        0.5,
        0.1320754716981132,
        0.018867924528301886,
        0.018867924528301886,
        0.17735849056603775,
        0.1761006289308176,
        0.2830188679245283,
        0.24056603773584906,
        0.37735849056603776,
        0.25660377358490566,
        0.27358490566037735,
        0.0660377358490566,
        0.0440251572327044,
        0.23018867924528302,
        0.018867924528301886,
        0.3710691823899371,
        0.4025157232704402,
        0.6415094339622641,
        0.19496855345911948,
        0.20754716981132076,
        0.42452830188679247,
        0.45911949685534587,
        0.1761006289308176,
        0.1981132075471698,
        0.03773584905660377,
        0.42452830188679247,
        0.4339622641509434,
        0.2905660377358491,
        0.36792452830188677,
        0.13679245283018868,
        0.2830188679245283,
        0.36792452830188677,
        0.3811320754716981,
        0.24528301886792453,
        0.35377358490566035,
        0.15723270440251572,
        0.28773584905660377,
        0.03773584905660377,
        0.16037735849056603,
        0.4905660377358491,
        0.3081761006289308,
        0.32075471698113206,
        0.3522012578616352,
        0.05188679245283019,
        0.12735849056603774,
        0.14150943396226415,
        0.25943396226415094,
        0.34591194968553457,
        0.2830188679245283,
        0.0440251572327044,
        0.2012578616352201,
        0.10691823899371068,
        0.06918238993710692,
        0.03773584905660377
    ],
    "GreedyTotal":[
        0.2830188679245283,
        0.2188679245283019,
        0.3584905660377358,
        0.25943396226415094,
        0.24528301886792453,
        0.1556603773584906,
        0.2688679245283019,
        0.14465408805031446,
        0.17924528301886794,
        0.025157232704402514,
        0.2641509433962264,
        0.2830188679245283,
        0.49056603773584906,
        0.1179245283018868,
        0.018867924528301886,
        0.03773584905660377,
        0.14716981132075474,
        0.16981132075471697,
        0.18867924528301888,
        0.25471698113207547,
        0.3584905660377358,
        0.24150943396226415,
        0.1839622641509434,
        0.05660377358490566,
        0.056603773584905655,
        0.2339622641509434,
        0.018867924528301886,
        0.27044025157232704,
        0.4150943396226415,
        0.5974842767295597,
        0.1509433962264151,
        0.18867924528301885,
        0.3820754716981132,
        0.34591194968553457,
        0.1509433962264151,
        0.18867924528301885,
        0.02830188679245283,
        0.33018867924528306,
        0.39622641509433965,
        0.29056603773584905,
        0.32075471698113206,
        0.1556603773584906,
        0.19811320754716982,
        0.33962264150943394,
        0.32830188679245287,
        0.22169811320754718,
        0.3160377358490566,
        0.15723270440251572,
        0.2783018867924528,
        0.07547169811320754,
        0.12735849056603774,
        0.3522012578616353,
        0.3081761006289308,
        0.27044025157232704,
        0.23899371069182393,
        0.08018867924528303,
        0.14150943396226415,
        0.14622641509433962,
        0.18867924528301888,
        0.2327044025157233,
        0.2358490566037736,
        0.06289308176100629,
        0.11949685534591194,
        0.06918238993710692,
        0.11320754716981134,
        0.02830188679245283
    ]
}