{
    "AdditionalTotal":[
        0.5641025641025642,
        0.6492307692307693,
        0.5641025641025642,
        0.5192307692307692,
        0.5461538461538462,
        0.4230769230769231,
        0.3423076923076923,
        0.5435897435897435,
        0.6192307692307693,
        0.6,
        0.5846153846153846,
        0.5076923076923077,
        0.6615384615384616,
        0.3923076923076923,
        0.3230769230769231,
        0.48461538461538467,
        0.5323076923076924,
        0.5794871794871795,
        0.5307692307692308,
        0.38846153846153847,
        0.5846153846153846,
        0.4461538461538462,
        0.6230769230769231,
        0.3730769230769231,
        0.5076923076923077,
        0.49846153846153846,
        0.4538461538461539,
        0.27692307692307694,
        0.6358974358974359,
        0.712820512820513,
        0.5076923076923077,
        0.5461538461538462,
        0.6807692307692308,
        0.6102564102564102,
        0.5692307692307692,
        0.6384615384615384,
        0.5307692307692308,
        0.6307692307692307,
        0.6923076923076923,
        0.5723076923076923,
        0.5461538461538462,
        0.45769230769230773,
        0.38846153846153847,
        0.6,
        0.6,
        0.4846153846153846,
        0.5923076923076923,
        0.441025641025641,
        0.4730769230769231,
        0.6230769230769231,
        0.5923076923076923,
        0.5846153846153846,
        0.6307692307692307,
        0.5692307692307692,
        0.5846153846153846,
        0.3961538461538462,
        0.5615384615384615,
        0.5653846153846154,
        0.47692307692307695,
        0.6615384615384615,
        0.5307692307692308,
        0.36923076923076925,
        0.44102564102564107,
        0.49743589743589745,
        0.5333333333333333,
        0.6230769230769231
    ],
    "GreedyAdditional":[
        0.6666666666666666,
        0.39245283018867927,
        0.5534591194968553,
        0.38679245283018865,
        0.5566037735849056,
        0.41509433962264153,
        0.3018867924528302,
        0.3333333333333333,
        0.21698113207547168,
        0.27044025157232704,
        0.45283018867924535,
        0.49528301886792453,
        0.6132075471698113,
        0.2783018867924528,
        0.2641509433962264,
        0.16981132075471697,
        0.2830188679245283,
        0.3081761006289308,
        0.39622641509433965,
        0.5235849056603773,
        0.6037735849056604,
        0.5018867924528302,
        0.39622641509433965,
        0.1509433962264151,
        0.2578616352201258,
        0.4490566037735849,
        0.2358490566037736,
        0.4654088050314465,
        0.5471698113207547,
        0.6415094339622641,
        0.4213836477987421,
        0.36792452830188677,
        0.5801886792452831,
        0.4716981132075471,
        0.3333333333333333,
        0.330188679245283,
        0.330188679245283,
        0.5094339622641509,
        0.5094339622641509,
        0.44528301886792454,
        0.3584905660377358,
        0.3018867924528302,
        0.38679245283018865,
        0.5754716981132075,
        0.4792452830188679,
        0.41509433962264153,
        0.5094339622641509,
        0.3522012578616352,
        0.3915094339622641,
        0.2830188679245283,
        0.3584905660377358,
        0.45283018867924535,
        0.5094339622641509,
        0.42767295597484284,
        0.34591194968553457,
        0.41981132075471694,
        0.4056603773584906,
        0.39622641509433965,
        0.410377358490566,
        0.3333333333333333,
        0.4150943396226415,
        0.36477987421383645,
        0.16981132075471697,
        0.33962264150943394,
        0.4150943396226416,
        0.25471698113207547
    ],
    "GreedyAdditionalNew":[
        0.42767295597484273,
        0.15849056603773587,
        0.559748427672956,
        0.25471698113207547,
        0.5754716981132075,
        0.41509433962264153,
        0.33490566037735847,
        0.18867924528301885,
        0.18867924528301888,
        0.2578616352201258,
        0.2452830188679245,
        0.41981132075471694,
        0.4716981132075472,
        0.25,
        0.18867924528301885,
        0.02830188679245283,
        0.1849056603773585,
        0.32075471698113206,
        0.2358490566037736,
        0.5660377358490566,
        0.6226415094339622,
        0.4716981132075472,
        0.3018867924528302,
        0.2169811320754717,
        0.3773584905660377,
        0.44905660377358486,
        0.07547169811320754,
        0.4465408805031446,
        0.4150943396226415,
        0.490566037735849,
        0.40880503144654085,
        0.46226415094339623,
        0.36792452830188677,
        0.2830188679245283,
        0.25157232704402516,
        0.30660377358490565,
        0.16981132075471697,
        0.44339622641509435,
        0.1320754716981132,
        0.3849056603773585,
        0.49056603773584906,
        0.3773584905660377,
        0.3113207547169811,
        0.5754716981132075,
        0.309433962264151,
        0.33490566037735847,
        0.3584905660377358,
        0.15723270440251572,
        0.33962264150943394,
        0.4716981132075472,
        0.25,
        0.27044025157232704,
        0.2641509433962264,
        0.3584905660377358,
        0.19496855345911948,
        0.3679245283018868,
        0.29245283018867924,
        0.24528301886792453,
        0.4764150943396226,
        0.22641509433962262,
        0.1509433962264151,
        0.4025157232704402,
        0.0880503144654088,
        0.1320754716981132,
        0.3710691823899371,
        0.37735849056603776
    ],
    "GreedyTotal":[
        0.7421383647798742,
        0.2679245283018868,
        0.4213836477987421,
        0.34905660377358494,
        0.4811320754716981,
        0.24528301886792453,
        0.25943396226415094,
        0.08176100628930817,
        0.07547169811320754,
        0.05031446540880504,
        0.13836477987421383,
        0.37264150943396224,
        0.44339622641509435,
        0.10377358490566038,
        0.08490566037735849,
        0.03773584905660377,
        0.07547169811320756,
        0.22641509433962262,
        0.4339622641509434,
        0.3584905660377358,
        0.41509433962264153,
        0.30566037735849055,
        0.12264150943396226,
        0.07547169811320754,
        0.19496855345911948,
        0.34716981132075475,
        0.03773584905660377,
        0.3962264150943396,
        0.29559748427672955,
        0.3333333333333333,
        0.10691823899371068,
        0.2169811320754717,
        0.4009433962264151,
        0.38993710691823896,
        0.08176100628930817,
        0.17452830188679244,
        0.04716981132075472,
        0.4056603773584906,
        0.16981132075471697,
        0.279245283018868,
        0.27358490566037735,
        0.24528301886792453,
        0.3537735849056604,
        0.3773584905660377,
        0.2981132075471698,
        0.16981132075471697,
        0.3962264150943396,
        0.10062893081761005,
        0.25943396226415094,
        0.14150943396226415,
        0.25471698113207547,
        0.32075471698113206,
        0.29559748427672955,
        0.1761006289308176,
        0.3018867924528302,
        0.19339622641509435,
        0.17924528301886794,
        0.12264150943396226,
        0.2641509433962264,
        0.1320754716981132,
        0.4716981132075472,
        0.2452830188679245,
        0.220125786163522,
        0.06918238993710692,
        0.2830188679245283,
        0.05660377358490566
    ]
}