{
    "ARTMaxMin":[
        0.6792452830188679,
        0.5811320754716982,
        0.6918238993710691,
        0.5613207547169812,
        0.7075471698113207,
        0.6037735849056604,
        0.5849056603773586,
        0.5283018867924528,
        0.47641509433962265,
        0.4654088050314465,
        0.6477987421383647,
        0.7358490566037736,
        0.7264150943396226,
        0.5330188679245282,
        0.41509433962264153,
        0.5660377358490566,
        0.5283018867924528,
        0.6352201257861635,
        0.6132075471698113,
        0.6084905660377359,
        0.7358490566037735,
        0.5584905660377358,
        0.6415094339622642,
        0.5943396226415094,
        0.6792452830188679,
        0.6830188679245282,
        0.5660377358490566,
        0.5220125786163522,
        0.6037735849056604,
        0.6477987421383647,
        0.6792452830188679,
        0.7075471698113207,
        0.7358490566037736,
        0.710691823899371,
        0.7044025157232704,
        0.5377358490566039,
        0.5943396226415094,
        0.6839622641509433,
        0.7547169811320755,
        0.660377358490566,
        0.7924528301886793,
        0.5518867924528302,
        0.7783018867924528,
        0.7169811320754718,
        0.7283018867924529,
        0.6037735849056604,
        0.6698113207547169,
        0.5408805031446541,
        0.6132075471698113,
        0.4339622641509434,
        0.6320754716981132,
        0.6918238993710691,
        0.7295597484276731,
        0.5911949685534591,
        0.5786163522012578,
        0.6556603773584906,
        0.6367924528301887,
        0.6509433962264151,
        0.6132075471698113,
        0.6289308176100629,
        0.6698113207547169,
        0.559748427672956,
        0.6289308176100629,
        0.5283018867924528,
        0.6918238993710691,
        0.44339622641509435
    ],
    "Genetic":[
        0.7987421383647799,
        0.6226415094339622,
        0.8490566037735849,
        0.6320754716981132,
        0.8773584905660378,
        0.6320754716981132,
        0.5235849056603774,
        0.7044025157232704,
        0.6556603773584905,
        0.5031446540880503,
        0.710691823899371,
        0.6320754716981132,
        0.660377358490566,
        0.44339622641509435,
        0.330188679245283,
        0.29245283018867924,
        0.5924528301886792,
        0.8553459119496857,
        0.5330188679245282,
        0.7358490566037735,
        0.8867924528301887,
        0.6528301886792452,
        0.7075471698113207,
        0.5471698113207547,
        0.8427672955974842,
        0.8075471698113207,
        0.5094339622641509,
        0.6855345911949686,
        0.710691823899371,
        0.8176100628930817,
        0.8679245283018867,
        0.8584905660377359,
        0.7311320754716981,
        0.8176100628930817,
        0.8742138364779874,
        0.6084905660377359,
        0.6037735849056604,
        0.7405660377358492,
        0.9245283018867925,
        0.6641509433962265,
        0.6886792452830188,
        0.6462264150943396,
        0.5990566037735849,
        0.8962264150943396,
        0.8528301886792453,
        0.6886792452830188,
        0.7311320754716981,
        0.6792452830188679,
        0.6037735849056605,
        0.4339622641509434,
        0.5990566037735849,
        0.8113207547169812,
        0.9056603773584907,
        0.7044025157232704,
        0.6289308176100629,
        0.5943396226415094,
        0.5330188679245282,
        0.6745283018867924,
        0.7452830188679245,
        0.6540880503144654,
        0.7452830188679245,
        0.6855345911949685,
        0.5220125786163522,
        0.27044025157232704,
        0.6289308176100629,
        0.5849056603773585
    ],
    "GreedyAdditional":[
        0.8238993710691824,
        0.660377358490566,
        0.8238993710691824,
        0.6603773584905661,
        0.7641509433962264,
        0.5849056603773585,
        0.5047169811320754,
        0.5345911949685535,
        0.6745283018867925,
        0.40880503144654085,
        0.6352201257861635,
        0.6132075471698114,
        0.6037735849056604,
        0.41981132075471694,
        0.339622641509434,
        0.27358490566037735,
        0.5886792452830188,
        0.7610062893081762,
        0.5471698113207547,
        0.6367924528301887,
        0.8113207547169812,
        0.539622641509434,
        0.6981132075471698,
        0.44339622641509435,
        0.5786163522012578,
        0.7849056603773585,
        0.5,
        0.6415094339622641,
        0.7798742138364779,
        0.8616352201257862,
        0.7169811320754716,
        0.6603773584905661,
        0.7358490566037736,
        0.8301886792452832,
        0.7169811320754716,
        0.5377358490566038,
        0.49056603773584906,
        0.7122641509433962,
        0.9245283018867925,
        0.6113207547169812,
        0.8113207547169812,
        0.6556603773584906,
        0.48584905660377353,
        0.820754716981132,
        0.8528301886792453,
        0.6084905660377359,
        0.8584905660377359,
        0.5534591194968553,
        0.6367924528301887,
        0.44339622641509435,
        0.5,
        0.7987421383647799,
        0.8553459119496855,
        0.6855345911949685,
        0.6981132075471699,
        0.660377358490566,
        0.5,
        0.6367924528301887,
        0.7452830188679246,
        0.6918238993710691,
        0.8490566037735849,
        0.6163522012578616,
        0.5911949685534591,
        0.2893081761006289,
        0.559748427672956,
        0.4811320754716981
    ],
    "GreedyTotal":[
        0.36477987421383645,
        0.25660377358490566,
        0.5094339622641509,
        0.40094339622641506,
        0.3962264150943396,
        0.25943396226415094,
        0.25943396226415094,
        0.1761006289308176,
        0.25,
        0.05660377358490567,
        0.43396226415094336,
        0.3443396226415094,
        0.49056603773584906,
        0.21226415094339623,
        0.018867924528301886,
        0.018867924528301886,
        0.2603773584905661,
        0.23899371069182393,
        0.330188679245283,
        0.2641509433962264,
        0.6415094339622641,
        0.38113207547169814,
        0.21226415094339623,
        0.05188679245283019,
        0.06289308176100629,
        0.3018867924528302,
        0.018867924528301886,
        0.3333333333333333,
        0.45283018867924524,
        0.6352201257861635,
        0.3270440251572327,
        0.330188679245283,
        0.4386792452830188,
        0.5849056603773585,
        0.2012578616352201,
        0.23113207547169812,
        0.05660377358490566,
        0.35377358490566035,
        0.49056603773584906,
        0.3509433962264151,
        0.330188679245283,
        0.19811320754716982,
        0.330188679245283,
        0.38679245283018865,
        0.4716981132075472,
        0.29245283018867924,
        0.46226415094339623,
        0.2012578616352201,
        0.3018867924528302,
        0.10377358490566038,
        0.16981132075471697,
        0.6352201257861635,
        0.3773584905660377,
        0.45911949685534587,
        0.4025157232704402,
        0.10377358490566038,
        0.2169811320754717,
        0.18867924528301885,
        0.24528301886792453,
        0.25157232704402516,
        0.29245283018867924,
        0.0880503144654088,
        0.220125786163522,
        0.11949685534591194,
        0.11949685534591196,
        0.07547169811320756
    ]
}