{
    "ARTMaxMin":[
        0.761006289308176,
        0.720754716981132,
        0.660377358490566,
        0.5188679245283019,
        0.7547169811320755,
        0.7311320754716981,
        0.589622641509434,
        0.5408805031446541,
        0.6084905660377358,
        0.7169811320754716,
        0.7044025157232704,
        0.7169811320754716,
        0.7264150943396226,
        0.6556603773584906,
        0.6320754716981132,
        0.5943396226415094,
        0.5622641509433962,
        0.6226415094339622,
        0.5424528301886793,
        0.7311320754716981,
        0.8301886792452831,
        0.6339622641509434,
        0.7216981132075472,
        0.5613207547169812,
        0.6792452830188679,
        0.6716981132075471,
        0.5660377358490566,
        0.5723270440251572,
        0.6918238993710691,
        0.7232704402515724,
        0.710691823899371,
        0.7547169811320755,
        0.7311320754716982,
        0.7232704402515724,
        0.6981132075471698,
        0.7216981132075471,
        0.6415094339622641,
        0.6556603773584906,
        0.7358490566037735,
        0.679245283018868,
        0.6981132075471699,
        0.660377358490566,
        0.580188679245283,
        0.7358490566037736,
        0.7132075471698113,
        0.660377358490566,
        0.7264150943396227,
        0.6289308176100629,
        0.6933962264150944,
        0.8301886792452831,
        0.6886792452830188,
        0.7044025157232704,
        0.7169811320754716,
        0.7295597484276729,
        0.6729559748427673,
        0.7169811320754718,
        0.7264150943396226,
        0.7028301886792452,
        0.6745283018867925,
        0.7358490566037735,
        0.6603773584905661,
        0.6729559748427673,
        0.5723270440251572,
        0.47798742138364786,
        0.761006289308176,
        0.7735849056603774
    ],
    "Genetic":[
        0.6037735849056604,
        0.4490566037735849,
        0.45283018867924535,
        0.27358490566037735,
        0.4716981132075472,
        0.4528301886792453,
        0.5047169811320755,
        0.3333333333333333,
        0.30660377358490565,
        0.38993710691823896,
        0.4402515723270441,
        0.5094339622641509,
        0.6698113207547169,
        0.4056603773584906,
        0.33018867924528306,
        0.3867924528301887,
        0.38867924528301884,
        0.4654088050314466,
        0.410377358490566,
        0.570754716981132,
        0.37735849056603776,
        0.3547169811320755,
        0.5141509433962264,
        0.39622641509433965,
        0.36477987421383645,
        0.4377358490566038,
        0.37735849056603776,
        0.3962264150943396,
        0.4213836477987421,
        0.5408805031446541,
        0.5660377358490566,
        0.3207547169811321,
        0.5141509433962264,
        0.3773584905660378,
        0.40251572327044033,
        0.42452830188679247,
        0.4716981132075472,
        0.5424528301886793,
        0.37735849056603776,
        0.539622641509434,
        0.6037735849056605,
        0.419811320754717,
        0.3584905660377359,
        0.5283018867924528,
        0.4867924528301886,
        0.3490566037735849,
        0.4716981132075472,
        0.2830188679245283,
        0.3867924528301887,
        0.39622641509433965,
        0.4386792452830188,
        0.4402515723270441,
        0.4402515723270441,
        0.40880503144654085,
        0.34591194968553457,
        0.5566037735849056,
        0.4292452830188679,
        0.4716981132075472,
        0.5471698113207547,
        0.49685534591194963,
        0.5471698113207547,
        0.4716981132075471,
        0.38364779874213834,
        0.29559748427672955,
        0.5094339622641509,
        0.39622641509433965
    ],
    "GreedyAdditional":[
        0.5974842767295597,
        0.4641509433962264,
        0.45283018867924535,
        0.28773584905660377,
        0.4811320754716981,
        0.44811320754716977,
        0.49056603773584906,
        0.3522012578616353,
        0.32075471698113206,
        0.38993710691823896,
        0.45283018867924535,
        0.49056603773584906,
        0.6509433962264151,
        0.39622641509433965,
        0.3207547169811321,
        0.3867924528301887,
        0.4075471698113208,
        0.4905660377358491,
        0.5047169811320755,
        0.6556603773584906,
        0.39622641509433965,
        0.33584905660377357,
        0.5235849056603774,
        0.39622641509433965,
        0.3773584905660377,
        0.4264150943396226,
        0.37735849056603776,
        0.3962264150943396,
        0.40880503144654085,
        0.5345911949685535,
        0.5660377358490566,
        0.339622641509434,
        0.5283018867924528,
        0.3962264150943396,
        0.4150943396226416,
        0.4150943396226415,
        0.4811320754716981,
        0.48584905660377364,
        0.39622641509433965,
        0.5433962264150944,
        0.6226415094339622,
        0.4245283018867924,
        0.30660377358490565,
        0.5094339622641509,
        0.4830188679245283,
        0.3113207547169811,
        0.5283018867924528,
        0.4213836477987421,
        0.3679245283018868,
        0.37735849056603776,
        0.4433962264150943,
        0.45283018867924535,
        0.45283018867924535,
        0.40251572327044033,
        0.34591194968553457,
        0.6084905660377359,
        0.43867924528301894,
        0.4764150943396227,
        0.5471698113207547,
        0.5094339622641509,
        0.5094339622641509,
        0.45911949685534587,
        0.3773584905660378,
        0.3333333333333333,
        0.5094339622641509,
        0.3867924528301887
    ],
    "GreedyTotal":[
        0.2830188679245283,
        0.2188679245283019,
        0.3584905660377358,
        0.25943396226415094,
        0.24528301886792453,
        0.1556603773584906,
        0.2688679245283019,
        0.14465408805031446,
        0.17924528301886794,
        0.025157232704402514,
        0.2641509433962264,
        0.2830188679245283,
        0.49056603773584906,
        0.1179245283018868,
        0.018867924528301886,
        0.03773584905660377,
        0.14716981132075474,
        0.16981132075471697,
        0.18867924528301888,
        0.25471698113207547,
        0.3584905660377358,
        0.24150943396226415,
        0.1839622641509434,
        0.05660377358490566,
        0.056603773584905655,
        0.2339622641509434,
        0.018867924528301886,
        0.27044025157232704,
        0.4150943396226415,
        0.5974842767295597,
        0.1509433962264151,
        0.18867924528301885,
        0.3820754716981132,
        0.34591194968553457,
        0.1509433962264151,
        0.18867924528301885,
        0.02830188679245283,
        0.33018867924528306,
        0.39622641509433965,
        0.29056603773584905,
        0.32075471698113206,
        0.1556603773584906,
        0.19811320754716982,
        0.33962264150943394,
        0.32830188679245287,
        0.22169811320754718,
        0.3160377358490566,
        0.15723270440251572,
        0.2783018867924528,
        0.07547169811320754,
        0.12735849056603774,
        0.3522012578616353,
        0.3081761006289308,
        0.27044025157232704,
        0.23899371069182393,
        0.08018867924528303,
        0.14150943396226415,
        0.14622641509433962,
        0.18867924528301888,
        0.2327044025157233,
        0.2358490566037736,
        0.06289308176100629,
        0.11949685534591194,
        0.06918238993710692,
        0.11320754716981134,
        0.02830188679245283
    ]
}