{
    "AdditionalTotal":[
        0.21601489757914338,
        0.23016759776536314,
        0.21787709497206706,
        0.18156424581005587,
        0.22067039106145253,
        0.16620111731843576,
        0.1270949720670391,
        0.2122905027932961,
        0.16620111731843576,
        0.1713221601489758,
        0.2271880819366853,
        0.19273743016759776,
        0.25418994413407825,
        0.15083798882681565,
        0.12569832402234637,
        0.18435754189944134,
        0.1888268156424581,
        0.1973929236499069,
        0.20391061452513964,
        0.1452513966480447,
        0.24022346368715083,
        0.18770949720670388,
        0.2276536312849162,
        0.14385474860335196,
        0.2011173184357542,
        0.19217877094972066,
        0.17318435754189943,
        0.1005586592178771,
        0.24208566108007448,
        0.25512104283054005,
        0.2011173184357542,
        0.22067039106145253,
        0.2583798882681564,
        0.24022346368715083,
        0.22160148975791435,
        0.1941340782122905,
        0.20949720670391062,
        0.2388268156424581,
        0.26256983240223464,
        0.22234636871508381,
        0.20949720670391064,
        0.1564245810055866,
        0.19553072625698326,
        0.23184357541899442,
        0.22569832402234638,
        0.1871508379888268,
        0.22486033519553073,
        0.17318435754189943,
        0.17737430167597767,
        0.14804469273743018,
        0.2276536312849162,
        0.2271880819366853,
        0.24208566108007448,
        0.22160148975791435,
        0.2271880819366853,
        0.1564245810055866,
        0.223463687150838,
        0.22067039106145253,
        0.16201117318435757,
        0.2197392923649907,
        0.2011173184357542,
        0.14525139664804468,
        0.16573556797020483,
        0.2085661080074488,
        0.21042830540037247,
        0.14804469273743018
    ],
    "GreedyAdditional":[
        0.8238993710691824,
        0.660377358490566,
        0.8238993710691824,
        0.6603773584905661,
        0.7641509433962264,
        0.5849056603773585,
        0.5047169811320754,
        0.5345911949685535,
        0.6745283018867925,
        0.40880503144654085,
        0.6352201257861635,
        0.6132075471698114,
        0.6037735849056604,
        0.41981132075471694,
        0.339622641509434,
        0.27358490566037735,
        0.5886792452830188,
        0.7610062893081762,
        0.5471698113207547,
        0.6367924528301887,
        0.8113207547169812,
        0.539622641509434,
        0.6981132075471698,
        0.44339622641509435,
        0.5786163522012578,
        0.7849056603773585,
        0.5,
        0.6415094339622641,
        0.7798742138364779,
        0.8616352201257862,
        0.7169811320754716,
        0.6603773584905661,
        0.7358490566037736,
        0.8301886792452832,
        0.7169811320754716,
        0.5377358490566038,
        0.49056603773584906,
        0.7122641509433962,
        0.9245283018867925,
        0.6113207547169812,
        0.8113207547169812,
        0.6556603773584906,
        0.48584905660377353,
        0.820754716981132,
        0.8528301886792453,
        0.6084905660377359,
        0.8584905660377359,
        0.5534591194968553,
        0.6367924528301887,
        0.44339622641509435,
        0.5,
        0.7987421383647799,
        0.8553459119496855,
        0.6855345911949685,
        0.6981132075471699,
        0.660377358490566,
        0.5,
        0.6367924528301887,
        0.7452830188679246,
        0.6918238993710691,
        0.8490566037735849,
        0.6163522012578616,
        0.5911949685534591,
        0.2893081761006289,
        0.559748427672956,
        0.4811320754716981
    ],
    "GreedyAdditionalNew":[
        0.49685534591194963,
        0.43018867924528303,
        0.5660377358490566,
        0.5377358490566038,
        0.5188679245283019,
        0.5707547169811321,
        0.5801886792452831,
        0.5031446540880503,
        0.5518867924528301,
        0.38364779874213834,
        0.3333333333333333,
        0.5330188679245284,
        0.49056603773584906,
        0.32547169811320753,
        0.2830188679245283,
        0.19811320754716982,
        0.35094339622641507,
        0.5974842767295597,
        0.4716981132075472,
        0.5471698113207547,
        0.7358490566037735,
        0.5358490566037736,
        0.44339622641509435,
        0.4622641509433963,
        0.2893081761006289,
        0.35094339622641507,
        0.018867924528301886,
        0.6729559748427673,
        0.6540880503144654,
        0.6918238993710691,
        0.32075471698113206,
        0.5094339622641509,
        0.5094339622641509,
        0.7547169811320754,
        0.4025157232704402,
        0.49056603773584906,
        0.16037735849056603,
        0.5613207547169812,
        0.6226415094339622,
        0.47924528301886793,
        0.42452830188679247,
        0.6981132075471699,
        0.4764150943396226,
        0.49056603773584906,
        0.47924528301886804,
        0.4528301886792453,
        0.5707547169811321,
        0.38364779874213834,
        0.5566037735849056,
        0.7924528301886793,
        0.30660377358490565,
        0.6289308176100629,
        0.5157232704402516,
        0.5094339622641509,
        0.6918238993710691,
        0.2830188679245283,
        0.40094339622641506,
        0.42452830188679247,
        0.410377358490566,
        0.490566037735849,
        0.33962264150943394,
        0.38364779874213834,
        0.43396226415094336,
        0.11320754716981131,
        0.5094339622641509,
        0.5660377358490566
    ],
    "GreedyTotal":[
        0.36477987421383645,
        0.25660377358490566,
        0.5094339622641509,
        0.40094339622641506,
        0.3962264150943396,
        0.25943396226415094,
        0.25943396226415094,
        0.1761006289308176,
        0.25,
        0.05660377358490567,
        0.43396226415094336,
        0.3443396226415094,
        0.49056603773584906,
        0.21226415094339623,
        0.018867924528301886,
        0.018867924528301886,
        0.2603773584905661,
        0.23899371069182393,
        0.330188679245283,
        0.2641509433962264,
        0.6415094339622641,
        0.38113207547169814,
        0.21226415094339623,
        0.05188679245283019,
        0.06289308176100629,
        0.3018867924528302,
        0.018867924528301886,
        0.3333333333333333,
        0.45283018867924524,
        0.6352201257861635,
        0.3270440251572327,
        0.330188679245283,
        0.4386792452830188,
        0.5849056603773585,
        0.2012578616352201,
        0.23113207547169812,
        0.05660377358490566,
        0.35377358490566035,
        0.49056603773584906,
        0.3509433962264151,
        0.330188679245283,
        0.19811320754716982,
        0.330188679245283,
        0.38679245283018865,
        0.4716981132075472,
        0.29245283018867924,
        0.46226415094339623,
        0.2012578616352201,
        0.3018867924528302,
        0.10377358490566038,
        0.16981132075471697,
        0.6352201257861635,
        0.3773584905660377,
        0.45911949685534587,
        0.4025157232704402,
        0.10377358490566038,
        0.2169811320754717,
        0.18867924528301885,
        0.24528301886792453,
        0.25157232704402516,
        0.29245283018867924,
        0.0880503144654088,
        0.220125786163522,
        0.11949685534591194,
        0.11949685534591196,
        0.07547169811320756
    ]
}