{
    "ARTMaxMin":[
        0.6666666666666666,
        0.6566037735849056,
        0.8364779874213837,
        0.5754716981132075,
        0.7830188679245282,
        0.679245283018868,
        0.589622641509434,
        0.49685534591194963,
        0.6367924528301887,
        0.5723270440251572,
        0.6540880503144654,
        0.6273584905660377,
        0.7735849056603774,
        0.5849056603773585,
        0.5,
        0.5660377358490566,
        0.6679245283018868,
        0.6352201257861635,
        0.5943396226415094,
        0.6650943396226415,
        0.6792452830188679,
        0.5622641509433961,
        0.6886792452830188,
        0.4339622641509434,
        0.45911949685534587,
        0.8226415094339622,
        0.7641509433962264,
        0.7861635220125787,
        0.5974842767295597,
        0.7358490566037736,
        0.660377358490566,
        0.46226415094339623,
        0.6603773584905661,
        0.7044025157232704,
        0.4905660377358491,
        0.5849056603773585,
        0.5849056603773585,
        0.6839622641509433,
        0.6226415094339622,
        0.6566037735849057,
        0.9622641509433962,
        0.5707547169811321,
        0.5754716981132075,
        0.6132075471698113,
        0.7471698113207548,
        0.6273584905660377,
        0.6415094339622641,
        0.5031446540880503,
        0.5613207547169811,
        0.5471698113207547,
        0.5471698113207547,
        0.7358490566037736,
        0.7106918238993711,
        0.6477987421383649,
        0.6603773584905661,
        0.5990566037735848,
        0.6084905660377358,
        0.5849056603773585,
        0.7924528301886792,
        0.7169811320754716,
        0.8301886792452831,
        0.6415094339622641,
        0.7798742138364779,
        0.5471698113207547,
        0.6666666666666666,
        0.5754716981132075
    ],
    "Genetic":[
        0.8616352201257862,
        0.6,
        0.6037735849056604,
        0.6462264150943395,
        0.5094339622641509,
        0.44339622641509435,
        0.589622641509434,
        0.4842767295597484,
        0.6462264150943396,
        0.32075471698113206,
        0.5723270440251572,
        0.7830188679245284,
        0.6320754716981132,
        0.2971698113207547,
        0.32075471698113206,
        0.18867924528301888,
        0.47924528301886793,
        0.6540880503144654,
        0.6132075471698113,
        0.75,
        0.5660377358490566,
        0.3320754716981132,
        0.570754716981132,
        0.4764150943396226,
        0.2893081761006289,
        0.618867924528302,
        0.4150943396226415,
        0.4842767295597484,
        0.8050314465408807,
        0.8427672955974842,
        0.45283018867924535,
        0.3867924528301887,
        0.7547169811320755,
        0.761006289308176,
        0.5471698113207547,
        0.4858490566037736,
        0.3679245283018868,
        0.7830188679245284,
        0.9811320754716981,
        0.4188679245283019,
        0.5566037735849056,
        0.6367924528301887,
        0.5141509433962264,
        0.7169811320754718,
        0.7849056603773585,
        0.5849056603773585,
        0.7452830188679245,
        0.7044025157232704,
        0.6037735849056605,
        0.4528301886792453,
        0.43396226415094336,
        0.7232704402515724,
        0.8050314465408807,
        0.5974842767295597,
        0.6918238993710691,
        0.6556603773584906,
        0.4575471698113207,
        0.5990566037735849,
        0.5330188679245282,
        0.610062893081761,
        0.7169811320754718,
        0.4213836477987421,
        0.45911949685534587,
        0.25157232704402516,
        0.5471698113207547,
        0.339622641509434
    ],
    "GreedyAdditional":[
        0.8238993710691824,
        0.660377358490566,
        0.8238993710691824,
        0.6603773584905661,
        0.7641509433962264,
        0.5849056603773585,
        0.5047169811320754,
        0.5345911949685535,
        0.6745283018867925,
        0.40880503144654085,
        0.6352201257861635,
        0.6132075471698114,
        0.6037735849056604,
        0.41981132075471694,
        0.339622641509434,
        0.27358490566037735,
        0.5886792452830188,
        0.7610062893081762,
        0.5471698113207547,
        0.6367924528301887,
        0.8113207547169812,
        0.539622641509434,
        0.6981132075471698,
        0.44339622641509435,
        0.5786163522012578,
        0.7849056603773585,
        0.5,
        0.6415094339622641,
        0.7798742138364779,
        0.8616352201257862,
        0.7169811320754716,
        0.6603773584905661,
        0.7358490566037736,
        0.8301886792452832,
        0.7169811320754716,
        0.5377358490566038,
        0.49056603773584906,
        0.7122641509433962,
        0.9245283018867925,
        0.6113207547169812,
        0.8113207547169812,
        0.6556603773584906,
        0.48584905660377353,
        0.820754716981132,
        0.8528301886792453,
        0.6084905660377359,
        0.8584905660377359,
        0.5534591194968553,
        0.6367924528301887,
        0.44339622641509435,
        0.5,
        0.7987421383647799,
        0.8553459119496855,
        0.6855345911949685,
        0.6981132075471699,
        0.660377358490566,
        0.5,
        0.6367924528301887,
        0.7452830188679246,
        0.6918238993710691,
        0.8490566037735849,
        0.6163522012578616,
        0.5911949685534591,
        0.2893081761006289,
        0.559748427672956,
        0.4811320754716981
    ],
    "GreedyTotal":[
        0.36477987421383645,
        0.25660377358490566,
        0.5094339622641509,
        0.40094339622641506,
        0.3962264150943396,
        0.25943396226415094,
        0.25943396226415094,
        0.1761006289308176,
        0.25,
        0.05660377358490567,
        0.43396226415094336,
        0.3443396226415094,
        0.49056603773584906,
        0.21226415094339623,
        0.018867924528301886,
        0.018867924528301886,
        0.2603773584905661,
        0.23899371069182393,
        0.330188679245283,
        0.2641509433962264,
        0.6415094339622641,
        0.38113207547169814,
        0.21226415094339623,
        0.05188679245283019,
        0.06289308176100629,
        0.3018867924528302,
        0.018867924528301886,
        0.3333333333333333,
        0.45283018867924524,
        0.6352201257861635,
        0.3270440251572327,
        0.330188679245283,
        0.4386792452830188,
        0.5849056603773585,
        0.2012578616352201,
        0.23113207547169812,
        0.05660377358490566,
        0.35377358490566035,
        0.49056603773584906,
        0.3509433962264151,
        0.330188679245283,
        0.19811320754716982,
        0.330188679245283,
        0.38679245283018865,
        0.4716981132075472,
        0.29245283018867924,
        0.46226415094339623,
        0.2012578616352201,
        0.3018867924528302,
        0.10377358490566038,
        0.16981132075471697,
        0.6352201257861635,
        0.3773584905660377,
        0.45911949685534587,
        0.4025157232704402,
        0.10377358490566038,
        0.2169811320754717,
        0.18867924528301885,
        0.24528301886792453,
        0.25157232704402516,
        0.29245283018867924,
        0.0880503144654088,
        0.220125786163522,
        0.11949685534591194,
        0.11949685534591196,
        0.07547169811320756
    ]
}