{
    "ARTMaxMin":[
        0.7791666666666667,
        0.5625000000000001,
        0.5833333333333334,
        0.6875000000000001,
        0.8458333333333333,
        0.8375,
        0.6041666666666666,
        0.8125,
        0.8208333333333334,
        0.9166666666666667,
        0.8645833333333334,
        0.7541666666666668,
        0.7125,
        0.6562500000000001,
        0.9791666666666667,
        0.8458333333333333,
        0.8625,
        0.8819444444444445,
        0.9097222222222222,
        0.8125,
        0.8680555555555556,
        0.7125,
        0.7625000000000001,
        0.7708333333333334,
        0.7791666666666667,
        0.8020833333333334,
        0.7458333333333333,
        0.5125000000000001,
        0.7375,
        0.8125,
        0.7291666666666666,
        0.6541666666666667
    ],
    "Genetic":[
        0.7208333333333333,
        0.8958333333333334,
        0.8020833333333334,
        0.7625000000000001,
        0.9458333333333334,
        0.7791666666666667,
        0.7041666666666667,
        0.8125,
        0.8625,
        0.8333333333333334,
        0.8854166666666667,
        0.7708333333333334,
        0.9125,
        0.7291666666666666,
        0.9791666666666667,
        0.8708333333333333,
        0.9291666666666667,
        0.9375,
        0.8680555555555556,
        0.7541666666666668,
        0.8125,
        0.6708333333333334,
        0.8458333333333333,
        0.8375,
        0.7958333333333334,
        0.8854166666666667,
        0.6208333333333333,
        0.8208333333333334,
        0.7541666666666668,
        0.6958333333333334,
        0.7958333333333334,
        0.7875
    ],
    "GreedyAdditional":[
        0.7791666666666667,
        0.7708333333333334,
        0.8229166666666667,
        0.7208333333333333,
        0.9125,
        0.7458333333333333,
        0.7375,
        0.6791666666666667,
        0.8625,
        0.7187500000000001,
        0.8229166666666667,
        0.7625000000000001,
        0.7875,
        0.6875000000000001,
        0.9791666666666667,
        0.8458333333333333,
        0.8125,
        0.8402777777777778,
        0.9375,
        0.6541666666666667,
        0.8125,
        0.5958333333333333,
        0.7291666666666666,
        0.7375,
        0.8625,
        0.96875,
        0.6708333333333334,
        0.7791666666666667,
        0.7125,
        0.6291666666666668,
        0.7708333333333334,
        0.7708333333333334
    ],
    "GreedyTotal":[
        0.6375000000000001,
        0.4875,
        0.6145833333333334,
        0.6208333333333333,
        0.8125,
        0.6875000000000001,
        0.6125,
        0.6125,
        0.7958333333333334,
        0.7291666666666666,
        0.7916666666666667,
        0.6375000000000001,
        0.6375000000000001,
        0.6145833333333334,
        0.9791666666666667,
        0.6458333333333334,
        0.7625000000000001,
        0.7986111111111112,
        0.951388888888889,
        0.5958333333333333,
        0.9236111111111112,
        0.34583333333333327,
        0.5708333333333334,
        0.5708333333333334,
        0.7958333333333334,
        0.8854166666666667,
        0.5041666666666667,
        0.5291666666666667,
        0.6791666666666667,
        0.5041666666666667,
        0.6041666666666666,
        0.4875
    ]
}