{
    "AdditionalTotal":[
        0.9586956521739131,
        0.8891304347826087,
        0.9148550724637681,
        0.9282608695652174,
        0.932608695652174,
        0.941304347826087,
        0.9166666666666667,
        0.9195652173913044,
        0.9268115942028986,
        0.9492753623188406,
        0.9402173913043479,
        0.9398550724637681,
        0.913768115942029,
        0.9039855072463768,
        0.9818840579710145,
        0.9152173913043479,
        0.8891304347826087,
        0.9045893719806763,
        0.9504830917874396,
        0.9007246376811594,
        0.9577294685990339,
        0.9427536231884058,
        0.8905797101449275,
        0.9181159420289855,
        0.9268115942028986,
        0.9510869565217391,
        0.9340579710144927,
        0.9152173913043479,
        0.9239130434782609,
        0.9253623188405797,
        0.9094202898550725,
        0.9021739130434783
    ],
    "GreedyAdditional":[
        0.8291666666666667,
        0.8125,
        0.6354166666666666,
        0.7708333333333334,
        0.8875000000000001,
        0.8541666666666667,
        0.6708333333333334,
        0.9208333333333334,
        0.9291666666666667,
        0.9270833333333334,
        0.875,
        0.6875000000000001,
        0.9125,
        0.6562500000000001,
        0.9791666666666667,
        0.9375,
        0.9625,
        0.9652777777777778,
        0.9236111111111112,
        0.9208333333333334,
        0.7708333333333334,
        0.8208333333333334,
        0.8625,
        0.7708333333333334,
        0.8958333333333334,
        0.78125,
        0.7375,
        0.6541666666666667,
        0.8458333333333333,
        0.7958333333333334,
        0.7375,
        0.8541666666666667
    ],
    "GreedyAdditionalNew":[
        0.7791666666666667,
        0.7375,
        0.5729166666666666,
        0.8625,
        0.8541666666666667,
        0.8041666666666667,
        0.6375000000000001,
        0.8875000000000001,
        0.9375,
        0.90625,
        0.8333333333333334,
        0.6291666666666668,
        0.8708333333333333,
        0.5937500000000001,
        0.9791666666666667,
        0.9041666666666667,
        0.9458333333333334,
        0.951388888888889,
        0.9652777777777778,
        0.8875000000000001,
        0.7291666666666666,
        0.7458333333333333,
        0.8041666666666667,
        0.7125,
        0.9291666666666667,
        0.7604166666666666,
        0.6875000000000001,
        0.5791666666666667,
        0.8041666666666667,
        0.7208333333333333,
        0.6875000000000001,
        0.8208333333333334
    ],
    "GreedyTotal":[
        0.6958333333333334,
        0.46249999999999997,
        0.6041666666666666,
        0.6125,
        0.7958333333333334,
        0.8125,
        0.6625,
        0.6708333333333334,
        0.8375,
        0.7604166666666666,
        0.8229166666666667,
        0.8041666666666667,
        0.6875000000000001,
        0.7291666666666666,
        0.9791666666666667,
        0.6958333333333334,
        0.8458333333333333,
        0.8680555555555556,
        0.9652777777777778,
        0.6708333333333334,
        0.9236111111111112,
        0.42083333333333334,
        0.6125,
        0.6458333333333334,
        0.8291666666666667,
        0.8333333333333334,
        0.5791666666666667,
        0.5208333333333334,
        0.7791666666666667,
        0.6041666666666666,
        0.7625000000000001,
        0.5291666666666667
    ]
}