{
    "ARTMaxMin":[
        0.7041666666666667,
        0.8041666666666667,
        0.6041666666666666,
        0.7458333333333333,
        0.7708333333333334,
        0.8041666666666667,
        0.6708333333333334,
        0.8625,
        0.8208333333333334,
        0.78125,
        0.8020833333333334,
        0.6708333333333334,
        0.8291666666666667,
        0.6666666666666666,
        0.7708333333333334,
        0.8875000000000001,
        0.8541666666666667,
        0.8402777777777778,
        0.7152777777777778,
        0.8625,
        0.6736111111111112,
        0.7958333333333334,
        0.8958333333333334,
        0.8291666666666667,
        0.7875,
        0.7187500000000001,
        0.7041666666666667,
        0.6125,
        0.7125,
        0.8291666666666667,
        0.7291666666666666,
        0.8291666666666667
    ],
    "Genetic":[
        0.7541666666666668,
        0.8541666666666667,
        0.8854166666666667,
        0.7458333333333333,
        0.9208333333333334,
        0.8875000000000001,
        0.8375,
        0.9041666666666667,
        0.9291666666666667,
        0.90625,
        0.875,
        0.8875000000000001,
        0.9208333333333334,
        0.8645833333333334,
        0.9791666666666667,
        0.9375,
        0.9625,
        0.7708333333333334,
        0.9236111111111112,
        0.8208333333333334,
        0.701388888888889,
        0.8458333333333333,
        0.7458333333333333,
        0.8625,
        0.8958333333333334,
        0.9166666666666667,
        0.8041666666666667,
        0.8625,
        0.7708333333333334,
        0.7458333333333333,
        0.9541666666666667,
        0.7458333333333333
    ],
    "GreedyAdditional":[
        0.8291666666666667,
        0.8125,
        0.6354166666666666,
        0.7708333333333334,
        0.8875000000000001,
        0.8541666666666667,
        0.6708333333333334,
        0.9208333333333334,
        0.9291666666666667,
        0.9270833333333334,
        0.875,
        0.6875000000000001,
        0.9125,
        0.6562500000000001,
        0.9791666666666667,
        0.9375,
        0.9625,
        0.9652777777777778,
        0.9236111111111112,
        0.9208333333333334,
        0.7708333333333334,
        0.8208333333333334,
        0.8625,
        0.7708333333333334,
        0.8958333333333334,
        0.78125,
        0.7375,
        0.6541666666666667,
        0.8458333333333333,
        0.7958333333333334,
        0.7375,
        0.8541666666666667
    ],
    "GreedyTotal":[
        0.6958333333333334,
        0.46249999999999997,
        0.6041666666666666,
        0.6125,
        0.7958333333333334,
        0.8125,
        0.6625,
        0.6708333333333334,
        0.8375,
        0.7604166666666666,
        0.8229166666666667,
        0.8041666666666667,
        0.6875000000000001,
        0.7291666666666666,
        0.9791666666666667,
        0.6958333333333334,
        0.8458333333333333,
        0.8680555555555556,
        0.9652777777777778,
        0.6708333333333334,
        0.9236111111111112,
        0.42083333333333334,
        0.6125,
        0.6458333333333334,
        0.8291666666666667,
        0.8333333333333334,
        0.5791666666666667,
        0.5208333333333334,
        0.7791666666666667,
        0.6041666666666666,
        0.7625000000000001,
        0.5291666666666667
    ]
}