{
    "AdditionalTotal":[
        0.9421052631578948,
        0.8452631578947368,
        0.881578947368421,
        0.8978947368421053,
        0.8957894736842106,
        0.9105263157894737,
        0.8831578947368421,
        0.8789473684210527,
        0.8873684210526316,
        0.9210526315789473,
        0.9078947368421053,
        0.908421052631579,
        0.8705263157894737,
        0.8578947368421053,
        0.9631578947368421,
        0.8726315789473684,
        0.8368421052631579,
        0.8578947368421053,
        0.9210526315789473,
        0.8536842105263158,
        0.9315789473684211,
        0.9147368421052632,
        0.8473684210526315,
        0.8768421052631579,
        0.8873684210526316,
        0.9210526315789473,
        0.9,
        0.8810526315789474,
        0.8936842105263159,
        0.8894736842105263,
        0.8642105263157895,
        0.8557894736842105
    ],
    "GreedyAdditional":[
        0.7791666666666667,
        0.7708333333333334,
        0.8229166666666667,
        0.7208333333333333,
        0.9125,
        0.7458333333333333,
        0.7375,
        0.6791666666666667,
        0.8625,
        0.7187500000000001,
        0.8229166666666667,
        0.7625000000000001,
        0.7875,
        0.6875000000000001,
        0.9791666666666667,
        0.8458333333333333,
        0.8125,
        0.8402777777777778,
        0.9375,
        0.6541666666666667,
        0.8125,
        0.5958333333333333,
        0.7291666666666666,
        0.7375,
        0.8625,
        0.96875,
        0.6708333333333334,
        0.7791666666666667,
        0.7125,
        0.6291666666666668,
        0.7708333333333334,
        0.7708333333333334
    ],
    "GreedyAdditionalNew":[
        0.7375,
        0.6625,
        0.8229166666666667,
        0.8125,
        0.8791666666666668,
        0.7208333333333333,
        0.6958333333333334,
        0.7875,
        0.8291666666666667,
        0.8645833333333334,
        0.7500000000000001,
        0.7291666666666666,
        0.7125,
        0.6562500000000001,
        0.9791666666666667,
        0.7958333333333334,
        0.7291666666666666,
        0.7291666666666666,
        0.8958333333333334,
        0.5875,
        0.7569444444444445,
        0.7458333333333333,
        0.5958333333333333,
        0.6708333333333334,
        0.8291666666666667,
        0.9479166666666667,
        0.6791666666666667,
        0.7375,
        0.6458333333333334,
        0.5375,
        0.7625000000000001,
        0.6541666666666667
    ],
    "GreedyTotal":[
        0.6375000000000001,
        0.4875,
        0.6145833333333334,
        0.6208333333333333,
        0.8125,
        0.6875000000000001,
        0.6125,
        0.6125,
        0.7958333333333334,
        0.7291666666666666,
        0.7916666666666667,
        0.6375000000000001,
        0.6375000000000001,
        0.6145833333333334,
        0.9791666666666667,
        0.6458333333333334,
        0.7625000000000001,
        0.7986111111111112,
        0.951388888888889,
        0.5958333333333333,
        0.9236111111111112,
        0.34583333333333327,
        0.5708333333333334,
        0.5708333333333334,
        0.7958333333333334,
        0.8854166666666667,
        0.5041666666666667,
        0.5291666666666667,
        0.6791666666666667,
        0.5041666666666667,
        0.6041666666666666,
        0.4875
    ]
}