{
    "AdditionalTotal":[
        0.9804794520547945,
        0.9476027397260274,
        0.9597602739726027,
        0.9660958904109589,
        0.9681506849315068,
        0.9722602739726027,
        0.9606164383561644,
        0.961986301369863,
        0.9654109589041096,
        0.9760273972602739,
        0.9717465753424657,
        0.9715753424657534,
        0.9592465753424657,
        0.9546232876712328,
        0.9914383561643835,
        0.959931506849315,
        0.9476027397260274,
        0.9549086757990867,
        0.9765981735159817,
        0.9530821917808219,
        0.9800228310502282,
        0.972945205479452,
        0.9482876712328767,
        0.9613013698630136,
        0.9654109589041096,
        0.9768835616438356,
        0.9688356164383561,
        0.959931506849315,
        0.9640410958904109,
        0.9647260273972602,
        0.9571917808219178,
        0.9537671232876712
    ],
    "GreedyAdditional":[
        0.8041666666666667,
        0.8958333333333334,
        0.9270833333333334,
        0.6041666666666666,
        0.9541666666666667,
        0.9208333333333334,
        0.8458333333333333,
        0.9125,
        0.9041666666666667,
        0.9166666666666667,
        0.9166666666666667,
        0.9208333333333334,
        0.9291666666666667,
        0.90625,
        0.9791666666666667,
        0.9375,
        0.9625,
        0.6597222222222222,
        0.8819444444444445,
        0.9125,
        0.7291666666666666,
        0.8625,
        0.7125,
        0.8041666666666667,
        0.8458333333333333,
        0.9583333333333334,
        0.8958333333333334,
        0.9041666666666667,
        0.8208333333333334,
        0.8708333333333333,
        0.9541666666666667,
        0.6625
    ],
    "GreedyAdditionalNew":[
        0.7541666666666668,
        0.8291666666666667,
        0.875,
        0.6708333333333334,
        0.9291666666666667,
        0.8875000000000001,
        0.8458333333333333,
        0.8708333333333333,
        0.9375,
        0.8854166666666667,
        0.8854166666666667,
        0.8875000000000001,
        0.8958333333333334,
        0.8645833333333334,
        0.9791666666666667,
        0.9041666666666667,
        0.9458333333333334,
        0.6597222222222222,
        0.9652777777777778,
        0.8708333333333333,
        0.6875000000000001,
        0.7958333333333334,
        0.6708333333333334,
        0.8375,
        0.9291666666666667,
        0.9375,
        0.8458333333333333,
        0.8458333333333333,
        0.7791666666666667,
        0.8125,
        0.9291666666666667,
        0.6708333333333334
    ],
    "GreedyTotal":[
        0.7291666666666666,
        0.46249999999999997,
        0.6041666666666666,
        0.5625000000000001,
        0.7875,
        0.8041666666666667,
        0.6625,
        0.6541666666666667,
        0.7791666666666667,
        0.78125,
        0.8645833333333334,
        0.8041666666666667,
        0.6791666666666667,
        0.7604166666666666,
        0.9791666666666667,
        0.6875000000000001,
        0.8125,
        0.8125,
        0.9236111111111112,
        0.6541666666666667,
        0.8541666666666667,
        0.4791666666666667,
        0.5958333333333333,
        0.6208333333333333,
        0.7458333333333333,
        0.84375,
        0.6125,
        0.5458333333333334,
        0.7708333333333334,
        0.6458333333333334,
        0.7291666666666666,
        0.5041666666666667
    ]
}