{
    "ARTMaxMin":[
        0,
        0.5416666666666666,
        0,
        0,
        0.75,
        0.5833333333333334,
        0.75,
        0.75,
        0.5833333333333334,
        0,
        0,
        0.5,
        0.75,
        0,
        0.6666666666666666,
        0.75,
        0,
        0,
        0,
        0.75,
        0,
        0,
        0,
        0.75,
        0.75,
        0,
        0.75,
        0.5416666666666666,
        0,
        0.75,
        0.75,
        0
    ],
    "Genetic":[
        0,
        0.5,
        0,
        0,
        0.9583333333333334,
        0.6666666666666666,
        0.5833333333333334,
        0.9583333333333334,
        0.7916666666666666,
        0,
        0,
        0.5416666666666666,
        0.5833333333333334,
        0,
        0.8333333333333334,
        0.5833333333333334,
        0,
        0,
        0,
        0.9583333333333334,
        0,
        0,
        0,
        0.9583333333333334,
        0.5833333333333334,
        0,
        0.9583333333333334,
        0.5,
        0,
        0.5833333333333334,
        0.9583333333333334,
        0
    ],
    "GreedyAdditional":[
        0,
        0.7083333333333334,
        0,
        0,
        0.9583333333333334,
        0.6666666666666666,
        0.8333333333333334,
        0.9583333333333334,
        0.7916666666666666,
        0,
        0,
        0.16666666666666666,
        0.8333333333333334,
        0,
        0.6666666666666666,
        0.8333333333333334,
        0,
        0,
        0,
        0.9583333333333334,
        0,
        0,
        0,
        0.9583333333333334,
        0.8333333333333334,
        0,
        0.9583333333333334,
        0.7083333333333334,
        0,
        0.8333333333333334,
        0.9583333333333334,
        0
    ],
    "GreedyTotal":[
        0,
        0.08333333333333333,
        0,
        0,
        0.5,
        0.5,
        0.041666666666666664,
        0.5,
        0.20833333333333334,
        0,
        0,
        0.16666666666666666,
        0.041666666666666664,
        0,
        0.4166666666666667,
        0.041666666666666664,
        0,
        0,
        0,
        0.5,
        0,
        0,
        0,
        0.5,
        0.041666666666666664,
        0,
        0.5,
        0.08333333333333333,
        0,
        0.041666666666666664,
        0.5,
        0
    ]
}