{
    "GreedyAdditionalSelection_0.0_0.0":[
        0.9166666666666666,
        0.6875000000000001,
        0.6805555555555557,
        0.8611111111111112,
        0.8166666666666667,
        0.7166666666666667,
        0.7777777777777778,
        0.825,
        0.875,
        0.8194444444444445,
        0.9166666666666666,
        0.6875,
        0.8958333333333334,
        0.8958333333333334,
        0.8194444444444445,
        0.8958333333333334,
        0.875,
        0.9583333333333334,
        0.7291666666666667,
        0.875,
        0.75,
        0.7222222222222222,
        0.8333333333333334,
        0.8333333333333334,
        0.8416666666666666,
        0.9583333333333334,
        0.9583333333333334,
        0.6805555555555557,
        0.875,
        0.7916666666666666,
        0.8333333333333334,
        0.8125
    ],
    "GreedyAdditionalSelection_0.0_0.05":[
        0.7777777777777777,
        0.10416666666666667,
        0.4166666666666667,
        0.7638888888888888,
        0.5666666666666667,
        0.4083333333333333,
        0.40277777777777785,
        0.3916666666666667,
        0.5583333333333333,
        0.625,
        0.625,
        0.5729166666666666,
        0.4791666666666667,
        0.47916666666666663,
        0.8472222222222222,
        0.4791666666666667,
        0.3333333333333333,
        0.9166666666666666,
        0.8333333333333333,
        0.3333333333333333,
        0.8125,
        0.375,
        0.19444444444444442,
        0.5729166666666666,
        0.5499999999999999,
        0.9166666666666666,
        0.9166666666666666,
        0.4166666666666667,
        0.4861111111111111,
        0.4583333333333333,
        0.5729166666666666,
        0.4583333333333333
    ],
    "GreedyAdditionalSelection_0.0_0.1":[
        0.6944444444444443,
        0.11458333333333333,
        0.4166666666666667,
        0.6805555555555557,
        0.5416666666666666,
        0.45833333333333337,
        0.40277777777777785,
        0.375,
        0.5333333333333334,
        0.5972222222222222,
        0.5972222222222222,
        0.6770833333333334,
        0.4583333333333333,
        0.4583333333333333,
        0.7777777777777778,
        0.45833333333333337,
        0.3194444444444445,
        0.875,
        0.7916666666666667,
        0.3194444444444445,
        0.7291666666666667,
        0.3611111111111111,
        0.1388888888888889,
        0.59375,
        0.525,
        0.875,
        0.875,
        0.4166666666666667,
        0.4166666666666667,
        0.5000000000000001,
        0.59375,
        0.4375
    ],
    "GreedyAdditionalSelection_0.0_0.15":[
        0.6805555555555557,
        0.10416666666666667,
        0.40277777777777785,
        0.6666666666666666,
        0.5416666666666666,
        0.45833333333333337,
        0.3888888888888889,
        0.375,
        0.5333333333333334,
        0.5972222222222222,
        0.5972222222222222,
        0.6145833333333333,
        0.4583333333333333,
        0.4583333333333333,
        0.8055555555555555,
        0.45833333333333337,
        0.3194444444444445,
        0.875,
        0.8125,
        0.3194444444444445,
        0.7708333333333333,
        0.3611111111111111,
        0.12500000000000003,
        0.53125,
        0.525,
        0.875,
        0.875,
        0.40277777777777773,
        0.40277777777777785,
        0.4166666666666667,
        0.53125,
        0.4375
    ],
    "GreedyAdditionalSelection_0.0_0.2":[
        0.7222222222222222,
        0.11458333333333333,
        0.4305555555555555,
        0.6805555555555555,
        0.5666666666666667,
        0.5583333333333333,
        0.3888888888888889,
        0.3916666666666667,
        0.5416666666666667,
        0.625,
        0.625,
        0.7291666666666666,
        0.4791666666666667,
        0.47916666666666663,
        0.8333333333333334,
        0.4791666666666667,
        0.3333333333333333,
        0.9166666666666666,
        0.5416666666666666,
        0.3333333333333333,
        0.7916666666666667,
        0.375,
        0.1388888888888889,
        0.5416666666666666,
        0.5166666666666666,
        0.9166666666666666,
        0.9166666666666666,
        0.4305555555555555,
        0.4305555555555556,
        0.4166666666666667,
        0.5416666666666666,
        0.41666666666666663
    ],
    "GreedyAdditionalSelection_0.0_0.25":[
        0.736111111111111,
        0.17708333333333331,
        0.5,
        0.5138888888888888,
        0.5666666666666667,
        0.6333333333333334,
        0.23611111111111108,
        0.4166666666666667,
        0.4083333333333334,
        0.6666666666666666,
        0.5972222222222222,
        0.78125,
        0.4583333333333333,
        0.4583333333333333,
        0.7638888888888888,
        0.45833333333333337,
        0.3194444444444445,
        0.875,
        0.5208333333333334,
        0.3194444444444445,
        0.7083333333333333,
        0.5833333333333334,
        0.18055555555555555,
        0.5104166666666667,
        0.275,
        0.875,
        0.875,
        0.5,
        0.4583333333333333,
        0.3888888888888889,
        0.5104166666666667,
        0.125
    ],
    "GreedyAdditionalSelection_0.0_0.3":[
        0.6527777777777777,
        0.15625,
        0.4444444444444444,
        0.4583333333333333,
        0.5166666666666667,
        0.475,
        0.20833333333333334,
        0.375,
        0.375,
        0.5972222222222222,
        0.5416666666666666,
        0.5833333333333333,
        0.4166666666666667,
        0.41666666666666663,
        0.6805555555555555,
        0.4166666666666667,
        0.2916666666666667,
        0.7916666666666666,
        0.47916666666666663,
        0.2916666666666667,
        0.625,
        0.5277777777777778,
        0.1527777777777778,
        0.46875,
        0.2583333333333333,
        0.7916666666666666,
        0.7916666666666666,
        0.4444444444444444,
        0.40277777777777773,
        0.3611111111111111,
        0.46875,
        0.125
    ],
    "GreedyAdditionalSelection_0.0_0.35":[
        0.6944444444444445,
        0.16666666666666669,
        0.47222222222222227,
        0.48611111111111116,
        0.5416666666666667,
        0.4916666666666667,
        0.2222222222222222,
        0.4083333333333334,
        0.3916666666666667,
        0.6527777777777778,
        0.5694444444444445,
        0.6041666666666666,
        0.43750000000000006,
        0.4375,
        0.6805555555555557,
        0.43750000000000006,
        0.3055555555555556,
        0.8333333333333334,
        0.5,
        0.3055555555555556,
        0.6041666666666667,
        0.5694444444444445,
        0.16666666666666666,
        0.47916666666666674,
        0.26666666666666666,
        0.8333333333333334,
        0.8333333333333334,
        0.47222222222222227,
        0.4305555555555556,
        0.36111111111111116,
        0.47916666666666674,
        0.125
    ],
    "GreedyAdditionalSelection_0.0_0.4":[
        0.6944444444444443,
        0.13541666666666666,
        0.4444444444444444,
        0.47222222222222215,
        0.5583333333333333,
        0.4833333333333334,
        0.19444444444444442,
        0.4083333333333334,
        0.4083333333333334,
        0.6527777777777778,
        0.5972222222222222,
        0.5937499999999999,
        0.4583333333333333,
        0.4583333333333333,
        0.6527777777777778,
        0.45833333333333337,
        0.3194444444444445,
        0.875,
        0.5208333333333334,
        0.3194444444444445,
        0.5416666666666666,
        0.5138888888888888,
        0.1388888888888889,
        0.4895833333333333,
        0.275,
        0.875,
        0.875,
        0.4444444444444444,
        0.4166666666666667,
        0.36111111111111116,
        0.4895833333333333,
        0.125
    ],