{
    "GreedyAdditionalSelection_0.0_0.0":[
        0.8333333333333334,
        0.4375,
        0.7083333333333334,
        0.8194444444444445,
        0.7,
        0.5833333333333333,
        0.5694444444444445,
        0.45833333333333337,
        0.6166666666666667,
        0.5972222222222222,
        0.6666666666666666,
        0.75,
        0.5625,
        0.5625,
        0.8194444444444445,
        0.5625,
        0.4583333333333333,
        0.875,
        0.8125,
        0.4583333333333333,
        0.7916666666666667,
        0.4444444444444444,
        0.4166666666666667,
        0.625,
        0.6083333333333334,
        0.875,
        0.875,
        0.7083333333333334,
        0.625,
        0.5416666666666666,
        0.625,
        0.5416666666666667
    ],
    "GreedyAdditionalSelection_0.0_0.05":[
        0.638888888888889,
        0.20833333333333334,
        0.36111111111111116,
        0.625,
        0.5833333333333334,
        0.5666666666666667,
        0.40277777777777773,
        0.45833333333333337,
        0.6083333333333333,
        0.5694444444444445,
        0.6527777777777778,
        0.6770833333333334,
        0.5625,
        0.5625,
        0.7361111111111112,
        0.5625,
        0.47222222222222227,
        0.8333333333333334,
        0.7083333333333334,
        0.36458333333333337,
        0.6875,
        0.4444444444444444,
        0.27777777777777785,
        0.53125,
        0.5999999999999999,
        0.8333333333333334,
        0.5694444444444445,
        0.36111111111111116,
        0.4583333333333334,
        0.33333333333333337,
        0.53125,
        0.5416666666666666
    ],
    "GreedyAdditionalSelection_0.0_0.1":[
        0.75,
        0.375,
        0.6388888888888888,
        0.7361111111111112,
        0.65,
        0.5416666666666667,
        0.5138888888888888,
        0.4583333333333333,
        0.575,
        0.625,
        0.625,
        0.6354166666666667,
        0.5208333333333334,
        0.5208333333333334,
        0.7361111111111112,
        0.5208333333333334,
        0.4166666666666667,
        0.8333333333333334,
        0.7083333333333334,
        0.36458333333333337,
        0.6875,
        0.513888888888889,
        0.3333333333333333,
        0.5416666666666667,
        0.5666666666666667,
        0.8333333333333334,
        0.625,
        0.6388888888888888,
        0.5416666666666666,
        0.3854166666666667,
        0.5416666666666667,
        0.5
    ],
    "GreedyAdditionalSelection_0.0_0.15":[
        0.7083333333333334,
        0.3125,
        0.5972222222222222,
        0.6944444444444443,
        0.5999999999999999,
        0.5083333333333333,
        0.4583333333333333,
        0.375,
        0.5166666666666666,
        0.5416666666666666,
        0.5694444444444444,
        0.6041666666666666,
        0.4583333333333333,
        0.4583333333333333,
        0.75,
        0.4583333333333333,
        0.34722222222222215,
        0.7916666666666666,
        0.75,
        0.2708333333333333,
        0.7291666666666667,
        0.4583333333333333,
        0.2638888888888889,
        0.45833333333333326,
        0.5083333333333333,
        0.7916666666666666,
        0.5416666666666666,
        0.5972222222222222,
        0.4861111111111111,
        0.2708333333333333,
        0.45833333333333326,
        0.4375
    ],
    "GreedyAdditionalSelection_0.0_0.2":[
        0.6944444444444443,
        0.2708333333333333,
        0.5694444444444444,
        0.6805555555555555,
        0.5833333333333333,
        0.4583333333333333,
        0.4305555555555555,
        0.3583333333333333,
        0.5,
        0.5416666666666666,
        0.5555555555555555,
        0.5520833333333333,
        0.43749999999999994,
        0.4375,
        0.75,
        0.43749999999999994,
        0.3194444444444444,
        0.7916666666666666,
        0.75,
        0.3194444444444444,
        0.7291666666666667,
        0.4583333333333333,
        0.22222222222222224,
        0.4375,
        0.4916666666666667,
        0.7916666666666666,
        0.7916666666666666,
        0.5694444444444444,
        0.45833333333333326,
        0.3194444444444445,
        0.4375,
        0.4166666666666667
    ],
    "GreedyAdditionalSelection_0.0_0.25":[
        0.6805555555555555,
        0.25,
        0.5416666666666666,
        0.6666666666666666,
        0.575,
        0.4583333333333333,
        0.4166666666666667,
        0.3583333333333333,
        0.5,
        0.5416666666666666,
        0.5555555555555555,
        0.5520833333333333,
        0.43749999999999994,
        0.4375,
        0.75,
        0.43749999999999994,
        0.3194444444444444,
        0.7916666666666666,
        0.75,
        0.25,
        0.7291666666666667,
        0.4444444444444444,
        0.20833333333333334,
        0.4375,
        0.4916666666666667,
        0.7916666666666666,
        0.5416666666666666,
        0.5416666666666666,
        0.4444444444444444,
        0.25,
        0.4375,
        0.4166666666666667
    ],
    "GreedyAdditionalSelection_0.0_0.3":[
        0.7083333333333334,
        0.25,
        0.5555555555555556,
        0.6944444444444445,
        0.6,
        0.55,
        0.4305555555555555,
        0.4166666666666667,
        0.525,
        0.638888888888889,
        0.5833333333333334,
        0.6666666666666666,
        0.4583333333333333,
        0.45833333333333337,
        0.7916666666666666,
        0.4583333333333333,
        0.3333333333333333,
        0.8333333333333334,
        0.7916666666666667,
        0.3125,
        0.7708333333333333,
        0.513888888888889,
        0.20833333333333334,
        0.45833333333333337,
        0.5166666666666667,
        0.8333333333333334,
        0.638888888888889,
        0.5555555555555556,
        0.4583333333333333,
        0.3125,
        0.45833333333333337,
        0.4375
    ],
    "GreedyAdditionalSelection_0.0_0.35":[
        0.6944444444444445,
        0.22916666666666669,
        0.5277777777777778,
        0.6666666666666666,
        0.5416666666666666,
        0.4833333333333333,
        0.375,
        0.325,
        0.45,
        0.5138888888888888,
        0.5138888888888888,
        0.59375,
        0.3958333333333333,
        0.3958333333333333,
        0.5833333333333333,
        0.39583333333333337,
        0.2777777777777778,
        0.75,
        0.5416666666666666,
        0.2777777777777778,
        0.5,
        0.4166666666666667,
        0.2222222222222222,
        0.41666666666666663,
        0.4333333333333333,
        0.75,
        0.75,
        0.5277777777777778,
        0.4583333333333334,
        0.3055555555555555,
        0.41666666666666663,
        0.35416666666666663
    ],
    "GreedyAdditionalSelection_0.0_0.4":[
        0.6111111111111112,
        0.20833333333333331,
        0.48611111111111116,
        0.513888888888889,
        0.5083333333333334,
        0.4666666666666667,
        0.2777777777777778,
        0.30833333333333335,
        0.3833333333333334,
        0.48611111111111116,
        0.48611111111111116,
        0.5729166666666666,
        0.37500000000000006,
        0.375,
        0.4861111111111111,
        0.37500000000000006,
        0.2638888888888889,
        0.7083333333333334,
        0.5208333333333334,
        0.20833333333333334,
        0.375,
        0.40277777777777773,
        0.16666666666666666,
        0.3854166666666667,
        0.32500000000000007,
        0.7083333333333334,
        0.48611111111111116,
        0.48611111111111116,
        0.3888888888888889,
        0.21875,
        0.3854166666666667,
        0.22916666666666669
    ],