{
    "ARTMaxMin":[
        0.8611111111111112,
        0.6041666666666667,
        0.763888888888889,
        0.7361111111111112,
        0.7666666666666667,
        0.5583333333333333,
        0.5694444444444445,
        0.675,
        0.65,
        0.7916666666666666,
        0.75,
        0.6041666666666666,
        0.6875,
        0.6875,
        0.8333333333333334,
        0.6875,
        0.625,
        0.875,
        0.6666666666666666,
        0.625,
        0.8125,
        0.7083333333333334,
        0.6111111111111112,
        0.59375,
        0.575,
        0.875,
        0.875,
        0.763888888888889,
        0.7361111111111112,
        0.5,
        0.59375,
        0.5
    ],
    "Genetic":[
        0.875,
        0.6875,
        0.8333333333333334,
        0.8194444444444443,
        0.825,
        0.7083333333333333,
        0.7083333333333334,
        0.675,
        0.75,
        0.736111111111111,
        0.8055555555555555,
        0.7395833333333333,
        0.75,
        0.75,
        0.8333333333333334,
        0.75,
        0.6944444444444445,
        0.9166666666666666,
        0.6666666666666666,
        0.6944444444444445,
        0.7916666666666667,
        0.6388888888888888,
        0.6527777777777778,
        0.7291666666666666,
        0.7166666666666667,
        0.9166666666666666,
        0.9166666666666666,
        0.8333333333333334,
        0.7638888888888888,
        0.6666666666666666,
        0.7291666666666666,
        0.6666666666666667
    ],
    "GreedyAdditional":[
        0.9166666666666666,
        0.6875000000000001,
        0.6805555555555557,
        0.8611111111111112,
        0.8166666666666667,
        0.7166666666666667,
        0.7777777777777778,
        0.825,
        0.875,
        0.8194444444444445,
        0.9166666666666666,
        0.6875,
        0.8958333333333334,
        0.8958333333333334,
        0.8194444444444445,
        0.8958333333333334,
        0.875,
        0.9583333333333334,
        0.7291666666666667,
        0.875,
        0.75,
        0.7222222222222222,
        0.8333333333333334,
        0.8333333333333334,
        0.8416666666666666,
        0.9583333333333334,
        0.9583333333333334,
        0.6805555555555557,
        0.875,
        0.7916666666666666,
        0.8333333333333334,
        0.8125
    ],
    "GreedyTotal":[
        0.375,
        0.05208333333333333,
        0.20833333333333334,
        0.2777777777777778,
        0.31666666666666665,
        0.3416666666666667,
        0.11111111111111112,
        0.225,
        0.25833333333333336,
        0.34722222222222215,
        0.34722222222222215,
        0.43750000000000006,
        0.2708333333333333,
        0.2708333333333333,
        0.4583333333333333,
        0.27083333333333337,
        0.19444444444444445,
        0.5,
        0.3333333333333333,
        0.19444444444444445,
        0.4375,
        0.3611111111111111,
        0.06944444444444443,
        0.40625,
        0.2,
        0.5,
        0.5,
        0.20833333333333334,
        0.2222222222222222,
        0.37500000000000006,
        0.40625,
        0.125
    ]
}