{
    "AdditionalTotal":[
        0.8611111111111112,
        0.6145833333333334,
        0.5,
        0.6666666666666666,
        0.7666666666666666,
        0.6583333333333334,
        0.5138888888888888,
        0.7749999999999999,
        0.7666666666666666,
        0.6805555555555557,
        0.8888888888888888,
        0.7291666666666667,
        0.8854166666666666,
        0.875,
        0.8194444444444445,
        0.8854166666666666,
        0.9027777777777777,
        0.875,
        0.5416666666666666,
        0.9027777777777777,
        0.7291666666666667,
        0.5555555555555556,
        0.8888888888888888,
        0.8541666666666666,
        0.6583333333333332,
        0.875,
        0.875,
        0.5,
        0.875,
        0.8472222222222222,
        0.84375,
        0.6041666666666666
    ],
    "GreedyAdditional":[
        0.8611111111111112,
        0.6145833333333334,
        0.5,
        0.6666666666666666,
        0.7666666666666666,
        0.6583333333333334,
        0.5138888888888888,
        0.7749999999999999,
        0.7666666666666666,
        0.6805555555555557,
        0.8888888888888888,
        0.7291666666666667,
        0.8854166666666666,
        0.875,
        0.8194444444444445,
        0.8854166666666666,
        0.9027777777777777,
        0.875,
        0.5416666666666666,
        0.9027777777777777,
        0.7291666666666667,
        0.5555555555555556,
        0.8888888888888888,
        0.8541666666666666,
        0.6583333333333332,
        0.875,
        0.875,
        0.5,
        0.875,
        0.8472222222222222,
        0.84375,
        0.6041666666666666
    ],
    "GreedyAdditionalNew":[
        0.7777777777777777,
        0.65625,
        0.5972222222222222,
        0.6944444444444443,
        0.8083333333333332,
        0.6833333333333333,
        0.6666666666666666,
        0.7249999999999999,
        0.8333333333333334,
        0.625,
        0.9027777777777777,
        0.6770833333333334,
        0.875,
        0.875,
        0.875,
        0.875,
        0.8888888888888888,
        0.9166666666666666,
        0.7708333333333333,
        0.8888888888888888,
        0.8125,
        0.4305555555555555,
        0.75,
        0.7916666666666666,
        0.7999999999999999,
        0.9166666666666666,
        0.9166666666666666,
        0.5972222222222222,
        0.7638888888888888,
        0.75,
        0.7708333333333333,
        0.7708333333333333
    ],
    "GreedyTotal":[
        0.375,
        0.09375,
        0.2222222222222222,
        0.2638888888888889,
        0.3,
        0.25833333333333336,
        0.12499999999999999,
        0.23333333333333334,
        0.2166666666666667,
        0.3333333333333333,
        0.3333333333333333,
        0.34375,
        0.23958333333333334,
        0.22916666666666666,
        0.38888888888888884,
        0.23958333333333334,
        0.20833333333333334,
        0.4583333333333333,
        0.2708333333333333,
        0.20833333333333334,
        0.3125,
        0.3333333333333333,
        0.125,
        0.38541666666666663,
        0.175,
        0.4583333333333333,
        0.4583333333333333,
        0.2222222222222222,
        0.25,
        0.3611111111111111,
        0.35416666666666663,
        0.10416666666666666
    ]
}