{
    "AdditionalTotal":[
        0.9305555555555557,
        0.6458333333333334,
        0.7916666666666666,
        0.9305555555555557,
        0.8333333333333334,
        0.6166666666666667,
        0.75,
        0.675,
        0.8083333333333333,
        0.7361111111111112,
        0.8333333333333334,
        0.6979166666666667,
        0.7708333333333334,
        0.7708333333333334,
        0.8194444444444445,
        0.7708333333333334,
        0.7083333333333334,
        0.9583333333333334,
        0.8125,
        0.7083333333333334,
        0.75,
        0.5416666666666666,
        0.6805555555555557,
        0.7916666666666667,
        0.8083333333333333,
        0.9583333333333334,
        0.9583333333333334,
        0.7916666666666666,
        0.8055555555555557,
        0.7361111111111112,
        0.7916666666666667,
        0.7708333333333334
    ],
    "GreedyAdditional":[
        0.8333333333333334,
        0.4375,
        0.7083333333333334,
        0.8194444444444445,
        0.7,
        0.5833333333333333,
        0.5694444444444445,
        0.45833333333333337,
        0.6166666666666667,
        0.5972222222222222,
        0.6666666666666666,
        0.75,
        0.5625,
        0.5625,
        0.8194444444444445,
        0.5625,
        0.4583333333333333,
        0.875,
        0.8125,
        0.4583333333333333,
        0.7916666666666667,
        0.4444444444444444,
        0.4166666666666667,
        0.625,
        0.6083333333333334,
        0.875,
        0.875,
        0.7083333333333334,
        0.625,
        0.5416666666666666,
        0.625,
        0.5416666666666667
    ],
    "GreedyAdditionalNew":[
        0.8333333333333334,
        0.3958333333333333,
        0.75,
        0.8194444444444443,
        0.7083333333333333,
        0.5833333333333333,
        0.5555555555555555,
        0.5666666666666667,
        0.5916666666666666,
        0.861111111111111,
        0.6527777777777777,
        0.7083333333333333,
        0.5208333333333333,
        0.5208333333333333,
        0.8472222222222222,
        0.5208333333333333,
        0.38888888888888884,
        0.9166666666666666,
        0.8125,
        0.38888888888888884,
        0.8125,
        0.8055555555555555,
        0.3055555555555555,
        0.6145833333333333,
        0.5833333333333333,
        0.9166666666666666,
        0.9166666666666666,
        0.75,
        0.5694444444444444,
        0.5138888888888888,
        0.6145833333333333,
        0.5
    ],
    "GreedyTotal":[
        0.48611111111111116,
        0.25,
        0.36111111111111116,
        0.4305555555555556,
        0.45,
        0.38333333333333336,
        0.3055555555555556,
        0.3416666666666667,
        0.4166666666666667,
        0.40277777777777785,
        0.47222222222222227,
        0.4166666666666667,
        0.4166666666666667,
        0.4166666666666667,
        0.4444444444444444,
        0.4166666666666667,
        0.36111111111111116,
        0.5833333333333334,
        0.45833333333333337,
        0.36111111111111116,
        0.375,
        0.2916666666666667,
        0.2638888888888889,
        0.39583333333333337,
        0.38333333333333336,
        0.5833333333333334,
        0.5833333333333334,
        0.36111111111111116,
        0.375,
        0.3333333333333333,
        0.39583333333333337,
        0.33333333333333337
    ]
}