{
    "AdditionalTotal":[
        0.07534246575342464,
        0.016267123287671232,
        0.045662100456621,
        0.07534246575342464,
        0.049315068493150684,
        0.043835616438356165,
        0.04452054794520547,
        0.04041095890410958,
        0.048630136986301364,
        0.06506849315068493,
        0.05365296803652967,
        0.05393835616438356,
        0.0410958904109589,
        0.0410958904109589,
        0.07077625570776255,
        0.0410958904109589,
        0.028538812785388126,
        0.07876712328767123,
        0.059931506849315065,
        0.028538812785388126,
        0.06164383561643835,
        0.055936073059360734,
        0.02511415525114155,
        0.04794520547945205,
        0.048630136986301364,
        0.07876712328767123,
        0.07876712328767123,
        0.045662100456621,
        0.0502283105022831,
        0.03767123287671233,
        0.04794520547945205,
        0.0410958904109589
    ],
    "GreedyAdditional":[
        0.8611111111111112,
        0.6145833333333334,
        0.5,
        0.6666666666666666,
        0.7666666666666666,
        0.6583333333333334,
        0.5138888888888888,
        0.7749999999999999,
        0.7666666666666666,
        0.6805555555555557,
        0.8888888888888888,
        0.7291666666666667,
        0.8854166666666666,
        0.875,
        0.8194444444444445,
        0.8854166666666666,
        0.9027777777777777,
        0.875,
        0.5416666666666666,
        0.9027777777777777,
        0.7291666666666667,
        0.5555555555555556,
        0.8888888888888888,
        0.8541666666666666,
        0.6583333333333332,
        0.875,
        0.875,
        0.5,
        0.875,
        0.8472222222222222,
        0.84375,
        0.6041666666666666
    ],
    "GreedyAdditionalNew":[
        0.7777777777777777,
        0.65625,
        0.5972222222222222,
        0.6944444444444443,
        0.8083333333333332,
        0.6833333333333333,
        0.6666666666666666,
        0.7249999999999999,
        0.8333333333333334,
        0.625,
        0.9027777777777777,
        0.6770833333333334,
        0.875,
        0.875,
        0.875,
        0.875,
        0.8888888888888888,
        0.9166666666666666,
        0.7708333333333333,
        0.8888888888888888,
        0.8125,
        0.4305555555555555,
        0.75,
        0.7916666666666666,
        0.7999999999999999,
        0.9166666666666666,
        0.9166666666666666,
        0.5972222222222222,
        0.7638888888888888,
        0.75,
        0.7708333333333333,
        0.7708333333333333
    ],
    "GreedyTotal":[
        0.375,
        0.09375,
        0.2222222222222222,
        0.2638888888888889,
        0.3,
        0.25833333333333336,
        0.12499999999999999,
        0.23333333333333334,
        0.2166666666666667,
        0.3333333333333333,
        0.3333333333333333,
        0.34375,
        0.23958333333333334,
        0.22916666666666666,
        0.38888888888888884,
        0.23958333333333334,
        0.20833333333333334,
        0.4583333333333333,
        0.2708333333333333,
        0.20833333333333334,
        0.3125,
        0.3333333333333333,
        0.125,
        0.38541666666666663,
        0.175,
        0.4583333333333333,
        0.4583333333333333,
        0.2222222222222222,
        0.25,
        0.3611111111111111,
        0.35416666666666663,
        0.10416666666666666
    ]
}