{
    "AdditionalTotal":[
        0.15942028985507248,
        0.034420289855072464,
        0.09661835748792269,
        0.15942028985507248,
        0.10434782608695652,
        0.0927536231884058,
        0.09420289855072463,
        0.08550724637681159,
        0.10289855072463767,
        0.13768115942028983,
        0.11352657004830917,
        0.11413043478260869,
        0.08695652173913042,
        0.08695652173913043,
        0.1497584541062802,
        0.08695652173913042,
        0.06038647342995169,
        0.16666666666666666,
        0.12681159420289856,
        0.06038647342995169,
        0.13043478260869565,
        0.1183574879227053,
        0.053140096618357495,
        0.10144927536231885,
        0.10289855072463767,
        0.16666666666666666,
        0.16666666666666666,
        0.0966183574879227,
        0.10628019323671496,
        0.07971014492753623,
        0.10144927536231885,
        0.08695652173913043
    ],
    "GreedyAdditional":[
        0.9166666666666666,
        0.6875000000000001,
        0.6805555555555557,
        0.8611111111111112,
        0.8166666666666667,
        0.7166666666666667,
        0.7777777777777778,
        0.825,
        0.875,
        0.8194444444444445,
        0.9166666666666666,
        0.6875,
        0.8958333333333334,
        0.8958333333333334,
        0.8194444444444445,
        0.8958333333333334,
        0.875,
        0.9583333333333334,
        0.7291666666666667,
        0.875,
        0.75,
        0.7222222222222222,
        0.8333333333333334,
        0.8333333333333334,
        0.8416666666666666,
        0.9583333333333334,
        0.9583333333333334,
        0.6805555555555557,
        0.875,
        0.7916666666666666,
        0.8333333333333334,
        0.8125
    ],
    "GreedyAdditionalNew":[
        0.861111111111111,
        0.7083333333333334,
        0.6666666666666666,
        0.8055555555555555,
        0.7916666666666666,
        0.7083333333333333,
        0.7916666666666666,
        0.7249999999999999,
        0.8666666666666666,
        0.625,
        0.9027777777777777,
        0.6666666666666666,
        0.8958333333333333,
        0.8958333333333333,
        0.8194444444444443,
        0.8958333333333333,
        0.8888888888888888,
        0.9166666666666666,
        0.75,
        0.8888888888888888,
        0.7708333333333333,
        0.5416666666666666,
        0.8333333333333334,
        0.8124999999999999,
        0.8333333333333333,
        0.9166666666666666,
        0.9166666666666666,
        0.6666666666666666,
        0.8472222222222222,
        0.7777777777777777,
        0.8124999999999999,
        0.8125
    ],
    "GreedyTotal":[
        0.375,
        0.05208333333333333,
        0.20833333333333334,
        0.2777777777777778,
        0.31666666666666665,
        0.3416666666666667,
        0.11111111111111112,
        0.225,
        0.25833333333333336,
        0.34722222222222215,
        0.34722222222222215,
        0.43750000000000006,
        0.2708333333333333,
        0.2708333333333333,
        0.4583333333333333,
        0.27083333333333337,
        0.19444444444444445,
        0.5,
        0.3333333333333333,
        0.19444444444444445,
        0.4375,
        0.3611111111111111,
        0.06944444444444443,
        0.40625,
        0.2,
        0.5,
        0.5,
        0.20833333333333334,
        0.2222222222222222,
        0.37500000000000006,
        0.40625,
        0.125
    ]
}