{
    "ARTMaxMin":[
        0.9597014925373134,
        0.7119402985074627,
        0.6283582089552239,
        0.8522388059701492,
        0.7238805970149255,
        0.7776119402985074,
        0.7686567164179104,
        0.917910447761194,
        0.8104477611940298,
        0.873134328358209,
        0.9328358208955224,
        0.8134328358208955,
        0.8611940298507462,
        0.926865671641791,
        0.8791044776119403,
        0.8492537313432836,
        0.735820895522388,
        0.8611940298507462,
        0.9656716417910448,
        0.8194029850746268,
        0.7626865671641792,
        0.744776119402985,
        0.9,
        0.8522388059701492,
        0.735820895522388,
        0.8402985074626866,
        0.7746268656716419,
        0.6850746268656717,
        0.8074626865671642,
        0.8044776119402985,
        0.9358208955223881,
        0.6343283582089553,
        0.5776119402985075,
        0.6313432835820896,
        0.7567164179104479,
        0.8194029850746268,
        0.926865671641791,
        0.8343283582089552,
        0.6014925373134329,
        0.8611940298507462,
        0.9567164179104478,
        0.8462686567164179,
        0.8462686567164179,
        0.8970149253731343,
        0.8611940298507462,
        0.8701492537313433,
        0.6880597014925373,
        0.6283582089552239,
        0.9686567164179105,
        0.8552238805970149,
        0.8462686567164179,
        0.7985074626865672,
        0.8313432835820896,
        0.7507462686567165,
        0.8671641791044776,
        0.7985074626865672,
        0.8671641791044776,
        0.8223880597014925,
        0.9328358208955224,
        0.8940298507462686,
        0.9119402985074627,
        0.8014925373134328,
        0.8940298507462686,
        0.9208955223880597,
        0.8432835820895522,
        0.8761194029850746,
        0.7805970149253731,
        0.7179104477611941,
        0.8402985074626866
    ],
    "Genetic":[
        0.8940298507462686,
        0.673134328358209,
        0.8552238805970149,
        0.9208955223880597,
        0.8373134328358209,
        0.9567164179104478,
        0.9746268656716418,
        0.7477611940298508,
        0.8313432835820896,
        0.8462686567164179,
        0.7835820895522388,
        0.8522388059701492,
        0.8164179104477612,
        0.9388059701492537,
        0.8313432835820896,
        0.7835820895522388,
        0.8313432835820896,
        0.8402985074626866,
        0.7686567164179104,
        0.7716417910447761,
        0.9507462686567164,
        0.9298507462686567,
        0.9626865671641791,
        0.9447761194029851,
        0.9447761194029851,
        0.9776119402985075,
        0.6701492537313433,
        0.6910447761194031,
        0.8761194029850746,
        0.9417910447761194,
        0.9597014925373134,
        0.7179104477611941,
        0.9417910447761194,
        0.8522388059701492,
        0.8970149253731343,
        0.8880597014925373,
        0.9626865671641791,
        0.7268656716417911,
        0.8223880597014925,
        0.9686567164179105,
        0.9686567164179105,
        0.8850746268656716,
        0.9417910447761194,
        0.8343283582089552,
        0.9059701492537314,
        0.8522388059701492,
        0.6970149253731344,
        0.7238805970149255,
        0.9686567164179105,
        0.9328358208955224,
        0.8791044776119403,
        0.9029850746268657,
        0.8313432835820896,
        0.8373134328358209,
        0.908955223880597,
        0.9238805970149254,
        0.9507462686567164,
        0.9597014925373134,
        0.9597014925373134,
        0.9029850746268657,
        0.9417910447761194,
        0.9626865671641791,
        0.9298507462686567,
        0.9597014925373134,
        0.891044776119403,
        0.917910447761194,
        0.8970149253731343,
        0.7000000000000001,
        0.8373134328358209
    ],
    "GreedyAdditional":[
        0.908955223880597,
        0.6791044776119403,
        0.8701492537313433,
        0.9208955223880597,
        0.7835820895522388,
        0.9567164179104478,
        0.9746268656716418,
        0.7805970149253731,
        0.8343283582089552,
        0.8462686567164179,
        0.7716417910447761,
        0.8522388059701492,
        0.8313432835820896,
        0.9388059701492537,
        0.8462686567164179,
        0.7567164179104479,
        0.8432835820895522,
        0.8462686567164179,
        0.7985074626865672,
        0.8014925373134328,
        0.9507462686567164,
        0.9328358208955224,
        0.9626865671641791,
        0.9507462686567164,
        0.9447761194029851,
        0.926865671641791,
        0.6701492537313433,
        0.7179104477611941,
        0.8880597014925373,
        0.9388059701492537,
        0.9597014925373134,
        0.735820895522388,
        0.9388059701492537,
        0.8283582089552239,
        0.908955223880597,
        0.9,
        0.9626865671641791,
        0.7268656716417911,
        0.6940298507462687,
        0.9686567164179105,
        0.9686567164179105,
        0.891044776119403,
        0.9417910447761194,
        0.8552238805970149,
        0.908955223880597,
        0.8641791044776119,
        0.7149253731343284,
        0.7059701492537314,
        0.9686567164179105,
        0.9328358208955224,
        0.8611940298507462,
        0.9059701492537314,
        0.8432835820895522,
        0.8164179104477612,
        0.908955223880597,
        0.9238805970149254,
        0.9507462686567164,
        0.9597014925373134,
        0.9626865671641791,
        0.9,
        0.9417910447761194,
        0.9626865671641791,
        0.9298507462686567,
        0.9626865671641791,
        0.8940298507462686,
        0.917910447761194,
        0.9029850746268657,
        0.7029850746268657,
        0.8552238805970149
    ],
    "GreedyTotal":[
        0.6940298507462687,
        0.6492537313432837,
        0.6402985074626866,
        0.8791044776119403,
        0.7000000000000001,
        0.8671641791044776,
        0.9149253731343284,
        0.4940298507462687,
        0.6223880597014926,
        0.7179104477611941,
        0.891044776119403,
        0.7238805970149255,
        0.6402985074626866,
        0.891044776119403,
        0.7776119402985074,
        0.5865671641791045,
        0.6164179104477613,
        0.8194029850746268,
        0.5447761194029851,
        0.4283582089552239,
        0.9059701492537314,
        0.8880597014925373,
        0.891044776119403,
        0.8104477611940298,
        0.908955223880597,
        0.926865671641791,
        0.5656716417910448,
        0.7000000000000001,
        0.7776119402985074,
        0.8492537313432836,
        0.891044776119403,
        0.5626865671641791,
        0.7985074626865672,
        0.6820895522388061,
        0.6970149253731344,
        0.7149253731343284,
        0.9328358208955224,
        0.6970149253731344,
        0.6164179104477613,
        0.873134328358209,
        0.8880597014925373,
        0.7238805970149255,
        0.8462686567164179,
        0.7925373134328358,
        0.8253731343283582,
        0.7238805970149255,
        0.6164179104477613,
        0.6343283582089553,
        0.9537313432835821,
        0.882089552238806,
        0.7567164179104479,
        0.8194029850746268,
        0.8552238805970149,
        0.7059701492537314,
        0.7417910447761195,
        0.8223880597014925,
        0.873134328358209,
        0.9059701492537314,
        0.8761194029850746,
        0.8492537313432836,
        0.8492537313432836,
        0.9029850746268657,
        0.8582089552238806,
        0.873134328358209,
        0.735820895522388,
        0.8522388059701492,
        0.664179104477612,
        0.8582089552238806,
        0.6373134328358209
    ]
}