{
    "AdditionalTotal":[
        0.9782608695652173,
        0.9721554116558742,
        0.9636447733580018,
        0.9791859389454208,
        0.9749306197964847,
        0.9860314523589269,
        0.9849213691026827,
        0.9601295097132284,
        0.9804810360777058,
        0.979740980573543,
        0.9788159111933394,
        0.9773358001850139,
        0.9802960222016651,
        0.9821461609620721,
        0.9806660499537465,
        0.9754856614246068,
        0.9671600370027752,
        0.9864014801110083,
        0.9619796484736355,
        0.9677150786308972,
        0.974745605920444,
        0.9839962997224792,
        0.9843663274745605,
        0.9886216466234967,
        0.9804810360777058,
        0.9873265494912118,
        0.9725254394079555,
        0.9802960222016651,
        0.9854764107308047,
        0.9854764107308047,
        0.9845513413506013,
        0.9778908418131359,
        0.9801110083256244,
        0.9714153561517114,
        0.9764107308048103,
        0.9738205365402405,
        0.9843663274745605,
        0.9688251618871415,
        0.979740980573543,
        0.9886216466234967,
        0.9901017576318223,
        0.9721554116558742,
        0.9847363552266419,
        0.9860314523589269,
        0.9817761332099907,
        0.9699352451433857,
        0.964754856614246,
        0.9693802035152635,
        0.9825161887141535,
        0.9836262719703978,
        0.9875115633672525,
        0.9812210915818685,
        0.9732654949121183,
        0.9802960222016651,
        0.9912118408880666,
        0.9858464384828862,
        0.9847363552266419,
        0.982886216466235,
        0.990286771507863,
        0.9769657724329325,
        0.9862164662349676,
        0.9801110083256244,
        0.9845513413506013,
        0.9823311748381128,
        0.9788159111933394,
        0.9839962997224792,
        0.9882516188714153,
        0.9728954671600369,
        0.9710453283996299
    ],
    "GreedyAdditional":[
        0.908955223880597,
        0.6791044776119403,
        0.8701492537313433,
        0.9208955223880597,
        0.7835820895522388,
        0.9567164179104478,
        0.9746268656716418,
        0.7805970149253731,
        0.8343283582089552,
        0.8462686567164179,
        0.7716417910447761,
        0.8522388059701492,
        0.8313432835820896,
        0.9388059701492537,
        0.8462686567164179,
        0.7567164179104479,
        0.8432835820895522,
        0.8462686567164179,
        0.7985074626865672,
        0.8014925373134328,
        0.9507462686567164,
        0.9328358208955224,
        0.9626865671641791,
        0.9507462686567164,
        0.9447761194029851,
        0.926865671641791,
        0.6701492537313433,
        0.7179104477611941,
        0.8880597014925373,
        0.9388059701492537,
        0.9597014925373134,
        0.735820895522388,
        0.9388059701492537,
        0.8283582089552239,
        0.908955223880597,
        0.9,
        0.9626865671641791,
        0.7268656716417911,
        0.6940298507462687,
        0.9686567164179105,
        0.9686567164179105,
        0.891044776119403,
        0.9417910447761194,
        0.8552238805970149,
        0.908955223880597,
        0.8641791044776119,
        0.7149253731343284,
        0.7059701492537314,
        0.9686567164179105,
        0.9328358208955224,
        0.8611940298507462,
        0.9059701492537314,
        0.8432835820895522,
        0.8164179104477612,
        0.908955223880597,
        0.9238805970149254,
        0.9507462686567164,
        0.9597014925373134,
        0.9626865671641791,
        0.9,
        0.9417910447761194,
        0.9626865671641791,
        0.9298507462686567,
        0.9626865671641791,
        0.8940298507462686,
        0.917910447761194,
        0.9029850746268657,
        0.7029850746268657,
        0.8552238805970149
    ],
    "GreedyAdditionalNew":[
        0.9626865671641791,
        0.6701492537313433,
        0.917910447761194,
        0.9029850746268657,
        0.7507462686567165,
        0.9447761194029851,
        0.9656716417910448,
        0.882089552238806,
        0.8044776119402985,
        0.8194029850746268,
        0.7567164179104479,
        0.8253731343283582,
        0.8014925373134328,
        0.926865671641791,
        0.8194029850746268,
        0.735820895522388,
        0.8850746268656716,
        0.8880597014925373,
        0.9029850746268657,
        0.9059701492537314,
        0.9388059701492537,
        0.917910447761194,
        0.9507462686567164,
        0.9388059701492537,
        0.9328358208955224,
        0.908955223880597,
        0.6402985074626866,
        0.7417910447761195,
        0.8641791044776119,
        0.9208955223880597,
        0.9477611940298508,
        0.7626865671641792,
        0.926865671641791,
        0.8611940298507462,
        0.9597014925373134,
        0.9507462686567164,
        0.9537313432835821,
        0.7746268656716419,
        0.664179104477612,
        0.9567164179104478,
        0.9567164179104478,
        0.9417910447761194,
        0.926865671641791,
        0.8492537313432836,
        0.8880597014925373,
        0.9059701492537314,
        0.7597014925373134,
        0.7477611940298508,
        0.9597014925373134,
        0.9149253731343284,
        0.8970149253731343,
        0.8850746268656716,
        0.8104477611940298,
        0.8104477611940298,
        0.891044776119403,
        0.9059701492537314,
        0.9358208955223881,
        0.9477611940298508,
        0.9507462686567164,
        0.8791044776119403,
        0.9238805970149254,
        0.9507462686567164,
        0.9119402985074627,
        0.9567164179104478,
        0.873134328358209,
        0.9,
        0.882089552238806,
        0.6761194029850747,
        0.8970149253731343
    ],
    "GreedyTotal":[
        0.6940298507462687,
        0.6492537313432837,
        0.6402985074626866,
        0.8791044776119403,
        0.7000000000000001,
        0.8671641791044776,
        0.9149253731343284,
        0.4940298507462687,
        0.6223880597014926,
        0.7179104477611941,
        0.891044776119403,
        0.7238805970149255,
        0.6402985074626866,
        0.891044776119403,
        0.7776119402985074,
        0.5865671641791045,
        0.6164179104477613,
        0.8194029850746268,
        0.5447761194029851,
        0.4283582089552239,
        0.9059701492537314,
        0.8880597014925373,
        0.891044776119403,
        0.8104477611940298,
        0.908955223880597,
        0.926865671641791,
        0.5656716417910448,
        0.7000000000000001,
        0.7776119402985074,
        0.8492537313432836,
        0.891044776119403,
        0.5626865671641791,
        0.7985074626865672,
        0.6820895522388061,
        0.6970149253731344,
        0.7149253731343284,
        0.9328358208955224,
        0.6970149253731344,
        0.6164179104477613,
        0.873134328358209,
        0.8880597014925373,
        0.7238805970149255,
        0.8462686567164179,
        0.7925373134328358,
        0.8253731343283582,
        0.7238805970149255,
        0.6164179104477613,
        0.6343283582089553,
        0.9537313432835821,
        0.882089552238806,
        0.7567164179104479,
        0.8194029850746268,
        0.8552238805970149,
        0.7059701492537314,
        0.7417910447761195,
        0.8223880597014925,
        0.873134328358209,
        0.9059701492537314,
        0.8761194029850746,
        0.8492537313432836,
        0.8492537313432836,
        0.9029850746268657,
        0.8582089552238806,
        0.873134328358209,
        0.735820895522388,
        0.8522388059701492,
        0.664179104477612,
        0.8582089552238806,
        0.6373134328358209
    ]
}