{
    "ARTMaxMin":[
        0.5932835820895523,
        0.4552238805970149,
        0.3283582089552239,
        0.4388059701492537,
        0.7064676616915423,
        0.44029850746268656,
        0.6007462686567164,
        0.4477611940298507,
        0.43656716417910446,
        0.5858208955223879,
        0.4477611940298507,
        0.40671641791044777,
        0.44776119402985076,
        0.5485074626865671,
        0.8805970149253731,
        0.7810945273631841,
        0.37810945273631846,
        0.4291044776119403,
        0.6218905472636815,
        0.4477611940298507,
        0.6865671641791046,
        0.5037313432835822,
        0.4119402985074627,
        0.8477611940298508,
        0.5472636815920398,
        0.4208955223880597,
        0.6865671641791045,
        0.5522388059701493,
        0.4216417910447761,
        0.4962686567164179,
        0.33134328358208953,
        0.7686567164179106,
        0.5522388059701492,
        0.5335820895522388,
        0.572139303482587,
        0.6069651741293532,
        0.7641791044776121,
        0.3034825870646766,
        0.5186567164179104,
        0.653731343283582,
        0.8507462686567164,
        0.5298507462686567,
        0.582089552238806,
        0.573134328358209,
        0.4776119402985074,
        0.5149253731343284,
        0.4577114427860696,
        0.7985074626865671,
        0.6029850746268657,
        0.6069651741293532,
        0.5194029850746269,
        0.29850746268656714,
        0.2328358208955224,
        0.5373134328358209,
        0.6895522388059703,
        0.5186567164179104,
        0.5582089552238807,
        0.664179104477612,
        0.8805970149253731,
        0.7761194029850746,
        0.6119402985074627,
        0.582089552238806,
        0.6194029850746268,
        0.5104477611940299,
        0.40671641791044777,
        0.6044776119402986,
        0.8507462686567164,
        0.7412935323383084,
        0.4776119402985075
    ],
    "Genetic":[
        0.6082089552238805,
        0.5746268656716418,
        0.6119402985074628,
        0.6119402985074627,
        0.6368159203980099,
        0.582089552238806,
        0.6119402985074627,
        0.5671641791044776,
        0.30970149253731344,
        0.6343283582089553,
        0.5492537313432835,
        0.6007462686567164,
        0.33582089552238803,
        0.7723880597014925,
        0.7985074626865671,
        0.6119402985074627,
        0.36815920398009955,
        0.6007462686567164,
        0.7611940298507464,
        0.5671641791044776,
        0.9104477611940297,
        0.6753731343283582,
        0.5283582089552239,
        0.7402985074626866,
        0.7761194029850746,
        0.7522388059701492,
        0.7537313432835822,
        0.6766169154228855,
        0.39925373134328357,
        0.7537313432835822,
        0.4388059701492537,
        0.6604477611940298,
        0.21890547263681592,
        0.33955223880597013,
        0.7562189054726368,
        0.7512437810945274,
        0.7701492537313432,
        0.6865671641791046,
        0.291044776119403,
        0.6268656716417911,
        0.8895522388059701,
        0.6492537313432836,
        0.6447761194029852,
        0.5552238805970149,
        0.5462686567164179,
        0.6044776119402985,
        0.6616915422885572,
        0.7537313432835822,
        0.817910447761194,
        0.6716417910447761,
        0.5940298507462687,
        0.4477611940298507,
        0.39104477611940297,
        0.6069651741293532,
        0.5194029850746269,
        0.5671641791044776,
        0.6925373134328359,
        0.8320895522388061,
        0.8059701492537312,
        0.6656716417910447,
        0.5313432835820895,
        0.6865671641791045,
        0.6455223880597015,
        0.7074626865671643,
        0.32089552238805974,
        0.5970149253731343,
        0.6865671641791046,
        0.6865671641791046,
        0.5621890547263682
    ],
    "GreedyAdditional":[
        0.5783582089552238,
        0.26865671641791045,
        0.3980099502487562,
        0.435820895522388,
        0.48756218905472637,
        0.585820895522388,
        0.4962686567164179,
        0.5522388059701493,
        0.376865671641791,
        0.5223880597014925,
        0.41492537313432837,
        0.6044776119402986,
        0.4253731343283582,
        0.6604477611940298,
        0.6231343283582089,
        0.6169154228855721,
        0.3432835820895523,
        0.45895522388059706,
        0.572139303482587,
        0.5522388059701493,
        0.6019900497512437,
        0.5634328358208955,
        0.426865671641791,
        0.6149253731343284,
        0.5572139303482587,
        0.4925373134328358,
        0.5820895522388059,
        0.43283582089552236,
        0.43283582089552236,
        0.7126865671641791,
        0.3880597014925373,
        0.5074626865671642,
        0.18407960199004977,
        0.21268656716417908,
        0.5970149253731344,
        0.6218905472636816,
        0.6537313432835822,
        0.41791044776119407,
        0.2835820895522388,
        0.49850746268656715,
        0.7373134328358211,
        0.585820895522388,
        0.4985074626865672,
        0.32835820895522383,
        0.45074626865671635,
        0.3656716417910448,
        0.41293532338308453,
        0.7537313432835822,
        0.6149253731343284,
        0.4626865671641791,
        0.4477611940298507,
        0.34925373134328364,
        0.31940298507462683,
        0.5074626865671642,
        0.4955223880597015,
        0.42910447761194026,
        0.4746268656716418,
        0.6044776119402985,
        0.6895522388059702,
        0.45074626865671635,
        0.44477611940298506,
        0.6455223880597014,
        0.4962686567164179,
        0.5671641791044777,
        0.3208955223880597,
        0.41417910447761197,
        0.5671641791044776,
        0.47761194029850745,
        0.42786069651741293
    ],
    "GreedyTotal":[
        0.34701492537313433,
        0.11940298507462686,
        0.1691542288557214,
        0.25671641791044775,
        0.3333333333333333,
        0.48134328358208955,
        0.3694029850746268,
        0.4925373134328358,
        0.27238805970149255,
        0.34328358208955223,
        0.2417910447761194,
        0.42164179104477617,
        0.2723880597014925,
        0.41417910447761197,
        0.3768656716417911,
        0.43781094527363185,
        0.2338308457711443,
        0.2537313432835821,
        0.3781094527363184,
        0.4925373134328358,
        0.42288557213930345,
        0.39925373134328357,
        0.2716417910447761,
        0.3611940298507463,
        0.2288557213930348,
        0.31641791044776124,
        0.208955223880597,
        0.19402985074626866,
        0.2947761194029851,
        0.5298507462686567,
        0.21492537313432836,
        0.1417910447761194,
        0.10945273631840796,
        0.06716417910447761,
        0.5870646766169153,
        0.4129353233830846,
        0.4567164179104477,
        0.29353233830845765,
        0.14925373134328357,
        0.3940298507462686,
        0.5223880597014925,
        0.3283582089552239,
        0.3492537313432836,
        0.18507462686567164,
        0.2746268656716418,
        0.2052238805970149,
        0.20895522388059704,
        0.5447761194029851,
        0.3611940298507462,
        0.25870646766169153,
        0.3582089552238806,
        0.22686567164179103,
        0.1970149253731343,
        0.2338308457711443,
        0.4119402985074627,
        0.2835820895522388,
        0.30149253731343284,
        0.39179104477611937,
        0.46268656716417905,
        0.23283582089552235,
        0.3402985074626866,
        0.47761194029850745,
        0.3544776119402985,
        0.29253731343283584,
        0.2164179104477612,
        0.25,
        0.3059701492537314,
        0.3034825870646766,
        0.3233830845771144
    ]
}