{
    "ARTMaxMin":[
        0.7611940298507462,
        0.2835820895522388,
        0.572139303482587,
        0.591044776119403,
        0.6218905472636815,
        0.6194029850746269,
        0.7537313432835822,
        0.7014925373134329,
        0.5559701492537313,
        0.667910447761194,
        0.5373134328358209,
        0.5746268656716418,
        0.4701492537313433,
        0.7611940298507462,
        0.835820895522388,
        0.6616915422885572,
        0.47761194029850745,
        0.630597014925373,
        0.7860696517412936,
        0.7014925373134329,
        0.7213930348258707,
        0.5932835820895522,
        0.5880597014925373,
        0.7940298507462686,
        0.6318407960199005,
        0.7074626865671643,
        0.5671641791044777,
        0.5373134328358209,
        0.6604477611940298,
        0.667910447761194,
        0.5313432835820896,
        0.6641791044776119,
        0.6069651741293532,
        0.5895522388059702,
        0.8208955223880597,
        0.7313432835820896,
        0.835820895522388,
        0.38805970149253727,
        0.5373134328358209,
        0.7582089552238805,
        0.871641791044776,
        0.6007462686567164,
        0.835820895522388,
        0.5970149253731343,
        0.4835820895522388,
        0.7238805970149254,
        0.7462686567164178,
        0.8582089552238805,
        0.6716417910447762,
        0.7313432835820896,
        0.5611940298507463,
        0.5940298507462687,
        0.4119402985074627,
        0.6517412935323383,
        0.808955223880597,
        0.6492537313432836,
        0.737313432835821,
        0.7425373134328357,
        0.8835820895522388,
        0.7283582089552239,
        0.6865671641791045,
        0.7462686567164178,
        0.7985074626865671,
        0.6507462686567165,
        0.46268656716417905,
        0.7201492537313432,
        0.7649253731343283,
        0.7562189054726369,
        0.572139303482587
    ],
    "Genetic":[
        0.8358208955223881,
        0.3656716417910448,
        0.7064676616915423,
        0.6955223880597015,
        0.5771144278606966,
        0.8283582089552239,
        0.7574626865671642,
        0.7238805970149254,
        0.8059701492537314,
        0.7649253731343284,
        0.7940298507462686,
        0.7761194029850746,
        0.8917910447761194,
        0.7238805970149254,
        0.8059701492537314,
        0.7064676616915424,
        0.7761194029850746,
        0.7052238805970149,
        0.7611940298507461,
        0.7238805970149254,
        0.7661691542288557,
        0.6380597014925373,
        0.7313432835820896,
        0.8865671641791046,
        0.7412935323383084,
        0.5402985074626865,
        0.7462686567164178,
        0.49253731343283585,
        0.7947761194029851,
        0.6940298507462688,
        0.737313432835821,
        0.6380597014925373,
        0.5572139303482587,
        0.6529850746268657,
        0.7412935323383084,
        0.8059701492537313,
        0.8686567164179104,
        0.5124378109452736,
        0.6529850746268657,
        0.7432835820895523,
        0.9194029850746268,
        0.667910447761194,
        0.835820895522388,
        0.5313432835820895,
        0.5611940298507463,
        0.6865671641791045,
        0.6268656716417911,
        0.8134328358208955,
        0.7671641791044777,
        0.6169154228855721,
        0.608955223880597,
        0.5761194029850747,
        0.608955223880597,
        0.6716417910447761,
        0.746268656716418,
        0.6082089552238805,
        0.7164179104477613,
        0.75,
        0.9164179104477611,
        0.7970149253731342,
        0.7194029850746269,
        0.8208955223880597,
        0.791044776119403,
        0.791044776119403,
        0.7052238805970149,
        0.6007462686567164,
        0.8992537313432836,
        0.7064676616915424,
        0.900497512437811
    ],
    "GreedyAdditional":[
        0.8283582089552239,
        0.5373134328358209,
        0.6218905472636816,
        0.6776119402985075,
        0.7263681592039801,
        0.8246268656716418,
        0.7835820895522388,
        0.8507462686567164,
        0.6791044776119403,
        0.6492537313432836,
        0.6059701492537313,
        0.6604477611940298,
        0.6977611940298508,
        0.8432835820895522,
        0.8395522388059701,
        0.7810945273631841,
        0.7661691542288557,
        0.7835820895522387,
        0.6119402985074627,
        0.8507462686567164,
        0.9751243781094526,
        0.7462686567164178,
        0.6925373134328358,
        0.8447761194029851,
        0.8855721393034827,
        0.6716417910447761,
        0.8805970149253731,
        0.49253731343283585,
        0.6417910447761195,
        0.6380597014925373,
        0.755223880597015,
        0.5708955223880596,
        0.472636815920398,
        0.5,
        0.8805970149253731,
        0.8805970149253731,
        0.8477611940298507,
        0.48756218905472637,
        0.5783582089552239,
        0.7014925373134329,
        0.8686567164179104,
        0.7537313432835822,
        0.6955223880597016,
        0.6507462686567165,
        0.608955223880597,
        0.6305970149253731,
        0.5671641791044776,
        0.8507462686567164,
        0.9402985074626866,
        0.7014925373134329,
        0.7044776119402985,
        0.5761194029850747,
        0.5104477611940299,
        0.8009950248756219,
        0.6865671641791045,
        0.5970149253731343,
        0.7313432835820896,
        0.8955223880597014,
        0.8208955223880597,
        0.782089552238806,
        0.6477611940298507,
        0.8955223880597014,
        0.7947761194029851,
        0.8955223880597014,
        0.6417910447761194,
        0.6343283582089552,
        0.8097014925373135,
        0.6766169154228855,
        0.7860696517412936
    ],
    "GreedyTotal":[
        0.376865671641791,
        0.14925373134328357,
        0.25870646766169153,
        0.4089552238805971,
        0.3333333333333333,
        0.43656716417910446,
        0.5186567164179104,
        0.34328358208955223,
        0.43283582089552236,
        0.4440298507462686,
        0.31940298507462683,
        0.7313432835820896,
        0.5485074626865671,
        0.39179104477611937,
        0.6417910447761195,
        0.3582089552238806,
        0.36318407960199006,
        0.10074626865671642,
        0.29850746268656714,
        0.34328358208955223,
        0.427860696517413,
        0.3656716417910448,
        0.3791044776119403,
        0.6776119402985075,
        0.24378109452736316,
        0.5104477611940299,
        0.35074626865671643,
        0.10945273631840795,
        0.34328358208955223,
        0.7014925373134328,
        0.23283582089552235,
        0.22388059701492538,
        0.04975124378109452,
        0.05223880597014925,
        0.43283582089552236,
        0.3582089552238806,
        0.5074626865671641,
        0.263681592039801,
        0.31343283582089554,
        0.5194029850746269,
        0.6626865671641792,
        0.25,
        0.3582089552238806,
        0.2,
        0.40597014925373137,
        0.26119402985074625,
        0.3283582089552239,
        0.6865671641791045,
        0.5074626865671641,
        0.24875621890547261,
        0.18208955223880596,
        0.09850746268656715,
        0.28656716417910444,
        0.10447761194029849,
        0.4208955223880597,
        0.4925373134328358,
        0.4776119402985074,
        0.49626865671641796,
        0.6417910447761195,
        0.48955223880597015,
        0.5552238805970149,
        0.45149253731343286,
        0.3619402985074627,
        0.2716417910447761,
        0.23507462686567163,
        0.19402985074626866,
        0.38432835820895517,
        0.47263681592039797,
        0.6169154228855721
    ]
}