{
    "AdditionalTotal":[
        0.8283582089552239,
        0.5373134328358209,
        0.6218905472636816,
        0.6776119402985075,
        0.7263681592039801,
        0.8246268656716418,
        0.7835820895522388,
        0.8507462686567164,
        0.6791044776119403,
        0.6492537313432836,
        0.6059701492537313,
        0.6604477611940298,
        0.6977611940298508,
        0.8432835820895522,
        0.8395522388059701,
        0.7810945273631841,
        0.7661691542288557,
        0.7835820895522387,
        0.6119402985074627,
        0.8507462686567164,
        0.9751243781094526,
        0.7462686567164178,
        0.6925373134328358,
        0.8447761194029851,
        0.8855721393034827,
        0.6716417910447761,
        0.8805970149253731,
        0.49253731343283585,
        0.6417910447761195,
        0.6380597014925373,
        0.755223880597015,
        0.5708955223880596,
        0.472636815920398,
        0.5,
        0.8805970149253731,
        0.8805970149253731,
        0.8477611940298507,
        0.48756218905472637,
        0.5783582089552239,
        0.7014925373134329,
        0.8686567164179104,
        0.7537313432835822,
        0.6955223880597016,
        0.6507462686567165,
        0.608955223880597,
        0.6305970149253731,
        0.5671641791044776,
        0.8507462686567164,
        0.9402985074626866,
        0.7014925373134329,
        0.7044776119402985,
        0.5761194029850747,
        0.5104477611940299,
        0.8009950248756219,
        0.6865671641791045,
        0.5970149253731343,
        0.7313432835820896,
        0.8955223880597014,
        0.8208955223880597,
        0.782089552238806,
        0.6477611940298507,
        0.8955223880597014,
        0.7947761194029851,
        0.8955223880597014,
        0.6417910447761194,
        0.6343283582089552,
        0.8097014925373135,
        0.6766169154228855,
        0.7860696517412936
    ],
    "GreedyAdditional":[
        0.8283582089552239,
        0.5373134328358209,
        0.6218905472636816,
        0.6776119402985075,
        0.7263681592039801,
        0.8246268656716418,
        0.7835820895522388,
        0.8507462686567164,
        0.6791044776119403,
        0.6492537313432836,
        0.6059701492537313,
        0.6604477611940298,
        0.6977611940298508,
        0.8432835820895522,
        0.8395522388059701,
        0.7810945273631841,
        0.7661691542288557,
        0.7835820895522387,
        0.6119402985074627,
        0.8507462686567164,
        0.9751243781094526,
        0.7462686567164178,
        0.6925373134328358,
        0.8447761194029851,
        0.8855721393034827,
        0.6716417910447761,
        0.8805970149253731,
        0.49253731343283585,
        0.6417910447761195,
        0.6380597014925373,
        0.755223880597015,
        0.5708955223880596,
        0.472636815920398,
        0.5,
        0.8805970149253731,
        0.8805970149253731,
        0.8477611940298507,
        0.48756218905472637,
        0.5783582089552239,
        0.7014925373134329,
        0.8686567164179104,
        0.7537313432835822,
        0.6955223880597016,
        0.6507462686567165,
        0.608955223880597,
        0.6305970149253731,
        0.5671641791044776,
        0.8507462686567164,
        0.9402985074626866,
        0.7014925373134329,
        0.7044776119402985,
        0.5761194029850747,
        0.5104477611940299,
        0.8009950248756219,
        0.6865671641791045,
        0.5970149253731343,
        0.7313432835820896,
        0.8955223880597014,
        0.8208955223880597,
        0.782089552238806,
        0.6477611940298507,
        0.8955223880597014,
        0.7947761194029851,
        0.8955223880597014,
        0.6417910447761194,
        0.6343283582089552,
        0.8097014925373135,
        0.6766169154228855,
        0.7860696517412936
    ],
    "GreedyAdditionalSimilarity":[
        0.41417910447761197,
        0.19402985074626863,
        0.30845771144278605,
        0.417910447761194,
        0.29850746268656714,
        0.47388059701492535,
        0.5335820895522388,
        0.3805970149253731,
        0.30970149253731344,
        0.4440298507462686,
        0.2835820895522388,
        0.7388059701492538,
        0.4962686567164179,
        0.47388059701492535,
        0.6828358208955224,
        0.5422885572139303,
        0.3880597014925373,
        0.16044776119402984,
        0.3383084577114428,
        0.3805970149253731,
        0.6567164179104478,
        0.5373134328358209,
        0.4,
        0.6805970149253731,
        0.3283582089552239,
        0.4,
        0.3805970149253731,
        0.20895522388059704,
        0.38432835820895517,
        0.7985074626865672,
        0.2298507462686567,
        0.2052238805970149,
        0.029850746268656716,
        0.029850746268656712,
        0.5572139303482587,
        0.6268656716417911,
        0.6507462686567164,
        0.4079601990049751,
        0.2798507462686567,
        0.4865671641791045,
        0.6507462686567165,
        0.3470149253731344,
        0.3761194029850746,
        0.24776119402985075,
        0.5223880597014925,
        0.24626865671641793,
        0.31840796019900497,
        0.7686567164179104,
        0.5462686567164179,
        0.18407960199004977,
        0.25373134328358204,
        0.15820895522388062,
        0.2298507462686567,
        0.16417910447761194,
        0.408955223880597,
        0.5261194029850746,
        0.4656716417910448,
        0.5783582089552239,
        0.5761194029850747,
        0.5373134328358209,
        0.5014925373134329,
        0.5932835820895522,
        0.44029850746268656,
        0.3074626865671642,
        0.2052238805970149,
        0.2649253731343284,
        0.33208955223880593,
        0.44278606965174133,
        0.6069651741293532
    ],
    "GreedyTotal":[
        0.376865671641791,
        0.14925373134328357,
        0.25870646766169153,
        0.4089552238805971,
        0.3333333333333333,
        0.43656716417910446,
        0.5186567164179104,
        0.34328358208955223,
        0.43283582089552236,
        0.4440298507462686,
        0.31940298507462683,
        0.7313432835820896,
        0.5485074626865671,
        0.39179104477611937,
        0.6417910447761195,
        0.3582089552238806,
        0.36318407960199006,
        0.10074626865671642,
        0.29850746268656714,
        0.34328358208955223,
        0.427860696517413,
        0.3656716417910448,
        0.3791044776119403,
        0.6776119402985075,
        0.24378109452736316,
        0.5104477611940299,
        0.35074626865671643,
        0.10945273631840795,
        0.34328358208955223,
        0.7014925373134328,
        0.23283582089552235,
        0.22388059701492538,
        0.04975124378109452,
        0.05223880597014925,
        0.43283582089552236,
        0.3582089552238806,
        0.5074626865671641,
        0.263681592039801,
        0.31343283582089554,
        0.5194029850746269,
        0.6626865671641792,
        0.25,
        0.3582089552238806,
        0.2,
        0.40597014925373137,
        0.26119402985074625,
        0.3283582089552239,
        0.6865671641791045,
        0.5074626865671641,
        0.24875621890547261,
        0.18208955223880596,
        0.09850746268656715,
        0.28656716417910444,
        0.10447761194029849,
        0.4208955223880597,
        0.4925373134328358,
        0.4776119402985074,
        0.49626865671641796,
        0.6417910447761195,
        0.48955223880597015,
        0.5552238805970149,
        0.45149253731343286,
        0.3619402985074627,
        0.2716417910447761,
        0.23507462686567163,
        0.19402985074626866,
        0.38432835820895517,
        0.47263681592039797,
        0.6169154228855721
    ]
}