{
    "AdditionalTotal":[
        0.6902985074626866,
        0.6044776119402985,
        0.4825870646766169,
        0.6746268656716419,
        0.5323383084577115,
        0.6305970149253731,
        0.7649253731343284,
        0.708955223880597,
        0.6044776119402986,
        0.7014925373134329,
        0.5462686567164179,
        0.8582089552238805,
        0.6007462686567164,
        0.6305970149253731,
        0.8134328358208955,
        0.6019900497512437,
        0.537313432835821,
        0.46641791044776126,
        0.6567164179104478,
        0.708955223880597,
        0.890547263681592,
        0.5485074626865671,
        0.6059701492537314,
        0.8119402985074627,
        0.7512437810945274,
        0.5970149253731344,
        0.7611940298507462,
        0.47263681592039797,
        0.48880597014925375,
        0.8470149253731343,
        0.5552238805970149,
        0.5671641791044776,
        0.30845771144278605,
        0.21641791044776118,
        0.6716417910447762,
        0.6766169154228855,
        0.773134328358209,
        0.48756218905472637,
        0.3880597014925373,
        0.7104477611940299,
        0.8298507462686567,
        0.7089552238805971,
        0.5611940298507463,
        0.5820895522388059,
        0.5970149253731344,
        0.5597014925373134,
        0.5671641791044776,
        0.7462686567164178,
        0.8865671641791044,
        0.6268656716417911,
        0.4477611940298507,
        0.2955223880597015,
        0.4955223880597015,
        0.472636815920398,
        0.5671641791044777,
        0.6604477611940298,
        0.7044776119402986,
        0.8208955223880596,
        0.826865671641791,
        0.7910447761194029,
        0.7223880597014926,
        0.7350746268656716,
        0.6567164179104478,
        0.6507462686567165,
        0.5261194029850746,
        0.5895522388059702,
        0.5746268656716418,
        0.7761194029850746,
        0.8159203980099502
    ],
    "GreedyAdditional":[
        0.6902985074626866,
        0.6044776119402985,
        0.4825870646766169,
        0.6746268656716419,
        0.5323383084577115,
        0.6305970149253731,
        0.7649253731343284,
        0.708955223880597,
        0.6044776119402986,
        0.7014925373134329,
        0.5462686567164179,
        0.8582089552238805,
        0.6007462686567164,
        0.6305970149253731,
        0.8134328358208955,
        0.6019900497512437,
        0.537313432835821,
        0.46641791044776126,
        0.6567164179104478,
        0.708955223880597,
        0.890547263681592,
        0.5485074626865671,
        0.6059701492537314,
        0.8119402985074627,
        0.7512437810945274,
        0.5970149253731344,
        0.7611940298507462,
        0.47263681592039797,
        0.48880597014925375,
        0.8470149253731343,
        0.5552238805970149,
        0.5671641791044776,
        0.30845771144278605,
        0.21641791044776118,
        0.6716417910447762,
        0.6766169154228855,
        0.773134328358209,
        0.48756218905472637,
        0.3880597014925373,
        0.7104477611940299,
        0.8298507462686567,
        0.7089552238805971,
        0.5611940298507463,
        0.5820895522388059,
        0.5970149253731344,
        0.5597014925373134,
        0.5671641791044776,
        0.7462686567164178,
        0.8865671641791044,
        0.6268656716417911,
        0.4477611940298507,
        0.2955223880597015,
        0.4955223880597015,
        0.472636815920398,
        0.5671641791044777,
        0.6604477611940298,
        0.7044776119402986,
        0.8208955223880596,
        0.826865671641791,
        0.7910447761194029,
        0.7223880597014926,
        0.7350746268656716,
        0.6567164179104478,
        0.6507462686567165,
        0.5261194029850746,
        0.5895522388059702,
        0.5746268656716418,
        0.7761194029850746,
        0.8159203980099502
    ],
    "GreedyAdditionalSimilarity":[
        0.4141791044776119,
        0.29850746268656714,
        0.2835820895522388,
        0.5402985074626866,
        0.44278606965174133,
        0.5447761194029851,
        0.6305970149253731,
        0.835820895522388,
        0.5149253731343284,
        0.5597014925373134,
        0.2746268656716418,
        0.7126865671641791,
        0.5,
        0.39925373134328357,
        0.6044776119402985,
        0.5323383084577115,
        0.31343283582089554,
        0.06716417910447761,
        0.5124378109452736,
        0.835820895522388,
        0.6069651741293532,
        0.5298507462686567,
        0.4686567164179104,
        0.7014925373134329,
        0.25870646766169153,
        0.573134328358209,
        0.4850746268656716,
        0.20398009950248755,
        0.5,
        0.7574626865671641,
        0.2835820895522388,
        0.18656716417910446,
        0.16417910447761194,
        0.15298507462686567,
        0.8059701492537313,
        0.45273631840796025,
        0.5970149253731343,
        0.427860696517413,
        0.2947761194029851,
        0.6447761194029852,
        0.7611940298507462,
        0.3544776119402985,
        0.5223880597014926,
        0.2656716417910448,
        0.5432835820895523,
        0.3731343283582089,
        0.48756218905472637,
        0.8582089552238806,
        0.7014925373134328,
        0.43283582089552236,
        0.41492537313432837,
        0.35522388059701493,
        0.4955223880597015,
        0.06467661691542288,
        0.4388059701492537,
        0.5074626865671642,
        0.5044776119402985,
        0.6865671641791045,
        0.7104477611940299,
        0.3970149253731344,
        0.608955223880597,
        0.6529850746268657,
        0.3731343283582089,
        0.28656716417910444,
        0.22388059701492538,
        0.27238805970149255,
        0.26865671641791045,
        0.5323383084577115,
        0.572139303482587
    ],
    "GreedyTotal":[
        0.3582089552238806,
        0.17910447761194032,
        0.2338308457711443,
        0.45373134328358206,
        0.5124378109452737,
        0.47014925373134325,
        0.5074626865671641,
        0.35074626865671643,
        0.3470149253731343,
        0.5223880597014925,
        0.391044776119403,
        0.585820895522388,
        0.48880597014925375,
        0.40671641791044777,
        0.48507462686567165,
        0.3532338308457712,
        0.35323383084577115,
        0.06343283582089551,
        0.3582089552238806,
        0.35074626865671643,
        0.42288557213930345,
        0.3805970149253731,
        0.34328358208955223,
        0.43582089552238806,
        0.1990049751243781,
        0.6417910447761195,
        0.23880597014925373,
        0.1691542288557214,
        0.35074626865671643,
        0.5671641791044776,
        0.2059701492537313,
        0.208955223880597,
        0.04477611940298507,
        0.05223880597014925,
        0.5472636815920399,
        0.30845771144278605,
        0.5283582089552239,
        0.2935323383084577,
        0.27611940298507465,
        0.42388059701492536,
        0.6328358208955225,
        0.24253731343283583,
        0.4029850746268656,
        0.25074626865671645,
        0.44477611940298506,
        0.35074626865671643,
        0.4527363184079602,
        0.5522388059701493,
        0.47164179104477605,
        0.4626865671641791,
        0.23582089552238808,
        0.16417910447761194,
        0.2925373134328358,
        0.06965174129353234,
        0.3850746268656716,
        0.3171641791044776,
        0.5313432835820896,
        0.4402985074626866,
        0.5164179104477612,
        0.4597014925373134,
        0.5014925373134329,
        0.39925373134328357,
        0.3619402985074627,
        0.25373134328358204,
        0.22388059701492538,
        0.2537313432835821,
        0.32089552238805963,
        0.3432835820895523,
        0.6019900497512438
    ]
}