{
    "AdditionalTotal":[
        0.6902985074626866,
        0.6044776119402985,
        0.4825870646766169,
        0.6746268656716419,
        0.5323383084577115,
        0.6305970149253731,
        0.7649253731343284,
        0.708955223880597,
        0.6044776119402986,
        0.7014925373134329,
        0.5462686567164179,
        0.8582089552238805,
        0.6007462686567164,
        0.6305970149253731,
        0.8134328358208955,
        0.6019900497512437,
        0.537313432835821,
        0.46641791044776126,
        0.6567164179104478,
        0.708955223880597,
        0.890547263681592,
        0.5485074626865671,
        0.6059701492537314,
        0.8119402985074627,
        0.7512437810945274,
        0.5970149253731344,
        0.7611940298507462,
        0.47263681592039797,
        0.48880597014925375,
        0.8470149253731343,
        0.5552238805970149,
        0.5671641791044776,
        0.30845771144278605,
        0.21641791044776118,
        0.6716417910447762,
        0.6766169154228855,
        0.773134328358209,
        0.48756218905472637,
        0.3880597014925373,
        0.7104477611940299,
        0.8298507462686567,
        0.7089552238805971,
        0.5611940298507463,
        0.5820895522388059,
        0.5970149253731344,
        0.5597014925373134,
        0.5671641791044776,
        0.7462686567164178,
        0.8865671641791044,
        0.6268656716417911,
        0.4477611940298507,
        0.2955223880597015,
        0.4955223880597015,
        0.472636815920398,
        0.5671641791044777,
        0.6604477611940298,
        0.7044776119402986,
        0.8208955223880596,
        0.826865671641791,
        0.7910447761194029,
        0.7223880597014926,
        0.7350746268656716,
        0.6567164179104478,
        0.6507462686567165,
        0.5261194029850746,
        0.5895522388059702,
        0.5746268656716418,
        0.7761194029850746,
        0.8159203980099502
    ],
    "GreedyAdditional":[
        0.6902985074626866,
        0.6044776119402985,
        0.4825870646766169,
        0.6746268656716419,
        0.5323383084577115,
        0.6305970149253731,
        0.7649253731343284,
        0.708955223880597,
        0.6044776119402986,
        0.7014925373134329,
        0.5462686567164179,
        0.8582089552238805,
        0.6007462686567164,
        0.6305970149253731,
        0.8134328358208955,
        0.6019900497512437,
        0.537313432835821,
        0.46641791044776126,
        0.6567164179104478,
        0.708955223880597,
        0.890547263681592,
        0.5485074626865671,
        0.6059701492537314,
        0.8119402985074627,
        0.7512437810945274,
        0.5970149253731344,
        0.7611940298507462,
        0.47263681592039797,
        0.48880597014925375,
        0.8470149253731343,
        0.5552238805970149,
        0.5671641791044776,
        0.30845771144278605,
        0.21641791044776118,
        0.6716417910447762,
        0.6766169154228855,
        0.773134328358209,
        0.48756218905472637,
        0.3880597014925373,
        0.7104477611940299,
        0.8298507462686567,
        0.7089552238805971,
        0.5611940298507463,
        0.5820895522388059,
        0.5970149253731344,
        0.5597014925373134,
        0.5671641791044776,
        0.7462686567164178,
        0.8865671641791044,
        0.6268656716417911,
        0.4477611940298507,
        0.2955223880597015,
        0.4955223880597015,
        0.472636815920398,
        0.5671641791044777,
        0.6604477611940298,
        0.7044776119402986,
        0.8208955223880596,
        0.826865671641791,
        0.7910447761194029,
        0.7223880597014926,
        0.7350746268656716,
        0.6567164179104478,
        0.6507462686567165,
        0.5261194029850746,
        0.5895522388059702,
        0.5746268656716418,
        0.7761194029850746,
        0.8159203980099502
    ],
    "GreedyAdditionalNew":[
        0.6604477611940298,
        0.3582089552238806,
        0.48756218905472637,
        0.6656716417910448,
        0.36318407960199006,
        0.6268656716417911,
        0.7611940298507462,
        0.7388059701492538,
        0.6156716417910447,
        0.705223880597015,
        0.5343283582089552,
        0.8544776119402985,
        0.5858208955223881,
        0.6305970149253731,
        0.7910447761194029,
        0.44776119402985076,
        0.5024875621890547,
        0.4888059701492537,
        0.6517412935323382,
        0.7388059701492538,
        0.900497512437811,
        0.5335820895522387,
        0.6208955223880597,
        0.8149253731343284,
        0.7313432835820896,
        0.608955223880597,
        0.7761194029850746,
        0.5472636815920398,
        0.5111940298507462,
        0.8470149253731343,
        0.5313432835820895,
        0.5634328358208955,
        0.15422885572139303,
        0.15671641791044777,
        0.6865671641791044,
        0.681592039800995,
        0.7970149253731342,
        0.5124378109452736,
        0.376865671641791,
        0.7134328358208955,
        0.8208955223880597,
        0.6940298507462687,
        0.5671641791044777,
        0.48059701492537316,
        0.6119402985074627,
        0.5447761194029851,
        0.5771144278606966,
        0.7686567164179104,
        0.8776119402985074,
        0.6069651741293532,
        0.49850746268656715,
        0.3074626865671642,
        0.4955223880597015,
        0.46268656716417905,
        0.5791044776119403,
        0.664179104477612,
        0.6985074626865672,
        0.8395522388059702,
        0.826865671641791,
        0.6835820895522388,
        0.7104477611940297,
        0.7164179104477612,
        0.6305970149253731,
        0.6238805970149254,
        0.38805970149253727,
        0.582089552238806,
        0.5559701492537313,
        0.7562189054726369,
        0.7114427860696518
    ],
    "GreedyTotal":[
        0.3582089552238806,
        0.17910447761194032,
        0.2338308457711443,
        0.45373134328358206,
        0.5124378109452737,
        0.47014925373134325,
        0.5074626865671641,
        0.35074626865671643,
        0.3470149253731343,
        0.5223880597014925,
        0.391044776119403,
        0.585820895522388,
        0.48880597014925375,
        0.40671641791044777,
        0.48507462686567165,
        0.3532338308457712,
        0.35323383084577115,
        0.06343283582089551,
        0.3582089552238806,
        0.35074626865671643,
        0.42288557213930345,
        0.3805970149253731,
        0.34328358208955223,
        0.43582089552238806,
        0.1990049751243781,
        0.6417910447761195,
        0.23880597014925373,
        0.1691542288557214,
        0.35074626865671643,
        0.5671641791044776,
        0.2059701492537313,
        0.208955223880597,
        0.04477611940298507,
        0.05223880597014925,
        0.5472636815920399,
        0.30845771144278605,
        0.5283582089552239,
        0.2935323383084577,
        0.27611940298507465,
        0.42388059701492536,
        0.6328358208955225,
        0.24253731343283583,
        0.4029850746268656,
        0.25074626865671645,
        0.44477611940298506,
        0.35074626865671643,
        0.4527363184079602,
        0.5522388059701493,
        0.47164179104477605,
        0.4626865671641791,
        0.23582089552238808,
        0.16417910447761194,
        0.2925373134328358,
        0.06965174129353234,
        0.3850746268656716,
        0.3171641791044776,
        0.5313432835820896,
        0.4402985074626866,
        0.5164179104477612,
        0.4597014925373134,
        0.5014925373134329,
        0.39925373134328357,
        0.3619402985074627,
        0.25373134328358204,
        0.22388059701492538,
        0.2537313432835821,
        0.32089552238805963,
        0.3432835820895523,
        0.6019900497512438
    ]
}