{
    "ARTMaxMin":[
        0.664179104477612,
        0.30597014925373134,
        0.43283582089552236,
        0.47462686567164186,
        0.6865671641791046,
        0.5111940298507462,
        0.5335820895522388,
        0.4925373134328358,
        0.44402985074626866,
        0.5895522388059701,
        0.44179104477611936,
        0.4291044776119403,
        0.5186567164179104,
        0.6604477611940298,
        0.6940298507462687,
        0.7611940298507464,
        0.36815920398009955,
        0.5597014925373134,
        0.6915422885572139,
        0.4925373134328358,
        0.6218905472636816,
        0.5261194029850746,
        0.4208955223880596,
        0.7313432835820894,
        0.562189054726368,
        0.391044776119403,
        0.7014925373134329,
        0.49751243781094523,
        0.39925373134328357,
        0.6343283582089552,
        0.382089552238806,
        0.5223880597014925,
        0.36815920398009955,
        0.41417910447761197,
        0.5124378109452736,
        0.5621890547263682,
        0.6686567164179105,
        0.27363184079601993,
        0.3656716417910448,
        0.5134328358208955,
        0.791044776119403,
        0.582089552238806,
        0.573134328358209,
        0.43283582089552236,
        0.45074626865671635,
        0.5335820895522387,
        0.5621890547263682,
        0.6417910447761195,
        0.6298507462686567,
        0.5920398009950248,
        0.4417910447761194,
        0.3164179104477612,
        0.34925373134328364,
        0.5522388059701492,
        0.5283582089552239,
        0.5,
        0.5104477611940299,
        0.5149253731343284,
        0.7462686567164178,
        0.6686567164179105,
        0.4835820895522388,
        0.6380597014925373,
        0.5559701492537313,
        0.6119402985074627,
        0.39552238805970147,
        0.5111940298507462,
        0.7947761194029852,
        0.6019900497512438,
        0.46268656716417916
    ],
    "Genetic":[
        0.5746268656716418,
        0.33582089552238803,
        0.49751243781094523,
        0.6089552238805971,
        0.49253731343283585,
        0.6380597014925373,
        0.6604477611940299,
        0.7761194029850746,
        0.4141791044776119,
        0.5932835820895522,
        0.5164179104477612,
        0.5895522388059701,
        0.4477611940298507,
        0.7126865671641791,
        0.8059701492537314,
        0.6218905472636816,
        0.35323383084577115,
        0.46641791044776115,
        0.6716417910447762,
        0.7761194029850746,
        0.9303482587064676,
        0.5970149253731343,
        0.5313432835820896,
        0.6925373134328358,
        0.6716417910447762,
        0.7104477611940299,
        0.8059701492537314,
        0.5671641791044776,
        0.4328358208955224,
        0.7276119402985075,
        0.41492537313432837,
        0.5335820895522388,
        0.10447761194029852,
        0.23134328358208955,
        0.8855721393034827,
        0.6716417910447762,
        0.7970149253731342,
        0.6517412935323383,
        0.3171641791044776,
        0.6179104477611941,
        0.8417910447761194,
        0.6567164179104479,
        0.5701492537313433,
        0.40597014925373137,
        0.5552238805970149,
        0.49626865671641796,
        0.6019900497512438,
        0.8432835820895522,
        0.8925373134328358,
        0.6119402985074626,
        0.5731343283582089,
        0.3522388059701493,
        0.3701492537313433,
        0.5024875621890547,
        0.4746268656716418,
        0.48507462686567165,
        0.626865671641791,
        0.8246268656716418,
        0.7582089552238805,
        0.5970149253731344,
        0.5432835820895523,
        0.75,
        0.6044776119402985,
        0.6746268656716418,
        0.25,
        0.5223880597014925,
        0.6417910447761194,
        0.681592039800995,
        0.4626865671641791
    ],
    "GreedyAdditional":[
        0.5783582089552238,
        0.26865671641791045,
        0.3980099502487562,
        0.435820895522388,
        0.48756218905472637,
        0.585820895522388,
        0.4962686567164179,
        0.5522388059701493,
        0.376865671641791,
        0.5223880597014925,
        0.41492537313432837,
        0.6044776119402986,
        0.4253731343283582,
        0.6604477611940298,
        0.6231343283582089,
        0.6169154228855721,
        0.3432835820895523,
        0.45895522388059706,
        0.572139303482587,
        0.5522388059701493,
        0.6019900497512437,
        0.5634328358208955,
        0.426865671641791,
        0.6149253731343284,
        0.5572139303482587,
        0.4925373134328358,
        0.5820895522388059,
        0.43283582089552236,
        0.43283582089552236,
        0.7126865671641791,
        0.3880597014925373,
        0.5074626865671642,
        0.18407960199004977,
        0.21268656716417908,
        0.5970149253731344,
        0.6218905472636816,
        0.6537313432835822,
        0.41791044776119407,
        0.2835820895522388,
        0.49850746268656715,
        0.7373134328358211,
        0.585820895522388,
        0.4985074626865672,
        0.32835820895522383,
        0.45074626865671635,
        0.3656716417910448,
        0.41293532338308453,
        0.7537313432835822,
        0.6149253731343284,
        0.4626865671641791,
        0.4477611940298507,
        0.34925373134328364,
        0.31940298507462683,
        0.5074626865671642,
        0.4955223880597015,
        0.42910447761194026,
        0.4746268656716418,
        0.6044776119402985,
        0.6895522388059702,
        0.45074626865671635,
        0.44477611940298506,
        0.6455223880597014,
        0.4962686567164179,
        0.5671641791044777,
        0.3208955223880597,
        0.41417910447761197,
        0.5671641791044776,
        0.47761194029850745,
        0.42786069651741293
    ],
    "GreedyTotal":[
        0.34701492537313433,
        0.11940298507462686,
        0.1691542288557214,
        0.25671641791044775,
        0.3333333333333333,
        0.48134328358208955,
        0.3694029850746268,
        0.4925373134328358,
        0.27238805970149255,
        0.34328358208955223,
        0.2417910447761194,
        0.42164179104477617,
        0.2723880597014925,
        0.41417910447761197,
        0.3768656716417911,
        0.43781094527363185,
        0.2338308457711443,
        0.2537313432835821,
        0.3781094527363184,
        0.4925373134328358,
        0.42288557213930345,
        0.39925373134328357,
        0.2716417910447761,
        0.3611940298507463,
        0.2288557213930348,
        0.31641791044776124,
        0.208955223880597,
        0.19402985074626866,
        0.2947761194029851,
        0.5298507462686567,
        0.21492537313432836,
        0.1417910447761194,
        0.10945273631840796,
        0.06716417910447761,
        0.5870646766169153,
        0.4129353233830846,
        0.4567164179104477,
        0.29353233830845765,
        0.14925373134328357,
        0.3940298507462686,
        0.5223880597014925,
        0.3283582089552239,
        0.3492537313432836,
        0.18507462686567164,
        0.2746268656716418,
        0.2052238805970149,
        0.20895522388059704,
        0.5447761194029851,
        0.3611940298507462,
        0.25870646766169153,
        0.3582089552238806,
        0.22686567164179103,
        0.1970149253731343,
        0.2338308457711443,
        0.4119402985074627,
        0.2835820895522388,
        0.30149253731343284,
        0.39179104477611937,
        0.46268656716417905,
        0.23283582089552235,
        0.3402985074626866,
        0.47761194029850745,
        0.3544776119402985,
        0.29253731343283584,
        0.2164179104477612,
        0.25,
        0.3059701492537314,
        0.3034825870646766,
        0.3233830845771144
    ]
}