{
    "ARTMaxMin":[
        0.6553571428571427,
        0.8196428571428571,
        0.8482142857142857,
        0.8080357142857142,
        0.6577380952380952,
        0.8517857142857143,
        0.5669642857142857,
        0.8589285714285714,
        0.6196428571428572,
        0.8410714285714286,
        0.8339285714285714,
        0.84375,
        0.7696428571428571,
        0.5660714285714286,
        0.8696428571428572,
        0.7767857142857142,
        0.7910714285714285,
        0.7839285714285714,
        0.7142857142857142,
        0.5267857142857142,
        0.8660714285714286,
        0.8446428571428571,
        0.6160714285714286,
        0.6946428571428571,
        0.8214285714285714,
        0.6660714285714285,
        0.7410714285714286,
        0.7589285714285714,
        0.8410714285714286,
        0.7589285714285714,
        0.7160714285714285,
        0.7982142857142857,
        0.7875,
        0.6767857142857143,
        0.7160714285714285,
        0.594642857142857,
        0.5339285714285714,
        0.5580357142857142,
        0.7767857142857142,
        0.8363095238095237,
        0.6767857142857143,
        0.7232142857142857,
        0.6839285714285714,
        0.8696428571428572,
        0.8267857142857142,
        0.6964285714285714,
        0.7803571428571429,
        0.6267857142857143,
        0.7124999999999999,
        0.5196428571428571,
        0.6839285714285714,
        0.5303571428571427,
        0.719642857142857,
        0.6625,
        0.5553571428571429,
        0.7946428571428571,
        0.6839285714285714
    ],
    "Genetic":[
        0.8303571428571428,
        0.7732142857142856,
        0.8732142857142857,
        0.7098214285714286,
        0.8779761904761905,
        0.9446428571428571,
        0.7678571428571428,
        0.7267857142857143,
        0.7589285714285714,
        0.9267857142857142,
        0.7660714285714285,
        0.9508928571428571,
        0.9517857142857142,
        0.7875,
        0.8732142857142857,
        0.9732142857142857,
        0.6982142857142857,
        0.8910714285714285,
        0.7321428571428571,
        0.7517857142857143,
        0.9232142857142857,
        0.8839285714285714,
        0.7089285714285714,
        0.9624999999999999,
        0.9107142857142857,
        0.8446428571428571,
        0.6839285714285714,
        0.8624999999999999,
        0.8624999999999999,
        0.7232142857142857,
        0.5803571428571428,
        0.8732142857142857,
        0.7946428571428571,
        0.7339285714285714,
        0.9482142857142857,
        0.7482142857142857,
        0.9125,
        0.8392857142857142,
        0.9017857142857143,
        0.9791666666666666,
        0.9089285714285714,
        0.8839285714285714,
        0.9589285714285714,
        0.8660714285714286,
        0.9624999999999999,
        0.8660714285714286,
        0.7375,
        0.6875,
        0.9053571428571429,
        0.8053571428571429,
        0.9232142857142857,
        0.9410714285714286,
        0.8875,
        0.8982142857142856,
        0.9017857142857143,
        0.9589285714285714,
        0.7732142857142856
    ],
    "GreedyAdditional":[
        0.8232142857142857,
        0.7732142857142856,
        0.8767857142857143,
        0.7142857142857142,
        0.8660714285714286,
        0.9517857142857142,
        0.7455357142857142,
        0.7589285714285714,
        0.7553571428571428,
        0.9267857142857142,
        0.7732142857142856,
        0.9598214285714285,
        0.9410714285714286,
        0.7946428571428571,
        0.8732142857142857,
        0.9767857142857143,
        0.6910714285714286,
        0.8910714285714285,
        0.71875,
        0.7375,
        0.9375,
        0.9017857142857143,
        0.7232142857142857,
        0.9517857142857142,
        0.9241071428571428,
        0.8553571428571428,
        0.6767857142857143,
        0.8767857142857143,
        0.8624999999999999,
        0.7303571428571428,
        0.5874999999999999,
        0.8696428571428572,
        0.7553571428571428,
        0.7303571428571428,
        0.9553571428571428,
        0.7517857142857143,
        0.9053571428571429,
        0.8348214285714286,
        0.9053571428571429,
        0.9791666666666666,
        0.9053571428571429,
        0.8767857142857143,
        0.9553571428571428,
        0.8624999999999999,
        0.9624999999999999,
        0.8571428571428571,
        0.7410714285714286,
        0.6732142857142858,
        0.9125,
        0.7946428571428571,
        0.9232142857142857,
        0.9375,
        0.8839285714285714,
        0.9125,
        0.9017857142857143,
        0.9553571428571428,
        0.7696428571428571
    ],
    "GreedyTotal":[
        0.7160714285714285,
        0.7553571428571428,
        0.7232142857142857,
        0.6071428571428571,
        0.8422619047619048,
        0.8232142857142857,
        0.7991071428571428,
        0.6017857142857143,
        0.7089285714285714,
        0.8017857142857142,
        0.7160714285714285,
        0.8482142857142857,
        0.7625,
        0.5874999999999999,
        0.6089285714285714,
        0.8982142857142856,
        0.6946428571428571,
        0.7124999999999999,
        0.37053571428571436,
        0.7946428571428571,
        0.7839285714285714,
        0.6482142857142856,
        0.6446428571428571,
        0.7803571428571429,
        0.6741071428571428,
        0.7767857142857142,
        0.8267857142857142,
        0.6839285714285714,
        0.6089285714285714,
        0.7375,
        0.5839285714285714,
        0.5874999999999999,
        0.4982142857142858,
        0.6267857142857143,
        0.7732142857142856,
        0.8160714285714286,
        0.8767857142857143,
        0.6071428571428571,
        0.8017857142857142,
        0.9077380952380952,
        0.8053571428571429,
        0.9125,
        0.7625,
        0.5017857142857143,
        0.8160714285714286,
        0.71875,
        0.7303571428571428,
        0.7946428571428571,
        0.8517857142857143,
        0.7303571428571428,
        0.7482142857142857,
        0.7767857142857142,
        0.7553571428571428,
        0.5874999999999999,
        0.7839285714285714,
        0.8053571428571429,
        0.7232142857142857
    ]
}