{
    "AdditionalTotal":[
        0.9412698412698413,
        0.972663139329806,
        0.9779541446208113,
        0.9664902998236331,
        0.9432686654908877,
        0.9659611992945326,
        0.9320987654320987,
        0.9596119929453263,
        0.9603174603174602,
        0.9701940035273369,
        0.9620811287477954,
        0.9819223985890653,
        0.9768959435626102,
        0.9363315696649029,
        0.9617283950617284,
        0.9708994708994709,
        0.9610229276895943,
        0.9624338624338624,
        0.9417989417989417,
        0.9582010582010582,
        0.9790123456790123,
        0.9634920634920635,
        0.9409171075837742,
        0.9687830687830687,
        0.9616402116402116,
        0.974779541446208,
        0.9596119929453263,
        0.9560846560846561,
        0.9539682539682539,
        0.9504409171075837,
        0.9603174603174602,
        0.954673721340388,
        0.9539682539682539,
        0.9606701940035273,
        0.9716049382716049,
        0.9529100529100529,
        0.9638447971781305,
        0.9492945326278659,
        0.9691358024691358,
        0.9720752498530276,
        0.9652557319223986,
        0.9419753086419753,
        0.9627865961199294,
        0.9631393298059965,
        0.9843033509700176,
        0.9479717813051146,
        0.9458553791887125,
        0.954673721340388,
        0.9596119929453263,
        0.9694885361552028,
        0.9624338624338624,
        0.9641975308641975,
        0.97336860670194,
        0.9476190476190476,
        0.974779541446208,
        0.9659611992945326,
        0.9677248677248677
    ],
    "GreedyAdditional":[
        0.8232142857142857,
        0.7732142857142856,
        0.8767857142857143,
        0.7142857142857142,
        0.8660714285714286,
        0.9517857142857142,
        0.7455357142857142,
        0.7589285714285714,
        0.7553571428571428,
        0.9267857142857142,
        0.7732142857142856,
        0.9598214285714285,
        0.9410714285714286,
        0.7946428571428571,
        0.8732142857142857,
        0.9767857142857143,
        0.6910714285714286,
        0.8910714285714285,
        0.71875,
        0.7375,
        0.9375,
        0.9017857142857143,
        0.7232142857142857,
        0.9517857142857142,
        0.9241071428571428,
        0.8553571428571428,
        0.6767857142857143,
        0.8767857142857143,
        0.8624999999999999,
        0.7303571428571428,
        0.5874999999999999,
        0.8696428571428572,
        0.7553571428571428,
        0.7303571428571428,
        0.9553571428571428,
        0.7517857142857143,
        0.9053571428571429,
        0.8348214285714286,
        0.9053571428571429,
        0.9791666666666666,
        0.9053571428571429,
        0.8767857142857143,
        0.9553571428571428,
        0.8624999999999999,
        0.9624999999999999,
        0.8571428571428571,
        0.7410714285714286,
        0.6732142857142858,
        0.9125,
        0.7946428571428571,
        0.9232142857142857,
        0.9375,
        0.8839285714285714,
        0.9125,
        0.9017857142857143,
        0.9553571428571428,
        0.7696428571428571
    ],
    "GreedyAdditionalNew":[
        0.7160714285714285,
        0.8803571428571428,
        0.8017857142857142,
        0.65625,
        0.8958333333333333,
        0.8803571428571428,
        0.7276785714285714,
        0.6803571428571429,
        0.8410714285714286,
        0.8624999999999999,
        0.8803571428571428,
        0.90625,
        0.8910714285714285,
        0.8696428571428572,
        0.7803571428571429,
        0.9339285714285714,
        0.6303571428571428,
        0.8767857142857143,
        0.59375,
        0.6267857142857143,
        0.8660714285714286,
        0.8303571428571428,
        0.6982142857142857,
        0.9017857142857143,
        0.8571428571428571,
        0.7946428571428571,
        0.6660714285714285,
        0.7875,
        0.7660714285714285,
        0.6625,
        0.6767857142857143,
        0.9053571428571429,
        0.7982142857142857,
        0.6696428571428571,
        0.9089285714285714,
        0.8482142857142857,
        0.9339285714285714,
        0.8660714285714286,
        0.8339285714285714,
        0.9315476190476191,
        0.9517857142857142,
        0.8696428571428572,
        0.8946428571428571,
        0.7696428571428571,
        0.9303571428571429,
        0.7633928571428571,
        0.8910714285714285,
        0.6589285714285714,
        0.8303571428571428,
        0.7053571428571428,
        0.8553571428571428,
        0.8875,
        0.8089285714285714,
        0.8410714285714286,
        0.8303571428571428,
        0.8946428571428571,
        0.7160714285714285
    ],
    "GreedyTotal":[
        0.7160714285714285,
        0.7553571428571428,
        0.7232142857142857,
        0.6071428571428571,
        0.8422619047619048,
        0.8232142857142857,
        0.7991071428571428,
        0.6017857142857143,
        0.7089285714285714,
        0.8017857142857142,
        0.7160714285714285,
        0.8482142857142857,
        0.7625,
        0.5874999999999999,
        0.6089285714285714,
        0.8982142857142856,
        0.6946428571428571,
        0.7124999999999999,
        0.37053571428571436,
        0.7946428571428571,
        0.7839285714285714,
        0.6482142857142856,
        0.6446428571428571,
        0.7803571428571429,
        0.6741071428571428,
        0.7767857142857142,
        0.8267857142857142,
        0.6839285714285714,
        0.6089285714285714,
        0.7375,
        0.5839285714285714,
        0.5874999999999999,
        0.4982142857142858,
        0.6267857142857143,
        0.7732142857142856,
        0.8160714285714286,
        0.8767857142857143,
        0.6071428571428571,
        0.8017857142857142,
        0.9077380952380952,
        0.8053571428571429,
        0.9125,
        0.7625,
        0.5017857142857143,
        0.8160714285714286,
        0.71875,
        0.7303571428571428,
        0.7946428571428571,
        0.8517857142857143,
        0.7303571428571428,
        0.7482142857142857,
        0.7767857142857142,
        0.7553571428571428,
        0.5874999999999999,
        0.7839285714285714,
        0.8053571428571429,
        0.7232142857142857
    ]
}