{
    "AdditionalTotal":[
        0.7160714285714285,
        0.9267857142857142,
        0.8982142857142856,
        0.7410714285714286,
        0.5922619047619047,
        0.7839285714285714,
        0.37053571428571436,
        0.7017857142857142,
        0.8803571428571428,
        0.8410714285714286,
        0.9089285714285714,
        0.8258928571428571,
        0.9624999999999999,
        0.719642857142857,
        0.7767857142857142,
        0.8982142857142856,
        0.7517857142857143,
        0.6767857142857143,
        0.7053571428571428,
        0.6410714285714285,
        0.8089285714285714,
        0.6982142857142857,
        0.6803571428571429,
        0.8517857142857143,
        0.8571428571428571,
        0.8446428571428571,
        0.6803571428571429,
        0.7089285714285714,
        0.7017857142857142,
        0.719642857142857,
        0.7625,
        0.9410714285714286,
        0.7446428571428572,
        0.8160714285714286,
        0.9267857142857142,
        0.8232142857142857,
        0.6946428571428571,
        0.8214285714285714,
        0.7982142857142857,
        0.7886904761904762,
        0.9589285714285714,
        0.594642857142857,
        0.7767857142857142,
        0.8232142857142857,
        0.9767857142857143,
        0.8080357142857142,
        0.8660714285714286,
        0.7124999999999999,
        0.719642857142857,
        0.6982142857142857,
        0.8839285714285714,
        0.7589285714285714,
        0.9196428571428571,
        0.7875,
        0.8482142857142857,
        0.8946428571428571,
        0.7517857142857143
    ],
    "GreedyAdditional":[
        0.7303571428571428,
        0.9267857142857142,
        0.8982142857142856,
        0.7276785714285714,
        0.6577380952380952,
        0.7732142857142856,
        0.5133928571428571,
        0.6553571428571427,
        0.8803571428571428,
        0.8410714285714286,
        0.9089285714285714,
        0.8125,
        0.9624999999999999,
        0.7232142857142857,
        0.8374999999999999,
        0.8982142857142856,
        0.7839285714285714,
        0.7053571428571428,
        0.7455357142857142,
        0.6446428571428571,
        0.7982142857142857,
        0.6803571428571429,
        0.6767857142857143,
        0.8410714285714286,
        0.8571428571428571,
        0.8089285714285714,
        0.719642857142857,
        0.7553571428571428,
        0.7232142857142857,
        0.7517857142857143,
        0.7767857142857142,
        0.9410714285714286,
        0.7446428571428572,
        0.8160714285714286,
        0.9267857142857142,
        0.8553571428571428,
        0.7482142857142857,
        0.8392857142857142,
        0.8303571428571428,
        0.7708333333333333,
        0.9589285714285714,
        0.6660714285714285,
        0.8053571428571429,
        0.8232142857142857,
        0.9767857142857143,
        0.8080357142857142,
        0.8660714285714286,
        0.7517857142857143,
        0.7482142857142857,
        0.7267857142857143,
        0.8839285714285714,
        0.7732142857142856,
        0.9196428571428571,
        0.8160714285714286,
        0.8482142857142857,
        0.8946428571428571,
        0.7660714285714285
    ],
    "GreedyAdditionalNew":[
        0.6803571428571429,
        0.8839285714285714,
        0.8410714285714286,
        0.65625,
        0.8303571428571428,
        0.7017857142857142,
        0.65625,
        0.7446428571428572,
        0.8232142857142857,
        0.7839285714285714,
        0.8767857142857143,
        0.7589285714285714,
        0.9196428571428571,
        0.6696428571428571,
        0.7660714285714285,
        0.8553571428571428,
        0.7160714285714285,
        0.7910714285714285,
        0.6607142857142857,
        0.5982142857142857,
        0.7267857142857143,
        0.6339285714285714,
        0.7553571428571428,
        0.7982142857142857,
        0.8035714285714286,
        0.7767857142857142,
        0.7946428571428571,
        0.7803571428571429,
        0.7767857142857142,
        0.8053571428571429,
        0.6946428571428571,
        0.9375,
        0.8624999999999999,
        0.7446428571428572,
        0.8946428571428571,
        0.9375,
        0.8553571428571428,
        0.7901785714285714,
        0.8982142857142856,
        0.8720238095238095,
        0.9446428571428571,
        0.8803571428571428,
        0.7482142857142857,
        0.7732142857142856,
        0.9482142857142857,
        0.7366071428571428,
        0.8232142857142857,
        0.8267857142857142,
        0.6767857142857143,
        0.6553571428571427,
        0.8267857142857142,
        0.7053571428571428,
        0.8624999999999999,
        0.7696428571428571,
        0.7767857142857142,
        0.8374999999999999,
        0.6982142857142857
    ],
    "GreedyTotal":[
        0.7446428571428572,
        0.6910714285714286,
        0.8089285714285714,
        0.5982142857142857,
        0.8601190476190476,
        0.8196428571428571,
        0.8526785714285714,
        0.7017857142857142,
        0.6767857142857143,
        0.8017857142857142,
        0.8303571428571428,
        0.6964285714285714,
        0.7339285714285714,
        0.6446428571428571,
        0.7625,
        0.8482142857142857,
        0.8089285714285714,
        0.5982142857142857,
        0.45982142857142855,
        0.5553571428571429,
        0.6839285714285714,
        0.6767857142857143,
        0.6517857142857142,
        0.7803571428571429,
        0.65625,
        0.6446428571428571,
        0.6410714285714285,
        0.8374999999999999,
        0.6160714285714286,
        0.6303571428571428,
        0.7303571428571428,
        0.7910714285714285,
        0.5196428571428571,
        0.6446428571428571,
        0.8196428571428571,
        0.7946428571428571,
        0.8410714285714286,
        0.6919642857142857,
        0.6553571428571427,
        0.8422619047619048,
        0.8339285714285714,
        0.9125,
        0.6232142857142857,
        0.6625,
        0.9089285714285714,
        0.7142857142857142,
        0.8339285714285714,
        0.5839285714285714,
        0.7053571428571428,
        0.6125,
        0.8160714285714286,
        0.6910714285714286,
        0.6446428571428571,
        0.6160714285714286,
        0.42678571428571427,
        0.7803571428571429,
        0.6339285714285714
    ]
}