{
    "ARTMaxMin":[
        0.7160714285714285,
        0.6660714285714285,
        0.8875,
        0.6651785714285714,
        0.7172619047619047,
        0.8517857142857143,
        0.49553571428571436,
        0.7089285714285714,
        0.6803571428571429,
        0.8839285714285714,
        0.6553571428571427,
        0.6964285714285714,
        0.7875,
        0.7089285714285714,
        0.7517857142857143,
        0.7446428571428572,
        0.7875,
        0.7732142857142856,
        0.7678571428571428,
        0.6625,
        0.7767857142857142,
        0.7017857142857142,
        0.5589285714285714,
        0.8446428571428571,
        0.75,
        0.5410714285714285,
        0.7660714285714285,
        0.8303571428571428,
        0.7803571428571429,
        0.6875,
        0.6839285714285714,
        0.7803571428571429,
        0.7482142857142857,
        0.7946428571428571,
        0.8196428571428571,
        0.5303571428571427,
        0.6875,
        0.7633928571428571,
        0.6017857142857143,
        0.800595238095238,
        0.6410714285714285,
        0.6803571428571429,
        0.7017857142857142,
        0.9017857142857143,
        0.8660714285714286,
        0.7946428571428571,
        0.6732142857142858,
        0.4696428571428572,
        0.7303571428571428,
        0.594642857142857,
        0.7875,
        0.8303571428571428,
        0.8125,
        0.6875,
        0.6375,
        0.7946428571428571,
        0.7589285714285714
    ],
    "Genetic":[
        0.7767857142857142,
        0.8732142857142857,
        0.8589285714285714,
        0.8258928571428571,
        0.8244047619047619,
        0.8910714285714285,
        0.6383928571428571,
        0.6875,
        0.7339285714285714,
        0.8232142857142857,
        0.8875,
        0.8571428571428571,
        0.8089285714285714,
        0.6339285714285714,
        0.7910714285714285,
        0.8803571428571428,
        0.6660714285714285,
        0.8660714285714286,
        0.5267857142857142,
        0.5517857142857143,
        0.8410714285714286,
        0.8196428571428571,
        0.6196428571428572,
        0.8589285714285714,
        0.8303571428571428,
        0.6982142857142857,
        0.7589285714285714,
        0.8517857142857143,
        0.8339285714285714,
        0.7839285714285714,
        0.7410714285714286,
        0.8339285714285714,
        0.6696428571428571,
        0.6910714285714286,
        0.8446428571428571,
        0.7339285714285714,
        0.6910714285714286,
        0.6785714285714286,
        0.8125,
        0.9077380952380952,
        0.7803571428571429,
        0.8374999999999999,
        0.9232142857142857,
        0.8303571428571428,
        0.8660714285714286,
        0.6919642857142857,
        0.8982142857142856,
        0.6446428571428571,
        0.9089285714285714,
        0.7375,
        0.8875,
        0.7017857142857142,
        0.6982142857142857,
        0.8482142857142857,
        0.7089285714285714,
        0.8732142857142857,
        0.7160714285714285
    ],
    "GreedyAdditional":[
        0.7767857142857142,
        0.8803571428571428,
        0.8482142857142857,
        0.8482142857142857,
        0.8125,
        0.8803571428571428,
        0.625,
        0.7625,
        0.719642857142857,
        0.8267857142857142,
        0.8910714285714285,
        0.8616071428571428,
        0.8660714285714286,
        0.6267857142857143,
        0.7875,
        0.8875,
        0.5910714285714285,
        0.8553571428571428,
        0.5223214285714286,
        0.6446428571428571,
        0.8374999999999999,
        0.8232142857142857,
        0.6875,
        0.8803571428571428,
        0.8258928571428571,
        0.7625,
        0.7017857142857142,
        0.8232142857142857,
        0.8553571428571428,
        0.8232142857142857,
        0.8089285714285714,
        0.8410714285714286,
        0.7053571428571428,
        0.6732142857142858,
        0.8482142857142857,
        0.7482142857142857,
        0.7303571428571428,
        0.7008928571428571,
        0.8624999999999999,
        0.9077380952380952,
        0.8089285714285714,
        0.8553571428571428,
        0.9303571428571429,
        0.8232142857142857,
        0.8982142857142856,
        0.7633928571428571,
        0.8910714285714285,
        0.6339285714285714,
        0.8803571428571428,
        0.7946428571428571,
        0.9017857142857143,
        0.7339285714285714,
        0.7553571428571428,
        0.8410714285714286,
        0.7517857142857143,
        0.8946428571428571,
        0.7875
    ],
    "GreedyTotal":[
        0.7017857142857142,
        0.7589285714285714,
        0.7839285714285714,
        0.6830357142857142,
        0.7589285714285714,
        0.7303571428571428,
        0.8973214285714285,
        0.6625,
        0.6196428571428572,
        0.6946428571428571,
        0.8303571428571428,
        0.6741071428571428,
        0.6767857142857143,
        0.5839285714285714,
        0.7732142857142856,
        0.7946428571428571,
        0.6625,
        0.6232142857142857,
        0.38392857142857145,
        0.5839285714285714,
        0.5874999999999999,
        0.6160714285714286,
        0.5267857142857142,
        0.7482142857142857,
        0.5892857142857142,
        0.6017857142857143,
        0.6410714285714285,
        0.8053571428571429,
        0.6446428571428571,
        0.6053571428571428,
        0.7124999999999999,
        0.7160714285714285,
        0.48392857142857143,
        0.5767857142857142,
        0.7267857142857143,
        0.7696428571428571,
        0.8732142857142857,
        0.6517857142857142,
        0.6375,
        0.8779761904761905,
        0.8053571428571429,
        0.8839285714285714,
        0.6875,
        0.594642857142857,
        0.9160714285714285,
        0.6339285714285714,
        0.7982142857142857,
        0.5482142857142858,
        0.7339285714285714,
        0.6482142857142856,
        0.8017857142857142,
        0.7410714285714286,
        0.5660714285714286,
        0.6089285714285714,
        0.49107142857142855,
        0.7124999999999999,
        0.6196428571428572
    ]
}