{
    "AdditionalTotal":[
        0.8793478260869565,
        0.9438405797101449,
        0.9547101449275363,
        0.9311594202898551,
        0.8834541062801933,
        0.9300724637681159,
        0.8605072463768116,
        0.9170289855072464,
        0.9184782608695652,
        0.938768115942029,
        0.9221014492753623,
        0.9628623188405797,
        0.952536231884058,
        0.8692028985507246,
        0.9213768115942029,
        0.9402173913043478,
        0.9199275362318841,
        0.9228260869565218,
        0.8804347826086957,
        0.9141304347826087,
        0.9568840579710145,
        0.925,
        0.8786231884057971,
        0.9358695652173913,
        0.9211956521739131,
        0.9481884057971015,
        0.9170289855072464,
        0.9097826086956522,
        0.9054347826086957,
        0.8981884057971015,
        0.9184782608695652,
        0.9068840579710145,
        0.9054347826086957,
        0.9192028985507247,
        0.9416666666666667,
        0.9032608695652175,
        0.9257246376811594,
        0.8958333333333334,
        0.9365942028985508,
        0.9426328502415459,
        0.928623188405797,
        0.8807971014492754,
        0.9235507246376812,
        0.9242753623188406,
        0.9677536231884059,
        0.8931159420289855,
        0.888768115942029,
        0.9068840579710145,
        0.9170289855072464,
        0.9373188405797102,
        0.9228260869565218,
        0.9264492753623188,
        0.9452898550724638,
        0.8923913043478261,
        0.9481884057971015,
        0.9300724637681159,
        0.933695652173913
    ],
    "GreedyAdditional":[
        0.7767857142857142,
        0.8803571428571428,
        0.8482142857142857,
        0.8482142857142857,
        0.8125,
        0.8803571428571428,
        0.625,
        0.7625,
        0.719642857142857,
        0.8267857142857142,
        0.8910714285714285,
        0.8616071428571428,
        0.8660714285714286,
        0.6267857142857143,
        0.7875,
        0.8875,
        0.5910714285714285,
        0.8553571428571428,
        0.5223214285714286,
        0.6446428571428571,
        0.8374999999999999,
        0.8232142857142857,
        0.6875,
        0.8803571428571428,
        0.8258928571428571,
        0.7625,
        0.7017857142857142,
        0.8232142857142857,
        0.8553571428571428,
        0.8232142857142857,
        0.8089285714285714,
        0.8410714285714286,
        0.7053571428571428,
        0.6732142857142858,
        0.8482142857142857,
        0.7482142857142857,
        0.7303571428571428,
        0.7008928571428571,
        0.8624999999999999,
        0.9077380952380952,
        0.8089285714285714,
        0.8553571428571428,
        0.9303571428571429,
        0.8232142857142857,
        0.8982142857142856,
        0.7633928571428571,
        0.8910714285714285,
        0.6339285714285714,
        0.8803571428571428,
        0.7946428571428571,
        0.9017857142857143,
        0.7339285714285714,
        0.7553571428571428,
        0.8410714285714286,
        0.7517857142857143,
        0.8946428571428571,
        0.7875
    ],
    "GreedyAdditionalNew":[
        0.8125,
        0.8160714285714286,
        0.7625,
        0.7946428571428571,
        0.7529761904761905,
        0.8017857142857142,
        0.75,
        0.6803571428571429,
        0.6303571428571428,
        0.7124999999999999,
        0.8267857142857142,
        0.78125,
        0.8017857142857142,
        0.7303571428571428,
        0.9160714285714285,
        0.8232142857142857,
        0.4696428571428572,
        0.8267857142857142,
        0.5669642857142857,
        0.6232142857142857,
        0.7375,
        0.7910714285714285,
        0.6875,
        0.8339285714285714,
        0.75,
        0.6803571428571429,
        0.6339285714285714,
        0.7017857142857142,
        0.7875,
        0.7517857142857143,
        0.7375,
        0.8946428571428571,
        0.8053571428571429,
        0.5625,
        0.7803571428571429,
        0.6732142857142858,
        0.6375,
        0.75,
        0.7982142857142857,
        0.8482142857142857,
        0.8196428571428571,
        0.7982142857142857,
        0.9017857142857143,
        0.7232142857142857,
        0.8267857142857142,
        0.8616071428571428,
        0.8767857142857143,
        0.6803571428571429,
        0.8232142857142857,
        0.7160714285714285,
        0.8303571428571428,
        0.6482142857142856,
        0.7767857142857142,
        0.7732142857142856,
        0.7910714285714285,
        0.8446428571428571,
        0.7089285714285714
    ],
    "GreedyTotal":[
        0.7017857142857142,
        0.7589285714285714,
        0.7839285714285714,
        0.6830357142857142,
        0.7589285714285714,
        0.7303571428571428,
        0.8973214285714285,
        0.6625,
        0.6196428571428572,
        0.6946428571428571,
        0.8303571428571428,
        0.6741071428571428,
        0.6767857142857143,
        0.5839285714285714,
        0.7732142857142856,
        0.7946428571428571,
        0.6625,
        0.6232142857142857,
        0.38392857142857145,
        0.5839285714285714,
        0.5874999999999999,
        0.6160714285714286,
        0.5267857142857142,
        0.7482142857142857,
        0.5892857142857142,
        0.6017857142857143,
        0.6410714285714285,
        0.8053571428571429,
        0.6446428571428571,
        0.6053571428571428,
        0.7124999999999999,
        0.7160714285714285,
        0.48392857142857143,
        0.5767857142857142,
        0.7267857142857143,
        0.7696428571428571,
        0.8732142857142857,
        0.6517857142857142,
        0.6375,
        0.8779761904761905,
        0.8053571428571429,
        0.8839285714285714,
        0.6875,
        0.594642857142857,
        0.9160714285714285,
        0.6339285714285714,
        0.7982142857142857,
        0.5482142857142858,
        0.7339285714285714,
        0.6482142857142856,
        0.8017857142857142,
        0.7410714285714286,
        0.5660714285714286,
        0.6089285714285714,
        0.49107142857142855,
        0.7124999999999999,
        0.6196428571428572
    ]
}