{
    "ARTMaxMin":[
        0,
        0.6785714285714286,
        0.8214285714285714,
        0,
        0,
        0.75,
        0,
        0.8571428571428571,
        0,
        0.8571428571428571,
        0.08928571428571429,
        0.2857142857142857,
        0.8571428571428571,
        0.8035714285714286,
        0,
        0.4107142857142857,
        0,
        0.6785714285714286,
        0,
        0.8571428571428571,
        0.8035714285714286,
        0.4107142857142857,
        0,
        0,
        0.8392857142857143,
        0,
        0.35714285714285715,
        0.7857142857142857,
        0,
        0.9285714285714286,
        0.75,
        0.8035714285714286,
        0,
        0,
        0.6785714285714286,
        0.14285714285714285,
        0.2857142857142857,
        0.8392857142857143,
        0.8571428571428571,
        0,
        0.8571428571428571,
        0.14285714285714285,
        0.6785714285714286,
        0.75,
        0.8214285714285714,
        0,
        0.8571428571428571,
        0.6785714285714286,
        0.6785714285714286,
        0.5357142857142857,
        0.8571428571428571,
        0,
        0.75,
        0,
        0.6785714285714286,
        0,
        0
    ],
    "Genetic":[
        0,
        0.17857142857142858,
        0.8214285714285714,
        0,
        0,
        0.8392857142857143,
        0,
        0.9107142857142857,
        0,
        0.9107142857142857,
        0.5,
        0.2857142857142857,
        0.9107142857142857,
        0.30357142857142855,
        0,
        0.6964285714285714,
        0,
        0.10714285714285714,
        0,
        0.9107142857142857,
        0.30357142857142855,
        0.6964285714285714,
        0,
        0,
        0.75,
        0,
        0.5714285714285714,
        0.6071428571428571,
        0,
        0.7321428571428571,
        0.8392857142857143,
        0.6428571428571429,
        0,
        0,
        0.10714285714285714,
        0.2857142857142857,
        0.017857142857142856,
        0.8035714285714286,
        0.9107142857142857,
        0,
        0.9107142857142857,
        0.2857142857142857,
        0.10714285714285714,
        0.8392857142857143,
        0.8214285714285714,
        0,
        0.9107142857142857,
        0.10714285714285714,
        0.17857142857142858,
        0.05357142857142857,
        0.9107142857142857,
        0,
        0.8392857142857143,
        0,
        0.17857142857142858,
        0,
        0
    ],
    "GreedyAdditional":[
        0,
        0.26785714285714285,
        0.7142857142857143,
        0,
        0,
        0.75,
        0,
        0.8035714285714286,
        0,
        0.8571428571428571,
        0.17857142857142858,
        0.44642857142857145,
        0.8035714285714286,
        0.4642857142857143,
        0,
        0.30357142857142855,
        0,
        0.25,
        0,
        0.8571428571428571,
        0.4642857142857143,
        0.30357142857142855,
        0,
        0,
        0.75,
        0,
        0.5892857142857143,
        0.5,
        0,
        0.8035714285714286,
        0.75,
        0.5178571428571429,
        0,
        0,
        0.25,
        0.07142857142857142,
        0.07142857142857142,
        0.75,
        0.8035714285714286,
        0,
        0.8035714285714286,
        0.07142857142857142,
        0.25,
        0.75,
        0.7142857142857143,
        0,
        0.8035714285714286,
        0.25,
        0.26785714285714285,
        0.17857142857142858,
        0.8035714285714286,
        0,
        0.75,
        0,
        0.26785714285714285,
        0,
        0
    ],
    "GreedyTotal":[
        0,
        0.26785714285714285,
        0.39285714285714285,
        0,
        0,
        0.6785714285714286,
        0,
        0.48214285714285715,
        0,
        0.8392857142857143,
        0.16071428571428573,
        0.5357142857142857,
        0.48214285714285715,
        0.5535714285714286,
        0,
        0.3392857142857143,
        0,
        0.08928571428571429,
        0,
        0.8392857142857143,
        0.5535714285714286,
        0.3392857142857143,
        0,
        0,
        0.32142857142857145,
        0,
        0.5178571428571429,
        0.125,
        0,
        0.30357142857142855,
        0.6785714285714286,
        0.35714285714285715,
        0,
        0,
        0.08928571428571429,
        0.017857142857142856,
        0.03571428571428571,
        0.32142857142857145,
        0.48214285714285715,
        0,
        0.48214285714285715,
        0.017857142857142856,
        0.08928571428571429,
        0.6785714285714286,
        0.39285714285714285,
        0,
        0.48214285714285715,
        0.08928571428571429,
        0.26785714285714285,
        0.08928571428571429,
        0.48214285714285715,
        0,
        0.6785714285714286,
        0,
        0.26785714285714285,
        0,
        0
    ]
}