{
    "ARTMaxMin":[
        0,
        0.7321428571428571,
        0.8571428571428571,
        0,
        0,
        0.8571428571428571,
        0,
        0.8571428571428571,
        0,
        0.9107142857142857,
        0.7321428571428571,
        0.7142857142857143,
        0.8571428571428571,
        0.7678571428571429,
        0,
        0.4107142857142857,
        0,
        0.7321428571428571,
        0,
        0.9107142857142857,
        0.7678571428571429,
        0.4107142857142857,
        0,
        0,
        0.8392857142857143,
        0,
        0.5357142857142857,
        0.8035714285714286,
        0,
        0.875,
        0.8571428571428571,
        0.7142857142857143,
        0,
        0,
        0.7321428571428571,
        0.4642857142857143,
        0.017857142857142856,
        0.8392857142857143,
        0.8571428571428571,
        0,
        0.8571428571428571,
        0.4642857142857143,
        0.7321428571428571,
        0.8392857142857143,
        0.8571428571428571,
        0,
        0.8571428571428571,
        0.7321428571428571,
        0.7321428571428571,
        0.19642857142857142,
        0.8571428571428571,
        0,
        0.8571428571428571,
        0,
        0.7321428571428571,
        0,
        0
    ],
    "Genetic":[
        0,
        0.6428571428571429,
        0.9285714285714286,
        0,
        0,
        0.8392857142857143,
        0,
        0.7142857142857143,
        0,
        0.7142857142857143,
        0.5535714285714286,
        0.42857142857142855,
        0.7142857142857143,
        0.8571428571428571,
        0,
        0.6607142857142857,
        0,
        0.6428571428571429,
        0,
        0.7142857142857143,
        0.8571428571428571,
        0.6607142857142857,
        0,
        0,
        0.6428571428571429,
        0,
        0.42857142857142855,
        0.75,
        0,
        0.6428571428571429,
        0.8392857142857143,
        0.8928571428571429,
        0,
        0,
        0.6428571428571429,
        0.5892857142857143,
        0.39285714285714285,
        0.75,
        0.7142857142857143,
        0,
        0.7142857142857143,
        0.5892857142857143,
        0.6428571428571429,
        0.8214285714285714,
        0.9285714285714286,
        0,
        0.7142857142857143,
        0.6428571428571429,
        0.6428571428571429,
        0.6428571428571429,
        0.7142857142857143,
        0,
        0.8392857142857143,
        0,
        0.6428571428571429,
        0,
        0
    ],
    "GreedyAdditional":[
        0,
        0.8035714285714286,
        0.9642857142857143,
        0,
        0,
        0.75,
        0,
        0.7321428571428571,
        0,
        0.7321428571428571,
        0.2857142857142857,
        0.5,
        0.7321428571428571,
        0.5178571428571429,
        0,
        0.5892857142857143,
        0,
        0.5714285714285714,
        0,
        0.7321428571428571,
        0.5178571428571429,
        0.5892857142857143,
        0,
        0,
        0.6964285714285714,
        0,
        0.48214285714285715,
        0.375,
        0,
        0.48214285714285715,
        0.75,
        0.6428571428571429,
        0,
        0,
        0.5714285714285714,
        0.7321428571428571,
        0.08928571428571429,
        0.8214285714285714,
        0.7321428571428571,
        0,
        0.7321428571428571,
        0.7321428571428571,
        0.5714285714285714,
        0.75,
        0.9642857142857143,
        0,
        0.7321428571428571,
        0.5714285714285714,
        0.8035714285714286,
        0.48214285714285715,
        0.7321428571428571,
        0,
        0.75,
        0,
        0.8035714285714286,
        0,
        0
    ],
    "GreedyTotal":[
        0,
        0.07142857142857142,
        0.5178571428571429,
        0,
        0,
        0.5,
        0,
        0.26785714285714285,
        0,
        0.9464285714285714,
        0.23214285714285715,
        0.6607142857142857,
        0.26785714285714285,
        0.6785714285714286,
        0,
        0.03571428571428571,
        0,
        0.05357142857142857,
        0,
        0.9464285714285714,
        0.6785714285714286,
        0.03571428571428571,
        0,
        0,
        0.19642857142857142,
        0,
        0.7857142857142857,
        0.25,
        0,
        0.35714285714285715,
        0.5,
        0.32142857142857145,
        0,
        0,
        0.05357142857142857,
        0.03571428571428571,
        0.21428571428571427,
        0.25,
        0.26785714285714285,
        0,
        0.26785714285714285,
        0.03571428571428571,
        0.05357142857142857,
        0.5,
        0.5178571428571429,
        0,
        0.26785714285714285,
        0.05357142857142857,
        0.07142857142857142,
        0.017857142857142856,
        0.26785714285714285,
        0,
        0.5,
        0,
        0.07142857142857142,
        0,
        0
    ]
}