{
    "ARTMaxMin":[
        0,
        0.42857142857142855,
        0.6071428571428571,
        0,
        0,
        0.6964285714285714,
        0,
        0.7321428571428571,
        0,
        0.9464285714285714,
        0.375,
        0.4107142857142857,
        0.7321428571428571,
        0.7678571428571429,
        0,
        0.5892857142857143,
        0,
        0.42857142857142855,
        0,
        0.9464285714285714,
        0.7678571428571429,
        0.5892857142857143,
        0,
        0,
        0.7142857142857143,
        0,
        0.6785714285714286,
        0.16071428571428573,
        0,
        0.48214285714285715,
        0.6964285714285714,
        0.8035714285714286,
        0,
        0,
        0.42857142857142855,
        0.6607142857142857,
        0.017857142857142856,
        0.8571428571428571,
        0.7321428571428571,
        0,
        0.7321428571428571,
        0.6607142857142857,
        0.42857142857142855,
        0.6964285714285714,
        0.6071428571428571,
        0,
        0.7321428571428571,
        0.42857142857142855,
        0.42857142857142855,
        0.42857142857142855,
        0.7321428571428571,
        0,
        0.6964285714285714,
        0,
        0.42857142857142855,
        0,
        0
    ],
    "Genetic":[
        0,
        0.9285714285714286,
        0.8035714285714286,
        0,
        0,
        0.8392857142857143,
        0,
        0.8392857142857143,
        0,
        0.8392857142857143,
        0.39285714285714285,
        0.7321428571428571,
        0.8392857142857143,
        0.8035714285714286,
        0,
        0.8571428571428571,
        0,
        0.3392857142857143,
        0,
        0.8392857142857143,
        0.8035714285714286,
        0.8571428571428571,
        0,
        0,
        0.8035714285714286,
        0,
        0.375,
        0.35714285714285715,
        0,
        0.25,
        0.8392857142857143,
        0.9285714285714286,
        0,
        0,
        0.3392857142857143,
        0.2857142857142857,
        0.7321428571428571,
        0.8035714285714286,
        0.8392857142857143,
        0,
        0.8392857142857143,
        0.2857142857142857,
        0.3392857142857143,
        0.8392857142857143,
        0.8035714285714286,
        0,
        0.8392857142857143,
        0.3392857142857143,
        0.9285714285714286,
        0.25,
        0.8392857142857143,
        0,
        0.8392857142857143,
        0,
        0.9285714285714286,
        0,
        0
    ],
    "GreedyAdditional":[
        0,
        0.9464285714285714,
        0.8392857142857143,
        0,
        0,
        0.8035714285714286,
        0,
        0.8035714285714286,
        0,
        0.8035714285714286,
        0.375,
        0.6785714285714286,
        0.8035714285714286,
        0.6964285714285714,
        0,
        0.8928571428571429,
        0,
        0.35714285714285715,
        0,
        0.8035714285714286,
        0.6964285714285714,
        0.8928571428571429,
        0,
        0,
        0.7857142857142857,
        0,
        0.4642857142857143,
        0.39285714285714285,
        0,
        0.2857142857142857,
        0.8035714285714286,
        0.9107142857142857,
        0,
        0,
        0.35714285714285715,
        0.3392857142857143,
        0.75,
        0.7857142857142857,
        0.8035714285714286,
        0,
        0.8035714285714286,
        0.3392857142857143,
        0.35714285714285715,
        0.8035714285714286,
        0.8392857142857143,
        0,
        0.8035714285714286,
        0.35714285714285715,
        0.9464285714285714,
        0.2857142857142857,
        0.8035714285714286,
        0,
        0.8035714285714286,
        0,
        0.9464285714285714,
        0,
        0
    ],
    "GreedyTotal":[
        0,
        0.5,
        0.23214285714285715,
        0,
        0,
        0.39285714285714285,
        0,
        0.17857142857142858,
        0,
        0.9464285714285714,
        0.03571428571428571,
        0.7678571428571429,
        0.17857142857142858,
        0.7857142857142857,
        0,
        0.07142857142857142,
        0,
        0.16071428571428573,
        0,
        0.9464285714285714,
        0.7857142857142857,
        0.07142857142857142,
        0,
        0,
        0.10714285714285714,
        0,
        0.8392857142857143,
        0.14285714285714285,
        0,
        0.7678571428571429,
        0.39285714285714285,
        0.32142857142857145,
        0,
        0,
        0.16071428571428573,
        0.017857142857142856,
        0.16071428571428573,
        0.17857142857142858,
        0.17857142857142858,
        0,
        0.17857142857142858,
        0.017857142857142856,
        0.16071428571428573,
        0.39285714285714285,
        0.23214285714285715,
        0,
        0.17857142857142858,
        0.16071428571428573,
        0.5,
        0.05357142857142857,
        0.17857142857142858,
        0,
        0.39285714285714285,
        0,
        0.5,
        0,
        0
    ]
}