{
    "ARTMaxMin":[
        0.5223214285714285,
        0.7544642857142857,
        0.6714285714285715,
        0.7589285714285714,
        0.8214285714285714,
        0.6607142857142858,
        0.8392857142857143,
        0.7232142857142857,
        0.8571428571428571,
        0.7499999999999999,
        0.7142857142857143,
        0.8035714285714285,
        0.8154761904761904,
        0.8125,
        0.6428571428571428,
        0.6535714285714286,
        0.8511904761904762,
        0.7410714285714286,
        0.0,
        0.7232142857142857,
        0.7035714285714285,
        0.625,
        0.625,
        0.5491071428571428,
        0.6607142857142857,
        0.6369047619047619,
        0.6666666666666666,
        0.6928571428571428,
        0.4776785714285714,
        0.65625,
        0.5803571428571428,
        0.7544642857142857,
        0.8571428571428571,
        0.8571428571428571,
        0.6178571428571428,
        0.6607142857142857,
        0.6473214285714285,
        0.8392857142857143,
        0.5625,
        0.6726190476190476,
        0.8571428571428571,
        0.5491071428571429,
        0.6190476190476191,
        0.7678571428571428,
        0.7785714285714286,
        0.0,
        0.4107142857142857,
        0.46428571428571425,
        0.5223214285714286,
        0.19642857142857142,
        0.7023809523809524,
        0.6607142857142857,
        0.7071428571428572,
        0.7946428571428571,
        0.4880952380952381,
        0.6383928571428571,
        0.7142857142857143
    ],
    "Genetic":[
        0.5089285714285714,
        0.6339285714285714,
        0.6,
        0.6517857142857143,
        0.7321428571428571,
        0.7714285714285715,
        0.6428571428571429,
        0.6696428571428572,
        0.8392857142857143,
        0.7366071428571429,
        0.6607142857142858,
        0.6547619047619048,
        0.6904761904761906,
        0.8482142857142857,
        0.6741071428571429,
        0.6785714285714286,
        0.7916666666666666,
        0.6741071428571428,
        0.0,
        0.4375,
        0.8,
        0.6741071428571428,
        0.7619047619047619,
        0.6517857142857143,
        0.6488095238095238,
        0.6904761904761906,
        0.5714285714285715,
        0.6321428571428571,
        0.43303571428571425,
        0.6339285714285714,
        0.6919642857142858,
        0.7633928571428571,
        0.8392857142857143,
        0.8392857142857143,
        0.5535714285714286,
        0.6517857142857143,
        0.6339285714285714,
        0.75,
        0.6473214285714286,
        0.7202380952380952,
        0.7142857142857143,
        0.65625,
        0.7321428571428572,
        0.6428571428571429,
        0.65,
        0.0,
        0.525,
        0.6428571428571429,
        0.5982142857142857,
        0.6428571428571429,
        0.7321428571428572,
        0.6875,
        0.6428571428571429,
        0.6785714285714286,
        0.4821428571428572,
        0.6696428571428572,
        0.7083333333333334
    ],
    "GreedyAdditional":[
        0.4776785714285715,
        0.71875,
        0.6071428571428572,
        0.6428571428571429,
        0.6964285714285714,
        0.6392857142857143,
        0.6964285714285714,
        0.7142857142857143,
        0.75,
        0.7053571428571429,
        0.5848214285714285,
        0.6488095238095238,
        0.7559523809523809,
        0.6339285714285714,
        0.7410714285714286,
        0.6892857142857143,
        0.7440476190476191,
        0.48660714285714285,
        0.0,
        0.4107142857142857,
        0.65,
        0.6830357142857143,
        0.6547619047619048,
        0.5580357142857143,
        0.6964285714285715,
        0.6488095238095237,
        0.6190476190476191,
        0.6000000000000001,
        0.38839285714285715,
        0.5714285714285714,
        0.65625,
        0.5758928571428571,
        0.75,
        0.75,
        0.6035714285714286,
        0.7321428571428571,
        0.5714285714285714,
        0.8214285714285714,
        0.6294642857142857,
        0.7380952380952381,
        0.7321428571428571,
        0.6607142857142857,
        0.6011904761904762,
        0.5595238095238095,
        0.6714285714285715,
        0.0,
        0.5,
        0.5267857142857143,
        0.6160714285714286,
        0.48214285714285715,
        0.6785714285714285,
        0.6607142857142857,
        0.5714285714285714,
        0.6517857142857142,
        0.4583333333333333,
        0.5982142857142857,
        0.6428571428571429
    ],
    "GreedyTotal":[
        0.0982142857142857,
        0.19642857142857142,
        0.42857142857142855,
        0.5267857142857143,
        0.4642857142857143,
        0.35,
        0.25,
        0.26339285714285715,
        0.5,
        0.4910714285714286,
        0.1875,
        0.4523809523809524,
        0.18452380952380953,
        0.5892857142857143,
        0.20089285714285715,
        0.1357142857142857,
        0.41071428571428575,
        0.25446428571428575,
        0.0,
        0.49107142857142855,
        0.4321428571428571,
        0.08928571428571427,
        0.2261904761904762,
        0.27678571428571436,
        0.10119047619047618,
        0.18452380952380953,
        0.30357142857142855,
        0.375,
        0.24107142857142858,
        0.19642857142857145,
        0.3125,
        0.2857142857142857,
        0.5,
        0.5,
        0.2785714285714286,
        0.125,
        0.24107142857142858,
        0.25,
        0.09375,
        0.35714285714285715,
        0.26785714285714285,
        0.26339285714285715,
        0.1369047619047619,
        0.33928571428571425,
        0.4357142857142858,
        0.0,
        0.14285714285714285,
        0.03571428571428571,
        0.23214285714285712,
        0.017857142857142856,
        0.2261904761904762,
        0.49107142857142855,
        0.20357142857142857,
        0.13392857142857142,
        0.041666666666666664,
        0.17410714285714285,
        0.22023809523809523
    ]
}