{
    "ARTMaxMin":[
        0.5803571428571428,
        0.6830357142857143,
        0.65,
        0.7232142857142857,
        0.7321428571428571,
        0.6142857142857142,
        0.6785714285714286,
        0.65625,
        0.7678571428571429,
        0.7098214285714286,
        0.6428571428571428,
        0.6785714285714285,
        0.7083333333333334,
        0.7410714285714286,
        0.6696428571428571,
        0.5892857142857142,
        0.7440476190476191,
        0.7366071428571429,
        0.0,
        0.8571428571428571,
        0.6392857142857143,
        0.5,
        0.5833333333333334,
        0.625,
        0.6071428571428571,
        0.5238095238095238,
        0.6785714285714285,
        0.5357142857142858,
        0.4419642857142857,
        0.6116071428571428,
        0.5892857142857143,
        0.7142857142857142,
        0.7678571428571429,
        0.7678571428571429,
        0.7142857142857143,
        0.5446428571428571,
        0.6607142857142858,
        0.8928571428571429,
        0.5,
        0.6011904761904762,
        0.6964285714285715,
        0.5491071428571428,
        0.6130952380952381,
        0.7678571428571429,
        0.7357142857142858,
        0.0,
        0.39285714285714285,
        0.45535714285714285,
        0.53125,
        0.17857142857142858,
        0.613095238095238,
        0.6964285714285714,
        0.7035714285714285,
        0.7142857142857142,
        0.5476190476190476,
        0.5848214285714286,
        0.7142857142857143
    ],
    "Genetic":[
        0.48214285714285715,
        0.6696428571428571,
        0.5321428571428571,
        0.7053571428571428,
        0.6785714285714286,
        0.6285714285714286,
        0.48214285714285715,
        0.7098214285714286,
        0.75,
        0.6339285714285714,
        0.48660714285714285,
        0.6845238095238096,
        0.6785714285714285,
        0.7678571428571428,
        0.6607142857142857,
        0.5785714285714285,
        0.7083333333333334,
        0.65625,
        0.0,
        0.39285714285714285,
        0.7321428571428571,
        0.6205357142857142,
        0.6845238095238096,
        0.5892857142857142,
        0.5595238095238094,
        0.625,
        0.6547619047619048,
        0.4892857142857142,
        0.39732142857142855,
        0.5580357142857143,
        0.6026785714285714,
        0.6785714285714285,
        0.75,
        0.75,
        0.5964285714285713,
        0.5892857142857143,
        0.5357142857142857,
        0.6428571428571429,
        0.6473214285714286,
        0.5892857142857143,
        0.625,
        0.5089285714285714,
        0.7083333333333334,
        0.6428571428571429,
        0.5607142857142857,
        0.0,
        0.4392857142857142,
        0.7053571428571428,
        0.5089285714285714,
        0.625,
        0.6011904761904762,
        0.5267857142857143,
        0.6142857142857142,
        0.7053571428571428,
        0.5238095238095238,
        0.5267857142857143,
        0.613095238095238
    ],
    "GreedyAdditional":[
        0.4776785714285715,
        0.71875,
        0.6071428571428572,
        0.6428571428571429,
        0.6964285714285714,
        0.6392857142857143,
        0.6964285714285714,
        0.7142857142857143,
        0.75,
        0.7053571428571429,
        0.5848214285714285,
        0.6488095238095238,
        0.7559523809523809,
        0.6339285714285714,
        0.7410714285714286,
        0.6892857142857143,
        0.7440476190476191,
        0.48660714285714285,
        0.0,
        0.4107142857142857,
        0.65,
        0.6830357142857143,
        0.6547619047619048,
        0.5580357142857143,
        0.6964285714285715,
        0.6488095238095237,
        0.6190476190476191,
        0.6000000000000001,
        0.38839285714285715,
        0.5714285714285714,
        0.65625,
        0.5758928571428571,
        0.75,
        0.75,
        0.6035714285714286,
        0.7321428571428571,
        0.5714285714285714,
        0.8214285714285714,
        0.6294642857142857,
        0.7380952380952381,
        0.7321428571428571,
        0.6607142857142857,
        0.6011904761904762,
        0.5595238095238095,
        0.6714285714285715,
        0.0,
        0.5,
        0.5267857142857143,
        0.6160714285714286,
        0.48214285714285715,
        0.6785714285714285,
        0.6607142857142857,
        0.5714285714285714,
        0.6517857142857142,
        0.4583333333333333,
        0.5982142857142857,
        0.6428571428571429
    ],
    "GreedyTotal":[
        0.0982142857142857,
        0.19642857142857142,
        0.42857142857142855,
        0.5267857142857143,
        0.4642857142857143,
        0.35,
        0.25,
        0.26339285714285715,
        0.5,
        0.4910714285714286,
        0.1875,
        0.4523809523809524,
        0.18452380952380953,
        0.5892857142857143,
        0.20089285714285715,
        0.1357142857142857,
        0.41071428571428575,
        0.25446428571428575,
        0.0,
        0.49107142857142855,
        0.4321428571428571,
        0.08928571428571427,
        0.2261904761904762,
        0.27678571428571436,
        0.10119047619047618,
        0.18452380952380953,
        0.30357142857142855,
        0.375,
        0.24107142857142858,
        0.19642857142857145,
        0.3125,
        0.2857142857142857,
        0.5,
        0.5,
        0.2785714285714286,
        0.125,
        0.24107142857142858,
        0.25,
        0.09375,
        0.35714285714285715,
        0.26785714285714285,
        0.26339285714285715,
        0.1369047619047619,
        0.33928571428571425,
        0.4357142857142858,
        0.0,
        0.14285714285714285,
        0.03571428571428571,
        0.23214285714285712,
        0.017857142857142856,
        0.2261904761904762,
        0.49107142857142855,
        0.20357142857142857,
        0.13392857142857142,
        0.041666666666666664,
        0.17410714285714285,
        0.22023809523809523
    ]
}