{
    "ARTMaxMin":[
        0.5178571428571429,
        0.8258928571428572,
        0.6428571428571429,
        0.5178571428571428,
        0.6785714285714286,
        0.625,
        0.8392857142857143,
        0.5535714285714286,
        0.75,
        0.625,
        0.5535714285714286,
        0.6190476190476191,
        0.7976190476190476,
        0.7767857142857143,
        0.7053571428571428,
        0.6428571428571428,
        0.75,
        0.5625,
        0.0,
        0.7678571428571428,
        0.6964285714285714,
        0.4955357142857143,
        0.5059523809523809,
        0.5267857142857143,
        0.6428571428571429,
        0.75,
        0.5714285714285715,
        0.5142857142857142,
        0.5044642857142857,
        0.6026785714285714,
        0.5133928571428572,
        0.6383928571428571,
        0.75,
        0.75,
        0.5214285714285714,
        0.5,
        0.7142857142857142,
        0.8392857142857143,
        0.5535714285714286,
        0.7142857142857143,
        0.8571428571428571,
        0.4553571428571428,
        0.630952380952381,
        0.4702380952380952,
        0.8071428571428572,
        0.0,
        0.3678571428571428,
        0.6071428571428572,
        0.4642857142857143,
        0.5357142857142857,
        0.6369047619047619,
        0.6339285714285714,
        0.7178571428571429,
        0.7678571428571428,
        0.630952380952381,
        0.6517857142857143,
        0.7321428571428571
    ],
    "Genetic":[
        0.5044642857142857,
        0.6741071428571428,
        0.6928571428571428,
        0.6428571428571428,
        0.6428571428571429,
        0.675,
        0.8035714285714286,
        0.6383928571428571,
        0.8392857142857143,
        0.7723214285714286,
        0.7276785714285714,
        0.625,
        0.6309523809523809,
        0.5714285714285714,
        0.5982142857142857,
        0.6785714285714286,
        0.8630952380952381,
        0.2544642857142857,
        0.0,
        0.5089285714285714,
        0.575,
        0.48214285714285715,
        0.6130952380952381,
        0.4910714285714286,
        0.5416666666666666,
        0.625,
        0.2857142857142857,
        0.55,
        0.3080357142857143,
        0.6116071428571428,
        0.6026785714285714,
        0.6741071428571429,
        0.8392857142857143,
        0.8392857142857143,
        0.5107142857142857,
        0.5446428571428572,
        0.6607142857142857,
        0.8035714285714286,
        0.3392857142857143,
        0.6904761904761904,
        0.9107142857142857,
        0.6473214285714285,
        0.4821428571428572,
        0.6190476190476191,
        0.775,
        0.0,
        0.5357142857142857,
        0.08035714285714285,
        0.5357142857142857,
        0.05357142857142857,
        0.8154761904761904,
        0.8035714285714286,
        0.55,
        0.45535714285714285,
        0.1130952380952381,
        0.7589285714285714,
        0.7797619047619048
    ],
    "GreedyAdditional":[
        0.3125,
        0.6116071428571429,
        0.6357142857142858,
        0.5535714285714286,
        0.6964285714285714,
        0.5142857142857142,
        0.75,
        0.49107142857142855,
        0.75,
        0.65625,
        0.5223214285714286,
        0.6547619047619048,
        0.625,
        0.6071428571428572,
        0.4642857142857143,
        0.49642857142857144,
        0.75,
        0.2857142857142857,
        0.0,
        0.5535714285714286,
        0.5678571428571428,
        0.3794642857142857,
        0.44047619047619047,
        0.39732142857142855,
        0.44047619047619047,
        0.5952380952380952,
        0.36904761904761907,
        0.45,
        0.29464285714285715,
        0.4955357142857143,
        0.45089285714285715,
        0.5044642857142858,
        0.75,
        0.75,
        0.4214285714285714,
        0.4375,
        0.6205357142857143,
        0.75,
        0.32589285714285715,
        0.5178571428571429,
        0.8035714285714285,
        0.3839285714285714,
        0.35714285714285715,
        0.44047619047619047,
        0.7000000000000001,
        0.0,
        0.3642857142857143,
        0.2142857142857143,
        0.36607142857142855,
        0.17857142857142858,
        0.5714285714285714,
        0.5803571428571428,
        0.5142857142857142,
        0.5267857142857143,
        0.23214285714285712,
        0.5535714285714286,
        0.636904761904762
    ],
    "GreedyTotal":[
        0.22767857142857142,
        0.3794642857142857,
        0.475,
        0.45535714285714285,
        0.625,
        0.5178571428571429,
        0.32142857142857145,
        0.32589285714285715,
        0.6785714285714286,
        0.6250000000000001,
        0.3660714285714286,
        0.5535714285714285,
        0.41071428571428575,
        0.6160714285714286,
        0.3214285714285714,
        0.3821428571428571,
        0.5952380952380952,
        0.22321428571428573,
        0.0,
        0.44642857142857145,
        0.525,
        0.28125,
        0.31547619047619047,
        0.4330357142857143,
        0.30952380952380953,
        0.3511904761904762,
        0.2916666666666667,
        0.36071428571428565,
        0.29464285714285715,
        0.24107142857142855,
        0.38839285714285715,
        0.3392857142857143,
        0.6785714285714286,
        0.6785714285714286,
        0.38571428571428573,
        0.25,
        0.3705357142857143,
        0.32142857142857145,
        0.16964285714285715,
        0.4166666666666667,
        0.48214285714285715,
        0.3839285714285714,
        0.2619047619047619,
        0.33928571428571425,
        0.5,
        0.0,
        0.29285714285714287,
        0.08928571428571429,
        0.3660714285714286,
        0.08928571428571429,
        0.4583333333333333,
        0.5892857142857143,
        0.3464285714285714,
        0.2857142857142857,
        0.1369047619047619,
        0.36607142857142855,
        0.375
    ]
}