{
    "AdditionalTotal":[
        0.45089285714285715,
        0.6741071428571429,
        0.7107142857142856,
        0.46428571428571425,
        0.7857142857142857,
        0.5464285714285715,
        0.875,
        0.625,
        0.8214285714285714,
        0.7455357142857143,
        0.6026785714285714,
        0.6071428571428572,
        0.6845238095238096,
        0.5089285714285714,
        0.5669642857142857,
        0.5892857142857143,
        0.8452380952380952,
        0.21875,
        0.0,
        0.5714285714285714,
        0.5678571428571428,
        0.41964285714285715,
        0.5059523809523809,
        0.42857142857142855,
        0.5297619047619048,
        0.6547619047619048,
        0.375,
        0.5571428571428572,
        0.2410714285714286,
        0.3482142857142857,
        0.5535714285714286,
        0.6517857142857143,
        0.8214285714285714,
        0.8214285714285714,
        0.5107142857142858,
        0.5089285714285714,
        0.6875000000000001,
        0.875,
        0.3616071428571429,
        0.625,
        0.8928571428571429,
        0.47767857142857145,
        0.48809523809523814,
        0.5535714285714285,
        0.7821428571428573,
        0.0,
        0.5178571428571429,
        0.2142857142857143,
        0.4419642857142857,
        0.17857142857142858,
        0.7142857142857143,
        0.6696428571428572,
        0.5607142857142857,
        0.5714285714285714,
        0.23214285714285712,
        0.5491071428571429,
        0.5833333333333334
    ],
    "GreedyAdditional":[
        0.3125,
        0.6116071428571429,
        0.6357142857142858,
        0.5535714285714286,
        0.6964285714285714,
        0.5142857142857142,
        0.75,
        0.49107142857142855,
        0.75,
        0.65625,
        0.5223214285714286,
        0.6547619047619048,
        0.625,
        0.6071428571428572,
        0.4642857142857143,
        0.49642857142857144,
        0.75,
        0.2857142857142857,
        0.0,
        0.5535714285714286,
        0.5678571428571428,
        0.3794642857142857,
        0.44047619047619047,
        0.39732142857142855,
        0.44047619047619047,
        0.5952380952380952,
        0.36904761904761907,
        0.45,
        0.29464285714285715,
        0.4955357142857143,
        0.45089285714285715,
        0.5044642857142858,
        0.75,
        0.75,
        0.4214285714285714,
        0.4375,
        0.6205357142857143,
        0.75,
        0.32589285714285715,
        0.5178571428571429,
        0.8035714285714285,
        0.3839285714285714,
        0.35714285714285715,
        0.44047619047619047,
        0.7000000000000001,
        0.0,
        0.3642857142857143,
        0.2142857142857143,
        0.36607142857142855,
        0.17857142857142858,
        0.5714285714285714,
        0.5803571428571428,
        0.5142857142857142,
        0.5267857142857143,
        0.23214285714285712,
        0.5535714285714286,
        0.636904761904762
    ],
    "GreedyAdditionalNew":[
        0.32589285714285715,
        0.6339285714285714,
        0.6107142857142858,
        0.5089285714285714,
        0.6428571428571429,
        0.4892857142857143,
        0.7678571428571429,
        0.6473214285714286,
        0.7142857142857143,
        0.6383928571428572,
        0.5446428571428571,
        0.625,
        0.6369047619047619,
        0.5625,
        0.4642857142857143,
        0.5035714285714286,
        0.7261904761904763,
        0.2857142857142857,
        0.0,
        0.5625,
        0.5321428571428571,
        0.39732142857142855,
        0.6488095238095238,
        0.43303571428571425,
        0.44642857142857145,
        0.6071428571428571,
        0.3511904761904761,
        0.5285714285714285,
        0.43303571428571425,
        0.6026785714285715,
        0.42857142857142855,
        0.5848214285714286,
        0.7142857142857143,
        0.7142857142857143,
        0.45,
        0.75,
        0.6339285714285715,
        0.7678571428571429,
        0.48214285714285715,
        0.6488095238095238,
        0.8214285714285715,
        0.5401785714285714,
        0.3988095238095238,
        0.46428571428571425,
        0.7,
        0.0,
        0.3821428571428572,
        0.2142857142857143,
        0.3526785714285714,
        0.17857142857142858,
        0.5178571428571428,
        0.5892857142857143,
        0.5214285714285715,
        0.5357142857142857,
        0.23214285714285712,
        0.5357142857142857,
        0.6130952380952381
    ],
    "GreedyTotal":[
        0.22767857142857142,
        0.3794642857142857,
        0.475,
        0.45535714285714285,
        0.625,
        0.5178571428571429,
        0.32142857142857145,
        0.32589285714285715,
        0.6785714285714286,
        0.6250000000000001,
        0.3660714285714286,
        0.5535714285714285,
        0.41071428571428575,
        0.6160714285714286,
        0.3214285714285714,
        0.3821428571428571,
        0.5952380952380952,
        0.22321428571428573,
        0.0,
        0.44642857142857145,
        0.525,
        0.28125,
        0.31547619047619047,
        0.4330357142857143,
        0.30952380952380953,
        0.3511904761904762,
        0.2916666666666667,
        0.36071428571428565,
        0.29464285714285715,
        0.24107142857142855,
        0.38839285714285715,
        0.3392857142857143,
        0.6785714285714286,
        0.6785714285714286,
        0.38571428571428573,
        0.25,
        0.3705357142857143,
        0.32142857142857145,
        0.16964285714285715,
        0.4166666666666667,
        0.48214285714285715,
        0.3839285714285714,
        0.2619047619047619,
        0.33928571428571425,
        0.5,
        0.0,
        0.29285714285714287,
        0.08928571428571429,
        0.3660714285714286,
        0.08928571428571429,
        0.4583333333333333,
        0.5892857142857143,
        0.3464285714285714,
        0.2857142857142857,
        0.1369047619047619,
        0.36607142857142855,
        0.375
    ]
}