{
    "AdditionalTotal":[
        0.6205357142857143,
        0.8482142857142858,
        0.6642857142857144,
        0.7232142857142858,
        0.5535714285714286,
        0.8178571428571428,
        0.7857142857142857,
        0.6294642857142858,
        0.8035714285714286,
        0.8125,
        0.71875,
        0.7440476190476191,
        0.8511904761904763,
        0.75,
        0.8794642857142858,
        0.8678571428571431,
        0.7857142857142857,
        0.44642857142857145,
        0.0,
        0.4375,
        0.6678571428571429,
        0.7232142857142857,
        0.6666666666666666,
        0.8214285714285714,
        0.875,
        0.630952380952381,
        0.5892857142857143,
        0.6214285714285714,
        0.4776785714285714,
        0.4508928571428571,
        0.6383928571428572,
        0.75,
        0.8035714285714286,
        0.8035714285714286,
        0.6928571428571428,
        0.5714285714285714,
        0.7901785714285714,
        0.7857142857142857,
        0.4464285714285714,
        0.8333333333333334,
        0.8035714285714285,
        0.7321428571428572,
        0.7202380952380952,
        0.6011904761904762,
        0.7428571428571429,
        0.0,
        0.5428571428571429,
        0.3214285714285714,
        0.7991071428571428,
        0.2857142857142857,
        0.75,
        0.8482142857142858,
        0.6964285714285714,
        0.5803571428571429,
        0.4345238095238095,
        0.71875,
        0.6607142857142857
    ],
    "GreedyAdditional":[
        0.6205357142857143,
        0.8482142857142858,
        0.6642857142857144,
        0.7232142857142858,
        0.5535714285714286,
        0.8178571428571428,
        0.7857142857142857,
        0.6294642857142858,
        0.8035714285714286,
        0.8125,
        0.71875,
        0.7440476190476191,
        0.8511904761904763,
        0.75,
        0.8794642857142858,
        0.8678571428571431,
        0.7857142857142857,
        0.44642857142857145,
        0.0,
        0.4375,
        0.6678571428571429,
        0.7232142857142857,
        0.6666666666666666,
        0.8214285714285714,
        0.875,
        0.630952380952381,
        0.5892857142857143,
        0.6214285714285714,
        0.4776785714285714,
        0.4508928571428571,
        0.6383928571428572,
        0.75,
        0.8035714285714286,
        0.8035714285714286,
        0.6928571428571428,
        0.5714285714285714,
        0.7901785714285714,
        0.7857142857142857,
        0.4464285714285714,
        0.8333333333333334,
        0.8035714285714285,
        0.7321428571428572,
        0.7202380952380952,
        0.6011904761904762,
        0.7428571428571429,
        0.0,
        0.5428571428571429,
        0.3214285714285714,
        0.7991071428571428,
        0.2857142857142857,
        0.75,
        0.8482142857142858,
        0.6964285714285714,
        0.5803571428571429,
        0.4345238095238095,
        0.71875,
        0.6607142857142857
    ],
    "GreedyAdditionalNew":[
        0.5982142857142857,
        0.6517857142857143,
        0.5821428571428571,
        0.7053571428571428,
        0.5892857142857143,
        0.7821428571428571,
        0.7857142857142857,
        0.5267857142857143,
        0.75,
        0.75,
        0.7366071428571428,
        0.7202380952380952,
        0.8511904761904763,
        0.7410714285714286,
        0.6339285714285714,
        0.8464285714285715,
        0.7321428571428571,
        0.5044642857142857,
        0.0,
        0.45535714285714285,
        0.6392857142857143,
        0.7142857142857143,
        0.511904761904762,
        0.6205357142857143,
        0.7440476190476191,
        0.6785714285714285,
        0.46428571428571425,
        0.4892857142857143,
        0.4375,
        0.3928571428571429,
        0.7678571428571429,
        0.7633928571428571,
        0.75,
        0.75,
        0.5535714285714286,
        0.4285714285714286,
        0.7991071428571428,
        0.7857142857142857,
        0.4107142857142857,
        0.7857142857142857,
        0.8392857142857143,
        0.6339285714285714,
        0.7202380952380952,
        0.6071428571428571,
        0.7642857142857142,
        0.0,
        0.7142857142857143,
        0.39285714285714285,
        0.6607142857142857,
        0.35714285714285715,
        0.7619047619047619,
        0.8392857142857143,
        0.6607142857142858,
        0.6339285714285714,
        0.43452380952380953,
        0.71875,
        0.6785714285714285
    ],
    "GreedyTotal":[
        0.07589285714285714,
        0.2232142857142857,
        0.375,
        0.48214285714285715,
        0.19642857142857142,
        0.34285714285714286,
        0.16071428571428573,
        0.11607142857142858,
        0.39285714285714285,
        0.40625,
        0.11607142857142858,
        0.3869047619047619,
        0.28571428571428575,
        0.5892857142857143,
        0.20982142857142858,
        0.2,
        0.2619047619047619,
        0.2857142857142857,
        0.0,
        0.5267857142857143,
        0.3678571428571429,
        0.19642857142857142,
        0.20238095238095236,
        0.29910714285714285,
        0.22619047619047616,
        0.1369047619047619,
        0.5,
        0.32857142857142857,
        0.3482142857142857,
        0.40625,
        0.2142857142857143,
        0.2142857142857143,
        0.39285714285714285,
        0.39285714285714285,
        0.25,
        0.09821428571428571,
        0.17410714285714285,
        0.17857142857142858,
        0.10267857142857142,
        0.35714285714285715,
        0.17857142857142858,
        0.27678571428571425,
        0.18452380952380953,
        0.1607142857142857,
        0.3785714285714286,
        0.0,
        0.10357142857142858,
        0.10714285714285715,
        0.3705357142857143,
        0.05357142857142857,
        0.1130952380952381,
        0.5089285714285714,
        0.275,
        0.16964285714285715,
        0.22023809523809523,
        0.27232142857142855,
        0.4523809523809524
    ]
}