{
    "AdditionalTotal":[
        0.055837563451776644,
        0.1967005076142132,
        0.18375634517766498,
        0.13705583756345177,
        0.2639593908629442,
        0.132994923857868,
        0.23857868020304568,
        0.20812182741116753,
        0.27918781725888325,
        0.18274111675126903,
        0.16116751269035534,
        0.1844331641285956,
        0.2318104906937394,
        0.18781725888324874,
        0.13578680203045684,
        0.14416243654822336,
        0.24196277495769883,
        0.1319796954314721,
        0.0,
        0.1446700507614213,
        0.18883248730964466,
        0.11802030456852791,
        0.21150592216582065,
        0.11802030456852793,
        0.15059221658206431,
        0.1912013536379019,
        0.18104906937394247,
        0.1299492385786802,
        0.10279187817258884,
        0.09898477157360405,
        0.14593908629441624,
        0.20558375634517767,
        0.27918781725888325,
        0.27918781725888325,
        0.14111675126903553,
        0.2233502538071066,
        0.18908629441624367,
        0.23857868020304568,
        0.1700507614213198,
        0.17089678510998307,
        0.24365482233502536,
        0.11802030456852791,
        0.116751269035533,
        0.18104906937394247,
        0.2050761421319797,
        0.0,
        0.07411167512690356,
        0.10913705583756345,
        0.10532994923857869,
        0.08629441624365482,
        0.14213197969543148,
        0.12436548223350254,
        0.18578680203045686,
        0.18020304568527917,
        0.11844331641285956,
        0.0850253807106599,
        0.1116751269035533
    ],
    "GreedyAdditional":[
        0.3125,
        0.6116071428571429,
        0.6357142857142858,
        0.5535714285714286,
        0.6964285714285714,
        0.5142857142857142,
        0.75,
        0.49107142857142855,
        0.75,
        0.65625,
        0.5223214285714286,
        0.6547619047619048,
        0.625,
        0.6071428571428572,
        0.4642857142857143,
        0.49642857142857144,
        0.75,
        0.2857142857142857,
        0.0,
        0.5535714285714286,
        0.5678571428571428,
        0.3794642857142857,
        0.44047619047619047,
        0.39732142857142855,
        0.44047619047619047,
        0.5952380952380952,
        0.36904761904761907,
        0.45,
        0.29464285714285715,
        0.4955357142857143,
        0.45089285714285715,
        0.5044642857142858,
        0.75,
        0.75,
        0.4214285714285714,
        0.4375,
        0.6205357142857143,
        0.75,
        0.32589285714285715,
        0.5178571428571429,
        0.8035714285714285,
        0.3839285714285714,
        0.35714285714285715,
        0.44047619047619047,
        0.7000000000000001,
        0.0,
        0.3642857142857143,
        0.2142857142857143,
        0.36607142857142855,
        0.17857142857142858,
        0.5714285714285714,
        0.5803571428571428,
        0.5142857142857142,
        0.5267857142857143,
        0.23214285714285712,
        0.5535714285714286,
        0.636904761904762
    ],
    "GreedyAdditionalNew":[
        0.32589285714285715,
        0.6339285714285714,
        0.6107142857142858,
        0.5089285714285714,
        0.6428571428571429,
        0.4892857142857143,
        0.7678571428571429,
        0.6473214285714286,
        0.7142857142857143,
        0.6383928571428572,
        0.5446428571428571,
        0.625,
        0.6369047619047619,
        0.5625,
        0.4642857142857143,
        0.5035714285714286,
        0.7261904761904763,
        0.2857142857142857,
        0.0,
        0.5625,
        0.5321428571428571,
        0.39732142857142855,
        0.6488095238095238,
        0.43303571428571425,
        0.44642857142857145,
        0.6071428571428571,
        0.3511904761904761,
        0.5285714285714285,
        0.43303571428571425,
        0.6026785714285715,
        0.42857142857142855,
        0.5848214285714286,
        0.7142857142857143,
        0.7142857142857143,
        0.45,
        0.75,
        0.6339285714285715,
        0.7678571428571429,
        0.48214285714285715,
        0.6488095238095238,
        0.8214285714285715,
        0.5401785714285714,
        0.3988095238095238,
        0.46428571428571425,
        0.7,
        0.0,
        0.3821428571428572,
        0.2142857142857143,
        0.3526785714285714,
        0.17857142857142858,
        0.5178571428571428,
        0.5892857142857143,
        0.5214285714285715,
        0.5357142857142857,
        0.23214285714285712,
        0.5357142857142857,
        0.6130952380952381
    ],
    "GreedyTotal":[
        0.22767857142857142,
        0.3794642857142857,
        0.475,
        0.45535714285714285,
        0.625,
        0.5178571428571429,
        0.32142857142857145,
        0.32589285714285715,
        0.6785714285714286,
        0.6250000000000001,
        0.3660714285714286,
        0.5535714285714285,
        0.41071428571428575,
        0.6160714285714286,
        0.3214285714285714,
        0.3821428571428571,
        0.5952380952380952,
        0.22321428571428573,
        0.0,
        0.44642857142857145,
        0.525,
        0.28125,
        0.31547619047619047,
        0.4330357142857143,
        0.30952380952380953,
        0.3511904761904762,
        0.2916666666666667,
        0.36071428571428565,
        0.29464285714285715,
        0.24107142857142855,
        0.38839285714285715,
        0.3392857142857143,
        0.6785714285714286,
        0.6785714285714286,
        0.38571428571428573,
        0.25,
        0.3705357142857143,
        0.32142857142857145,
        0.16964285714285715,
        0.4166666666666667,
        0.48214285714285715,
        0.3839285714285714,
        0.2619047619047619,
        0.33928571428571425,
        0.5,
        0.0,
        0.29285714285714287,
        0.08928571428571429,
        0.3660714285714286,
        0.08928571428571429,
        0.4583333333333333,
        0.5892857142857143,
        0.3464285714285714,
        0.2857142857142857,
        0.1369047619047619,
        0.36607142857142855,
        0.375
    ]
}