{
    "ARTMaxMin":[
        0.3973214285714286,
        0.6741071428571428,
        0.6,
        0.48214285714285715,
        0.6607142857142857,
        0.6678571428571429,
        0.7142857142857143,
        0.6160714285714286,
        0.6964285714285714,
        0.7321428571428572,
        0.6071428571428571,
        0.6071428571428571,
        0.6309523809523809,
        0.7321428571428572,
        0.6071428571428571,
        0.6142857142857143,
        0.7083333333333334,
        0.5,
        0.0,
        0.49107142857142855,
        0.6571428571428571,
        0.5178571428571429,
        0.6726190476190476,
        0.5446428571428572,
        0.5773809523809524,
        0.6309523809523809,
        0.5119047619047619,
        0.47142857142857136,
        0.5,
        0.5535714285714286,
        0.5669642857142857,
        0.6785714285714286,
        0.6964285714285714,
        0.6964285714285714,
        0.47142857142857136,
        0.6964285714285714,
        0.5535714285714285,
        0.8571428571428571,
        0.5625,
        0.6904761904761906,
        0.7321428571428571,
        0.6964285714285714,
        0.6071428571428571,
        0.48214285714285715,
        0.6607142857142857,
        0.0,
        0.5,
        0.42857142857142855,
        0.5714285714285714,
        0.42857142857142855,
        0.48214285714285715,
        0.7678571428571428,
        0.5107142857142858,
        0.5803571428571428,
        0.2976190476190476,
        0.5982142857142857,
        0.6488095238095238
    ],
    "Genetic":[
        0.6071428571428571,
        0.875,
        0.6857142857142857,
        0.7410714285714286,
        0.5357142857142857,
        0.8392857142857142,
        0.8035714285714286,
        0.5848214285714286,
        0.8392857142857143,
        0.78125,
        0.7321428571428571,
        0.7202380952380952,
        0.8690476190476191,
        0.8214285714285714,
        0.8705357142857144,
        0.8642857142857142,
        0.7559523809523809,
        0.46875,
        0.0,
        0.4642857142857143,
        0.6642857142857143,
        0.7142857142857143,
        0.6666666666666666,
        0.8571428571428571,
        0.8630952380952381,
        0.6428571428571429,
        0.5476190476190476,
        0.5678571428571428,
        0.5669642857142857,
        0.4107142857142857,
        0.6294642857142857,
        0.7723214285714286,
        0.8392857142857143,
        0.8392857142857143,
        0.7000000000000001,
        0.5625,
        0.8125,
        0.8035714285714286,
        0.4285714285714286,
        0.8214285714285715,
        0.8392857142857143,
        0.7098214285714285,
        0.7083333333333334,
        0.6190476190476191,
        0.7857142857142858,
        0.0,
        0.5321428571428571,
        0.29464285714285715,
        0.7544642857142858,
        0.25,
        0.7023809523809524,
        0.8482142857142857,
        0.7142857142857142,
        0.5892857142857143,
        0.4226190476190476,
        0.7008928571428572,
        0.6488095238095238
    ],
    "GreedyAdditional":[
        0.6205357142857143,
        0.8482142857142858,
        0.6642857142857144,
        0.7232142857142858,
        0.5535714285714286,
        0.8178571428571428,
        0.7857142857142857,
        0.6294642857142858,
        0.8035714285714286,
        0.8125,
        0.71875,
        0.7440476190476191,
        0.8511904761904763,
        0.75,
        0.8794642857142858,
        0.8678571428571431,
        0.7857142857142857,
        0.44642857142857145,
        0.0,
        0.4375,
        0.6678571428571429,
        0.7232142857142857,
        0.6666666666666666,
        0.8214285714285714,
        0.875,
        0.630952380952381,
        0.5892857142857143,
        0.6214285714285714,
        0.4776785714285714,
        0.4508928571428571,
        0.6383928571428572,
        0.75,
        0.8035714285714286,
        0.8035714285714286,
        0.6928571428571428,
        0.5714285714285714,
        0.7901785714285714,
        0.7857142857142857,
        0.4464285714285714,
        0.8333333333333334,
        0.8035714285714285,
        0.7321428571428572,
        0.7202380952380952,
        0.6011904761904762,
        0.7428571428571429,
        0.0,
        0.5428571428571429,
        0.3214285714285714,
        0.7991071428571428,
        0.2857142857142857,
        0.75,
        0.8482142857142858,
        0.6964285714285714,
        0.5803571428571429,
        0.4345238095238095,
        0.71875,
        0.6607142857142857
    ],
    "GreedyTotal":[
        0.07589285714285714,
        0.2232142857142857,
        0.375,
        0.48214285714285715,
        0.19642857142857142,
        0.34285714285714286,
        0.16071428571428573,
        0.11607142857142858,
        0.39285714285714285,
        0.40625,
        0.11607142857142858,
        0.3869047619047619,
        0.28571428571428575,
        0.5892857142857143,
        0.20982142857142858,
        0.2,
        0.2619047619047619,
        0.2857142857142857,
        0.0,
        0.5267857142857143,
        0.3678571428571429,
        0.19642857142857142,
        0.20238095238095236,
        0.29910714285714285,
        0.22619047619047616,
        0.1369047619047619,
        0.5,
        0.32857142857142857,
        0.3482142857142857,
        0.40625,
        0.2142857142857143,
        0.2142857142857143,
        0.39285714285714285,
        0.39285714285714285,
        0.25,
        0.09821428571428571,
        0.17410714285714285,
        0.17857142857142858,
        0.10267857142857142,
        0.35714285714285715,
        0.17857142857142858,
        0.27678571428571425,
        0.18452380952380953,
        0.1607142857142857,
        0.3785714285714286,
        0.0,
        0.10357142857142858,
        0.10714285714285715,
        0.3705357142857143,
        0.05357142857142857,
        0.1130952380952381,
        0.5089285714285714,
        0.275,
        0.16964285714285715,
        0.22023809523809523,
        0.27232142857142855,
        0.4523809523809524
    ]
}