{
    "AdditionalTotal":[
        0.4776785714285715,
        0.71875,
        0.6071428571428572,
        0.6428571428571429,
        0.6964285714285714,
        0.6392857142857143,
        0.6964285714285714,
        0.7142857142857143,
        0.75,
        0.7053571428571429,
        0.5848214285714285,
        0.6488095238095238,
        0.7559523809523809,
        0.6339285714285714,
        0.7410714285714286,
        0.6892857142857143,
        0.7440476190476191,
        0.48660714285714285,
        0.0,
        0.4107142857142857,
        0.65,
        0.6830357142857143,
        0.6547619047619048,
        0.5580357142857143,
        0.6964285714285715,
        0.6488095238095237,
        0.6190476190476191,
        0.6000000000000001,
        0.38839285714285715,
        0.5714285714285714,
        0.65625,
        0.5758928571428571,
        0.75,
        0.75,
        0.6035714285714286,
        0.7321428571428571,
        0.5714285714285714,
        0.8214285714285714,
        0.6294642857142857,
        0.7380952380952381,
        0.7321428571428571,
        0.6607142857142857,
        0.6011904761904762,
        0.5595238095238095,
        0.6714285714285715,
        0.0,
        0.5,
        0.5267857142857143,
        0.6160714285714286,
        0.48214285714285715,
        0.6785714285714285,
        0.6607142857142857,
        0.5714285714285714,
        0.6517857142857142,
        0.4583333333333333,
        0.5982142857142857,
        0.6428571428571429
    ],
    "GreedyAdditional":[
        0.4776785714285715,
        0.71875,
        0.6071428571428572,
        0.6428571428571429,
        0.6964285714285714,
        0.6392857142857143,
        0.6964285714285714,
        0.7142857142857143,
        0.75,
        0.7053571428571429,
        0.5848214285714285,
        0.6488095238095238,
        0.7559523809523809,
        0.6339285714285714,
        0.7410714285714286,
        0.6892857142857143,
        0.7440476190476191,
        0.48660714285714285,
        0.0,
        0.4107142857142857,
        0.65,
        0.6830357142857143,
        0.6547619047619048,
        0.5580357142857143,
        0.6964285714285715,
        0.6488095238095237,
        0.6190476190476191,
        0.6000000000000001,
        0.38839285714285715,
        0.5714285714285714,
        0.65625,
        0.5758928571428571,
        0.75,
        0.75,
        0.6035714285714286,
        0.7321428571428571,
        0.5714285714285714,
        0.8214285714285714,
        0.6294642857142857,
        0.7380952380952381,
        0.7321428571428571,
        0.6607142857142857,
        0.6011904761904762,
        0.5595238095238095,
        0.6714285714285715,
        0.0,
        0.5,
        0.5267857142857143,
        0.6160714285714286,
        0.48214285714285715,
        0.6785714285714285,
        0.6607142857142857,
        0.5714285714285714,
        0.6517857142857142,
        0.4583333333333333,
        0.5982142857142857,
        0.6428571428571429
    ],
    "GreedyAdditionalNew":[
        0.5223214285714286,
        0.5267857142857143,
        0.5535714285714286,
        0.6071428571428572,
        0.6071428571428571,
        0.6285714285714286,
        0.625,
        0.5133928571428572,
        0.6428571428571429,
        0.6607142857142858,
        0.6071428571428571,
        0.5952380952380952,
        0.4702380952380953,
        0.5714285714285714,
        0.5535714285714285,
        0.5535714285714286,
        0.6547619047619048,
        0.24107142857142855,
        0.0,
        0.34821428571428575,
        0.4892857142857143,
        0.42410714285714285,
        0.4166666666666667,
        0.5982142857142858,
        0.4523809523809524,
        0.4583333333333333,
        0.17857142857142858,
        0.5142857142857143,
        0.2589285714285714,
        0.34375,
        0.6339285714285715,
        0.6517857142857143,
        0.6428571428571429,
        0.6428571428571429,
        0.5107142857142858,
        0.34821428571428575,
        0.5267857142857143,
        0.8214285714285714,
        0.1875,
        0.7083333333333334,
        0.6785714285714285,
        0.5133928571428571,
        0.4940476190476191,
        0.5833333333333334,
        0.6249999999999999,
        0.0,
        0.55,
        0.026785714285714284,
        0.4642857142857143,
        0.017857142857142856,
        0.6607142857142857,
        0.6785714285714286,
        0.39642857142857146,
        0.35714285714285715,
        0.029761904761904757,
        0.59375,
        0.6309523809523809
    ],
    "GreedyTotal":[
        0.0982142857142857,
        0.19642857142857142,
        0.42857142857142855,
        0.5267857142857143,
        0.4642857142857143,
        0.35,
        0.25,
        0.26339285714285715,
        0.5,
        0.4910714285714286,
        0.1875,
        0.4523809523809524,
        0.18452380952380953,
        0.5892857142857143,
        0.20089285714285715,
        0.1357142857142857,
        0.41071428571428575,
        0.25446428571428575,
        0.0,
        0.49107142857142855,
        0.4321428571428571,
        0.08928571428571427,
        0.2261904761904762,
        0.27678571428571436,
        0.10119047619047618,
        0.18452380952380953,
        0.30357142857142855,
        0.375,
        0.24107142857142858,
        0.19642857142857145,
        0.3125,
        0.2857142857142857,
        0.5,
        0.5,
        0.2785714285714286,
        0.125,
        0.24107142857142858,
        0.25,
        0.09375,
        0.35714285714285715,
        0.26785714285714285,
        0.26339285714285715,
        0.1369047619047619,
        0.33928571428571425,
        0.4357142857142858,
        0.0,
        0.14285714285714285,
        0.03571428571428571,
        0.23214285714285712,
        0.017857142857142856,
        0.2261904761904762,
        0.49107142857142855,
        0.20357142857142857,
        0.13392857142857142,
        0.041666666666666664,
        0.17410714285714285,
        0.22023809523809523
    ]
}