{
    "AdditionalTotal":[
        0.8549668874172186,
        0.8417218543046358,
        0.8099337748344371,
        0.8642384105960265,
        0.9609271523178808,
        0.8496688741721855,
        0.8589403973509934,
        0.9052980132450331,
        0.9066225165562914,
        0.8735099337748344,
        0.8509933774834437,
        0.837748344370861,
        0.9251655629139073,
        0.9132450331125828,
        0.9013245033112584,
        0.9066225165562914,
        0.8894039735099338,
        0.9225165562913907,
        0.7728476821192053,
        0.9105960264900662,
        0.9370860927152318,
        0.8920529801324504,
        0.9225165562913907,
        0.8973509933774835,
        0.9198675496688742,
        0.9397350993377483,
        0.9238410596026491,
        0.813907284768212,
        0.9105960264900662,
        0.8774834437086093,
        0.9013245033112584,
        0.9039735099337749,
        0.918543046357616,
        0.9278145695364238,
        0.890728476821192,
        0.8430463576158941,
        0.9238410596026491,
        0.9278145695364238,
        0.9145695364238411,
        0.9105960264900662,
        0.8165562913907285,
        0.9026490066225166,
        0.8920529801324504,
        0.8788079470198675,
        0.8629139072847682,
        0.828476821192053,
        0.9529801324503312,
        0.9,
        0.9172185430463576
    ],
    "GreedyAdditional":[
        0.9492307692307692,
        0.8938461538461538,
        0.82,
        0.8323076923076923,
        0.943076923076923,
        0.7861538461538461,
        0.9369230769230769,
        0.9061538461538461,
        0.6630769230769231,
        0.7953846153846154,
        0.823076923076923,
        0.7276923076923076,
        0.8261538461538461,
        0.8630769230769231,
        0.8015384615384615,
        0.8292307692307692,
        0.7676923076923077,
        0.78,
        0.743076923076923,
        0.9123076923076923,
        0.8384615384615384,
        0.8446153846153845,
        0.8753846153846153,
        0.9461538461538461,
        0.8784615384615384,
        0.9584615384615385,
        0.8876923076923077,
        0.7276923076923076,
        0.9123076923076923,
        0.6261538461538461,
        0.9553846153846154,
        0.8723076923076922,
        0.9030769230769231,
        0.8753846153846153,
        0.8907692307692308,
        0.82,
        0.8538461538461538,
        0.9369230769230769,
        0.9092307692307692,
        0.8969230769230769,
        0.6846153846153846,
        0.7492307692307691,
        0.8938461538461538,
        0.9215384615384615,
        0.7646153846153846,
        0.8292307692307692,
        0.8938461538461538,
        0.8784615384615384,
        0.8630769230769231
    ],
    "GreedyAdditionalNew":[
        0.9184615384615384,
        0.8323076923076923,
        0.7707692307692308,
        0.8323076923076923,
        0.9276923076923077,
        0.7369230769230769,
        0.8969230769230769,
        0.86,
        0.783076923076923,
        0.783076923076923,
        0.8015384615384615,
        0.7769230769230768,
        0.7769230769230768,
        0.7953846153846154,
        0.7769230769230768,
        0.7892307692307692,
        0.6846153846153846,
        0.8569230769230769,
        0.8015384615384615,
        0.8661538461538462,
        0.7738461538461539,
        0.7923076923076923,
        0.8476923076923076,
        0.9276923076923077,
        0.8169230769230769,
        0.9338461538461538,
        0.8507692307692307,
        0.6753846153846154,
        0.94,
        0.6876923076923076,
        0.9307692307692308,
        0.8353846153846154,
        0.8784615384615384,
        0.8846153846153846,
        0.8938461538461538,
        0.7615384615384615,
        0.78,
        0.9061538461538461,
        0.8630769230769231,
        0.8507692307692307,
        0.6384615384615384,
        0.7061538461538461,
        0.8723076923076922,
        0.9492307692307692,
        0.7892307692307692,
        0.7892307692307692,
        0.8415384615384616,
        0.8538461538461538,
        0.823076923076923
    ],
    "GreedyTotal":[
        0.8630769230769231,
        0.8292307692307692,
        0.8507692307692307,
        0.7523076923076923,
        0.8569230769230769,
        0.7707692307692308,
        0.9092307692307692,
        0.86,
        0.6692307692307692,
        0.7584615384615384,
        0.823076923076923,
        0.6692307692307692,
        0.696923076923077,
        0.6353846153846154,
        0.6784615384615384,
        0.7307692307692307,
        0.62,
        0.7153846153846153,
        0.7615384615384615,
        0.7984615384615384,
        0.6599999999999999,
        0.7861538461538461,
        0.6753846153846154,
        0.8446153846153845,
        0.823076923076923,
        0.8661538461538462,
        0.6907692307692308,
        0.6415384615384615,
        0.8753846153846153,
        0.6292307692307693,
        0.8815384615384615,
        0.823076923076923,
        0.9092307692307692,
        0.74,
        0.9276923076923077,
        0.7769230769230768,
        0.7584615384615384,
        0.82,
        0.8630769230769231,
        0.823076923076923,
        0.6230769230769231,
        0.5861538461538461,
        0.9123076923076923,
        0.9215384615384615,
        0.6384615384615384,
        0.8353846153846154,
        0.8015384615384615,
        0.8476923076923076,
        0.86
    ]
}