{
    "AdditionalTotal":[
        0.9253061224489796,
        0.9179591836734694,
        0.9114285714285715,
        0.9277551020408163,
        0.9636734693877551,
        0.9383673469387755,
        0.9269387755102041,
        0.9563265306122449,
        0.9571428571428572,
        0.936734693877551,
        0.9326530612244899,
        0.8983673469387755,
        0.9587755102040817,
        0.9579591836734694,
        0.9636734693877551,
        0.9563265306122449,
        0.9138775510204082,
        0.9734693877551021,
        0.9195918367346939,
        0.946530612244898,
        0.9726530612244898,
        0.9408163265306123,
        0.959591836734694,
        0.9767346938775511,
        0.9579591836734694,
        0.9555102040816327,
        0.9669387755102041,
        0.8910204081632653,
        0.9653061224489796,
        0.933469387755102,
        0.9538775510204082,
        0.943265306122449,
        0.9310204081632654,
        0.9775510204081633,
        0.949795918367347,
        0.9277551020408163,
        0.9514285714285714,
        0.9587755102040817,
        0.9546938775510204,
        0.970204081632653,
        0.9122448979591837,
        0.9342857142857143,
        0.9710204081632653,
        0.9546938775510204,
        0.9277551020408163,
        0.903265306122449,
        0.9636734693877551,
        0.9644897959183674,
        0.9620408163265306
    ],
    "GreedyAdditional":[
        0.86,
        0.8076923076923077,
        0.7584615384615384,
        0.7923076923076923,
        0.8692307692307693,
        0.8969230769230769,
        0.8292307692307692,
        0.9553846153846154,
        0.86,
        0.9215384615384615,
        0.783076923076923,
        0.86,
        0.86,
        0.9153846153846154,
        0.9030769230769231,
        0.8692307692307693,
        0.6723076923076923,
        0.8723076923076922,
        0.7953846153846154,
        0.8784615384615384,
        0.8753846153846153,
        0.9184615384615384,
        0.8723076923076922,
        0.9246153846153846,
        0.9492307692307692,
        0.9523076923076923,
        0.8846153846153846,
        0.7769230769230768,
        0.94,
        0.8415384615384616,
        0.9646153846153845,
        0.9246153846153846,
        0.9615384615384615,
        0.9153846153846154,
        0.9276923076923077,
        0.7923076923076923,
        0.8661538461538462,
        0.9553846153846154,
        0.9615384615384615,
        0.9492307692307692,
        0.8907692307692308,
        0.8907692307692308,
        0.8538461538461538,
        0.9615384615384615,
        0.7461538461538462,
        0.6815384615384615,
        0.9061538461538461,
        0.9369230769230769,
        0.9307692307692308
    ],
    "GreedyAdditionalNew":[
        0.8169230769230769,
        0.7707692307692308,
        0.9061538461538461,
        0.7615384615384615,
        0.823076923076923,
        0.823076923076923,
        0.8015384615384615,
        0.9338461538461538,
        0.8507692307692307,
        0.8753846153846153,
        0.7676923076923077,
        0.7769230769230768,
        0.7769230769230768,
        0.8630769230769231,
        0.8969230769230769,
        0.8015384615384615,
        0.5523076923076923,
        0.8938461538461538,
        0.823076923076923,
        0.8292307692307692,
        0.8076923076923077,
        0.8661538461538462,
        0.7984615384615384,
        0.9123076923076923,
        0.9246153846153846,
        0.9246153846153846,
        0.82,
        0.7061538461538461,
        0.9461538461538461,
        0.7769230769230768,
        0.9492307692307692,
        0.8723076923076922,
        0.9369230769230769,
        0.9030769230769231,
        0.9184615384615384,
        0.7184615384615385,
        0.8107692307692307,
        0.9276923076923077,
        0.943076923076923,
        0.9246153846153846,
        0.823076923076923,
        0.8261538461538461,
        0.9061538461538461,
        0.98,
        0.7092307692307692,
        0.7123076923076923,
        0.8815384615384615,
        0.8907692307692308,
        0.8846153846153846
    ],
    "GreedyTotal":[
        0.8907692307692308,
        0.8999999999999999,
        0.9246153846153846,
        0.7892307692307692,
        0.8476923076923076,
        0.8876923076923077,
        0.8876923076923077,
        0.9307692307692308,
        0.7553846153846153,
        0.8353846153846154,
        0.8353846153846154,
        0.7676923076923077,
        0.7676923076923077,
        0.8046153846153846,
        0.82,
        0.8015384615384615,
        0.6476923076923077,
        0.7892307692307692,
        0.8046153846153846,
        0.8692307692307693,
        0.7338461538461538,
        0.8846153846153846,
        0.74,
        0.9523076923076923,
        0.9123076923076923,
        0.8907692307692308,
        0.7707692307692308,
        0.6630769230769231,
        0.9030769230769231,
        0.8076923076923077,
        0.9676923076923076,
        0.8999999999999999,
        0.94,
        0.7738461538461539,
        0.8784615384615384,
        0.7646153846153846,
        0.8661538461538462,
        0.8938461538461538,
        0.9153846153846154,
        0.9153846153846154,
        0.7646153846153846,
        0.6907692307692308,
        0.8753846153846153,
        0.94,
        0.6753846153846154,
        0.7676923076923077,
        0.8815384615384615,
        0.9061538461538461,
        0.9184615384615384
    ]
}