{
    "AdditionalTotal":[
        0.9810362694300518,
        0.9789637305699482,
        0.9715025906735751,
        0.9814507772020725,
        0.9853886010362695,
        0.9806217616580312,
        0.9791709844559586,
        0.986839378238342,
        0.9853886010362695,
        0.9779274611398964,
        0.9789637305699482,
        0.9739896373056995,
        0.9895336787564767,
        0.9893264248704663,
        0.9870466321243524,
        0.9872538860103627,
        0.9779274611398964,
        0.9895336787564767,
        0.9677720207253886,
        0.9864248704663212,
        0.9909844559585492,
        0.9849740932642487,
        0.9897409326424871,
        0.9866321243523316,
        0.9893264248704663,
        0.9887046632124352,
        0.9878756476683938,
        0.9719170984455959,
        0.9853886010362695,
        0.9831088082901555,
        0.9862176165803109,
        0.9855958549222799,
        0.9824870466321244,
        0.9905699481865285,
        0.9835233160621762,
        0.9777202072538861,
        0.9876683937823835,
        0.9895336787564767,
        0.9884974093264249,
        0.9887046632124352,
        0.9737823834196891,
        0.9831088082901555,
        0.9810362694300518,
        0.9826943005181348,
        0.9814507772020725,
        0.9750259067357513,
        0.9907772020725388,
        0.9835233160621762,
        0.9862176165803109
    ],
    "GreedyAdditional":[
        0.9738461538461538,
        0.823076923076923,
        0.8569230769230769,
        0.8015384615384615,
        0.9369230769230769,
        0.9307692307692308,
        0.8169230769230769,
        0.9676923076923076,
        0.8784615384615384,
        0.8569230769230769,
        0.7923076923076923,
        0.8846153846153846,
        0.8846153846153846,
        0.9246153846153846,
        0.9123076923076923,
        0.8907692307692308,
        0.7615384615384615,
        0.8723076923076922,
        0.8907692307692308,
        0.9061538461538461,
        0.8815384615384615,
        0.9492307692307692,
        0.7923076923076923,
        0.9615384615384615,
        0.9738461538461538,
        0.9584615384615385,
        0.8876923076923077,
        0.7276923076923076,
        0.943076923076923,
        0.8876923076923077,
        0.9738461538461538,
        0.943076923076923,
        0.9338461538461538,
        0.9246153846153846,
        0.7861538461538461,
        0.8015384615384615,
        0.9030769230769231,
        0.9553846153846154,
        0.9769230769230769,
        0.9738461538461538,
        0.823076923076923,
        0.8446153846153845,
        0.94,
        0.9523076923076923,
        0.6569230769230769,
        0.6446153846153846,
        0.9492307692307692,
        0.9461538461538461,
        0.9369230769230769
    ],
    "GreedyAdditionalNew":[
        0.9584615384615385,
        0.9246153846153846,
        0.8292307692307692,
        0.7676923076923077,
        0.9061538461538461,
        0.8938461538461538,
        0.9338461538461538,
        0.9646153846153845,
        0.8969230769230769,
        0.8292307692307692,
        0.9153846153846154,
        0.8353846153846154,
        0.8353846153846154,
        0.8846153846153846,
        0.9153846153846154,
        0.8569230769230769,
        0.7,
        0.8569230769230769,
        0.8507692307692307,
        0.8723076923076922,
        0.8476923076923076,
        0.9184615384615384,
        0.8692307692307693,
        0.943076923076923,
        0.9553846153846154,
        0.9338461538461538,
        0.8384615384615384,
        0.6815384615384615,
        0.9676923076923076,
        0.8630769230769231,
        0.9769230769230769,
        0.9061538461538461,
        0.8969230769230769,
        0.9184615384615384,
        0.7892307692307692,
        0.7553846153846153,
        0.8661538461538462,
        0.9307692307692308,
        0.9615384615384615,
        0.9553846153846154,
        0.7676923076923077,
        0.7923076923076923,
        0.9030769230769231,
        0.9861538461538462,
        0.7276923076923076,
        0.7276923076923076,
        0.9184615384615384,
        0.9123076923076923,
        0.9369230769230769
    ],
    "GreedyTotal":[
        0.9646153846153845,
        0.9215384615384615,
        0.9092307692307692,
        0.8292307692307692,
        0.8138461538461539,
        0.8353846153846154,
        0.9092307692307692,
        0.9092307692307692,
        0.7615384615384615,
        0.7892307692307692,
        0.8446153846153845,
        0.7153846153846153,
        0.7153846153846153,
        0.74,
        0.7892307692307692,
        0.783076923076923,
        0.6507692307692308,
        0.7307692307692307,
        0.8323076923076923,
        0.8015384615384615,
        0.6907692307692308,
        0.8323076923076923,
        0.6630769230769231,
        0.9369230769230769,
        0.8692307692307693,
        0.8446153846153845,
        0.7492307692307691,
        0.6507692307692308,
        0.8907692307692308,
        0.7892307692307692,
        0.9676923076923076,
        0.8630769230769231,
        0.9338461538461538,
        0.703076923076923,
        0.8999999999999999,
        0.8046153846153846,
        0.7984615384615384,
        0.8784615384615384,
        0.8723076923076922,
        0.8784615384615384,
        0.6815384615384615,
        0.5707692307692307,
        0.8938461538461538,
        0.943076923076923,
        0.6630769230769231,
        0.7861538461538461,
        0.8292307692307692,
        0.8753846153846153,
        0.9030769230769231
    ]
}