{
    "ARTMaxMin":[
        0.9692307692307692,
        0.7846153846153846,
        0.9538461538461539,
        0.7846153846153846,
        0,
        0.9230769230769231,
        0.7846153846153846,
        0.9692307692307692,
        0.7846153846153846,
        0.7230769230769231,
        0.7538461538461538,
        0.5538461538461539,
        0.5538461538461539,
        0.8769230769230769,
        0.4,
        0.8153846153846154,
        0.4,
        0.8,
        0,
        0,
        0.5230769230769231,
        0.5538461538461539,
        0.8923076923076924,
        0.9692307692307692,
        0.7692307692307693,
        0.3076923076923077,
        0.8923076923076924,
        0,
        0.9692307692307692,
        0.9692307692307692,
        0.7846153846153846,
        0.7230769230769231,
        0.6307692307692307,
        0.36923076923076925,
        0.7230769230769231,
        0.8923076923076924,
        0.5384615384615384,
        0.7846153846153846,
        0.5384615384615384,
        0.36923076923076925,
        0.9538461538461539,
        0.5846153846153846,
        0.9538461538461539,
        0.9538461538461539,
        0.5384615384615384,
        0,
        0.9692307692307692,
        0,
        0.5538461538461539
    ],
    "Genetic":[
        0.7538461538461538,
        0.6,
        0.8,
        0.6,
        0,
        0.7230769230769231,
        0.6,
        0.7538461538461538,
        0.6,
        0.5846153846153846,
        0.5692307692307692,
        0.06153846153846154,
        0.06153846153846154,
        0.6923076923076923,
        0.7384615384615385,
        0.6,
        0.7384615384615385,
        0.9230769230769231,
        0,
        0,
        0.7538461538461538,
        0.06153846153846154,
        0.7538461538461538,
        0.7538461538461538,
        0.676923076923077,
        0.38461538461538464,
        0.7538461538461538,
        0,
        0.7538461538461538,
        0.7538461538461538,
        0.6,
        0.5846153846153846,
        0.8461538461538461,
        0.12307692307692308,
        0.5846153846153846,
        0.9230769230769231,
        0.47692307692307695,
        0.6,
        0.4153846153846154,
        0.12307692307692308,
        0.8,
        0.8,
        0.8461538461538461,
        0.5538461538461539,
        0.4153846153846154,
        0,
        0.7538461538461538,
        0,
        0.06153846153846154
    ],
    "GreedyAdditional":[
        0.7538461538461538,
        0.5692307692307692,
        0.7230769230769231,
        0.5692307692307692,
        0,
        0.5846153846153846,
        0.5692307692307692,
        0.7538461538461538,
        0.5692307692307692,
        0.36923076923076925,
        0.47692307692307695,
        0.3384615384615385,
        0.3384615384615385,
        0.5692307692307692,
        0.6,
        0.9538461538461539,
        0.6,
        0.9076923076923077,
        0,
        0,
        0.49230769230769234,
        0.3384615384615385,
        0.49230769230769234,
        0.7538461538461538,
        0.4461538461538462,
        0.3076923076923077,
        0.49230769230769234,
        0,
        0.7538461538461538,
        0.6461538461538462,
        0.5692307692307692,
        0.36923076923076925,
        0.5538461538461539,
        0.12307692307692308,
        0.36923076923076925,
        0.9076923076923077,
        0.8,
        0.5692307692307692,
        0.3230769230769231,
        0.12307692307692308,
        0.7230769230769231,
        0.8,
        0.7230769230769231,
        0.49230769230769234,
        0.3230769230769231,
        0,
        0.6461538461538462,
        0,
        0.3384615384615385
    ],
    "GreedyTotal":[
        0.46153846153846156,
        0.26153846153846155,
        0.4307692307692308,
        0.26153846153846155,
        0,
        0.38461538461538464,
        0.26153846153846155,
        0.46153846153846156,
        0.26153846153846155,
        0.1076923076923077,
        0.4153846153846154,
        0.24615384615384617,
        0.24615384615384617,
        0.24615384615384617,
        0.18461538461538463,
        0.9076923076923077,
        0.18461538461538463,
        0.7692307692307693,
        0,
        0,
        0.09230769230769231,
        0.24615384615384617,
        0.13846153846153847,
        0.46153846153846156,
        0.16923076923076924,
        0.09230769230769231,
        0.13846153846153847,
        0,
        0.46153846153846156,
        0.36923076923076925,
        0.26153846153846155,
        0.1076923076923077,
        0.36923076923076925,
        0.09230769230769231,
        0.1076923076923077,
        0.7692307692307693,
        0.6615384615384615,
        0.26153846153846155,
        0.07692307692307693,
        0.09230769230769231,
        0.4307692307692308,
        0.6615384615384615,
        0.4307692307692308,
        0.38461538461538464,
        0.07692307692307693,
        0,
        0.36923076923076925,
        0,
        0.24615384615384617
    ]
}