{
    "ARTMaxMin":[
        0.7415384615384616,
        0.8269230769230769,
        0.8717948717948718,
        0.7076923076923076,
        0.8500000000000001,
        0.6384615384615384,
        0.8538461538461538,
        0.7353846153846154,
        0.7653846153846154,
        0.8923076923076924,
        0.8461538461538461,
        0.6653846153846155,
        0.803076923076923,
        0.8215384615384614,
        0.6346153846153847,
        0.8615384615384616,
        0.5128205128205128,
        0.7138461538461538,
        0.8807692307692307,
        0.7115384615384615,
        0.6030769230769231,
        0.5815384615384616,
        0.6892307692307692,
        0.9138461538461538,
        0.6246153846153846,
        0.6523076923076923,
        0.7815384615384615,
        0.4205128205128205,
        0.7538461538461538,
        0.6707692307692308,
        0.796923076923077,
        0.68,
        0.7261538461538461,
        0.5969230769230769,
        0.75,
        0.6,
        0.6692307692307692,
        0.7538461538461538,
        0.6092307692307692,
        0.8,
        0.8512820512820514,
        0.6653846153846154,
        0.7538461538461539,
        0.6615384615384615,
        0.5307692307692308,
        0.7179487179487181,
        0.7938461538461539,
        0.8730769230769231,
        0.803076923076923
    ],
    "Genetic":[
        0.6953846153846154,
        0.6576923076923077,
        0.8205128205128206,
        0.7115384615384616,
        0.7576923076923077,
        0.42692307692307696,
        0.6461538461538462,
        0.6523076923076923,
        0.5961538461538461,
        0.7307692307692308,
        0.6615384615384616,
        0.6538461538461537,
        0.6523076923076923,
        0.7415384615384616,
        0.6269230769230769,
        0.6653846153846154,
        0.5333333333333333,
        0.5353846153846155,
        0.6461538461538462,
        0.6038461538461538,
        0.5661538461538462,
        0.5015384615384615,
        0.6738461538461539,
        0.7876923076923077,
        0.4615384615384615,
        0.6861538461538461,
        0.7107692307692308,
        0.4358974358974359,
        0.6707692307692308,
        0.3538461538461538,
        0.6707692307692308,
        0.43076923076923074,
        0.5384615384615385,
        0.49230769230769234,
        0.5384615384615385,
        0.4346153846153846,
        0.5576923076923077,
        0.7015384615384616,
        0.46461538461538454,
        0.6461538461538462,
        0.794871794871795,
        0.5769230769230769,
        0.6830769230769231,
        0.5569230769230769,
        0.43076923076923085,
        0.5589743589743591,
        0.72,
        0.7576923076923077,
        0.563076923076923
    ],
    "GreedyAdditional":[
        0.6246153846153846,
        0.5846153846153845,
        0.7487179487179487,
        0.5461538461538462,
        0.6423076923076924,
        0.4423076923076923,
        0.6153846153846154,
        0.5630769230769231,
        0.41923076923076924,
        0.6,
        0.6230769230769231,
        0.65,
        0.6430769230769231,
        0.6584615384615384,
        0.5153846153846154,
        0.6615384615384616,
        0.5794871794871795,
        0.5015384615384615,
        0.5269230769230769,
        0.5269230769230769,
        0.46461538461538465,
        0.39384615384615385,
        0.5384615384615385,
        0.7230769230769231,
        0.4123076923076924,
        0.6092307692307692,
        0.56,
        0.4102564102564103,
        0.5723076923076923,
        0.3507692307692308,
        0.6153846153846153,
        0.43076923076923074,
        0.40615384615384614,
        0.4615384615384615,
        0.4423076923076923,
        0.4807692307692307,
        0.5461538461538462,
        0.6492307692307693,
        0.4861538461538462,
        0.6030769230769231,
        0.682051282051282,
        0.6423076923076922,
        0.43692307692307697,
        0.4953846153846154,
        0.34230769230769226,
        0.5538461538461539,
        0.72,
        0.6461538461538462,
        0.5753846153846154
    ],
    "GreedyTotal":[
        0.40615384615384614,
        0.2884615384615385,
        0.5538461538461539,
        0.3192307692307692,
        0.4884615384615385,
        0.2884615384615385,
        0.41923076923076924,
        0.4769230769230769,
        0.34615384615384615,
        0.4153846153846154,
        0.48846153846153845,
        0.5115384615384615,
        0.43692307692307697,
        0.3323076923076923,
        0.2846153846153846,
        0.47307692307692306,
        0.36410256410256414,
        0.3138461538461539,
        0.2846153846153846,
        0.36923076923076925,
        0.2615384615384616,
        0.3015384615384616,
        0.3046153846153846,
        0.4830769230769231,
        0.3076923076923077,
        0.4769230769230769,
        0.25538461538461543,
        0.28205128205128205,
        0.47384615384615386,
        0.20923076923076925,
        0.39692307692307693,
        0.2338461538461539,
        0.18153846153846157,
        0.32,
        0.21153846153846156,
        0.35384615384615387,
        0.423076923076923,
        0.3876923076923077,
        0.3538461538461538,
        0.43692307692307697,
        0.4153846153846154,
        0.5,
        0.39692307692307693,
        0.3261538461538461,
        0.1576923076923077,
        0.4461538461538462,
        0.5969230769230769,
        0.4230769230769231,
        0.4523076923076923
    ]
}