{
    "AdditionalTotal":[
        0.2781456953642384,
        0.32781456953642385,
        0.33774834437086093,
        0.27649006622516553,
        0.38576158940397354,
        0.19370860927152317,
        0.3443708609271523,
        0.25165562913907286,
        0.34933774834437087,
        0.3543046357615894,
        0.3096026490066225,
        0.3162251655629139,
        0.3496688741721854,
        0.3443708609271523,
        0.326158940397351,
        0.33774834437086093,
        0.31125827814569534,
        0.3443708609271523,
        0.23013245033112578,
        0.26986754966887416,
        0.30993377483443707,
        0.2370860927152318,
        0.35894039735099337,
        0.33642384105960266,
        0.28741721854304636,
        0.34966887417218545,
        0.3443708609271523,
        0.23399558498896247,
        0.3470198675496689,
        0.24768211920529803,
        0.33774834437086093,
        0.2410596026490066,
        0.32317880794701986,
        0.2410596026490066,
        0.26986754966887416,
        0.26158940397350994,
        0.35927152317880795,
        0.3456953642384106,
        0.2543046357615894,
        0.26887417218543047,
        0.3267108167770419,
        0.3029801324503311,
        0.2834437086092715,
        0.32715231788079474,
        0.326158940397351,
        0.2560706401766005,
        0.32450331125827814,
        0.3509933774834437,
        0.3165562913907285
    ],
    "GreedyAdditional":[
        0.6246153846153846,
        0.5846153846153845,
        0.7487179487179487,
        0.5461538461538462,
        0.6423076923076924,
        0.4423076923076923,
        0.6153846153846154,
        0.5630769230769231,
        0.41923076923076924,
        0.6,
        0.6230769230769231,
        0.65,
        0.6430769230769231,
        0.6584615384615384,
        0.5153846153846154,
        0.6615384615384616,
        0.5794871794871795,
        0.5015384615384615,
        0.5269230769230769,
        0.5269230769230769,
        0.46461538461538465,
        0.39384615384615385,
        0.5384615384615385,
        0.7230769230769231,
        0.4123076923076924,
        0.6092307692307692,
        0.56,
        0.4102564102564103,
        0.5723076923076923,
        0.3507692307692308,
        0.6153846153846153,
        0.43076923076923074,
        0.40615384615384614,
        0.4615384615384615,
        0.4423076923076923,
        0.4807692307692307,
        0.5461538461538462,
        0.6492307692307693,
        0.4861538461538462,
        0.6030769230769231,
        0.682051282051282,
        0.6423076923076922,
        0.43692307692307697,
        0.4953846153846154,
        0.34230769230769226,
        0.5538461538461539,
        0.72,
        0.6461538461538462,
        0.5753846153846154
    ],
    "GreedyAdditionalNew":[
        0.5784615384615386,
        0.6038461538461539,
        0.7948717948717948,
        0.5384615384615385,
        0.6153846153846154,
        0.42692307692307696,
        0.6653846153846155,
        0.5846153846153845,
        0.6423076923076922,
        0.5692307692307693,
        0.6769230769230768,
        0.6423076923076922,
        0.6246153846153846,
        0.6184615384615384,
        0.48461538461538467,
        0.6730769230769231,
        0.5384615384615384,
        0.6061538461538462,
        0.5423076923076923,
        0.5615384615384615,
        0.41230769230769226,
        0.41230769230769226,
        0.5292307692307692,
        0.6984615384615385,
        0.43692307692307697,
        0.6399999999999999,
        0.5076923076923078,
        0.4615384615384615,
        0.6615384615384615,
        0.4338461538461539,
        0.6430769230769231,
        0.4338461538461539,
        0.3846153846153847,
        0.5261538461538462,
        0.5038461538461538,
        0.4423076923076923,
        0.55,
        0.6615384615384616,
        0.5015384615384615,
        0.6,
        0.6923076923076922,
        0.6423076923076922,
        0.4092307692307692,
        0.6092307692307692,
        0.40384615384615385,
        0.6000000000000001,
        0.6984615384615385,
        0.6192307692307693,
        0.5907692307692308
    ],
    "GreedyTotal":[
        0.40615384615384614,
        0.2884615384615385,
        0.5538461538461539,
        0.3192307692307692,
        0.4884615384615385,
        0.2884615384615385,
        0.41923076923076924,
        0.4769230769230769,
        0.34615384615384615,
        0.4153846153846154,
        0.48846153846153845,
        0.5115384615384615,
        0.43692307692307697,
        0.3323076923076923,
        0.2846153846153846,
        0.47307692307692306,
        0.36410256410256414,
        0.3138461538461539,
        0.2846153846153846,
        0.36923076923076925,
        0.2615384615384616,
        0.3015384615384616,
        0.3046153846153846,
        0.4830769230769231,
        0.3076923076923077,
        0.4769230769230769,
        0.25538461538461543,
        0.28205128205128205,
        0.47384615384615386,
        0.20923076923076925,
        0.39692307692307693,
        0.2338461538461539,
        0.18153846153846157,
        0.32,
        0.21153846153846156,
        0.35384615384615387,
        0.423076923076923,
        0.3876923076923077,
        0.3538461538461538,
        0.43692307692307697,
        0.4153846153846154,
        0.5,
        0.39692307692307693,
        0.3261538461538461,
        0.1576923076923077,
        0.4461538461538462,
        0.5969230769230769,
        0.4230769230769231,
        0.4523076923076923
    ]
}