{
    "AdditionalTotal":[
        0.8246153846153847,
        0.6730769230769231,
        0.9128205128205128,
        0.6423076923076924,
        0.8076923076923077,
        0.6230769230769231,
        0.65,
        0.8092307692307692,
        0.5576923076923077,
        0.8500000000000001,
        0.7538461538461538,
        0.6923076923076923,
        0.6430769230769232,
        0.7538461538461538,
        0.5730769230769232,
        0.6615384615384615,
        0.48717948717948717,
        0.5846153846153846,
        0.7730769230769231,
        0.6038461538461538,
        0.4492307692307692,
        0.5415384615384615,
        0.4953846153846154,
        0.8523076923076923,
        0.5200000000000001,
        0.5446153846153846,
        0.6615384615384616,
        0.36923076923076925,
        0.7323076923076923,
        0.5876923076923077,
        0.76,
        0.5907692307692308,
        0.5753846153846154,
        0.40307692307692317,
        0.6,
        0.5653846153846154,
        0.5576923076923077,
        0.6584615384615385,
        0.5784615384615386,
        0.7230769230769231,
        0.8717948717948718,
        0.6038461538461538,
        0.7692307692307693,
        0.6461538461538462,
        0.38846153846153847,
        0.5282051282051282,
        0.8092307692307692,
        0.8153846153846154,
        0.6830769230769231
    ],
    "GreedyAdditional":[
        0.8246153846153847,
        0.6730769230769231,
        0.9128205128205128,
        0.6423076923076924,
        0.8076923076923077,
        0.6230769230769231,
        0.65,
        0.8092307692307692,
        0.5576923076923077,
        0.8500000000000001,
        0.7538461538461538,
        0.6923076923076923,
        0.6430769230769232,
        0.7538461538461538,
        0.5730769230769232,
        0.6615384615384615,
        0.48717948717948717,
        0.5846153846153846,
        0.7730769230769231,
        0.6038461538461538,
        0.4492307692307692,
        0.5415384615384615,
        0.4953846153846154,
        0.8523076923076923,
        0.5200000000000001,
        0.5446153846153846,
        0.6615384615384616,
        0.36923076923076925,
        0.7323076923076923,
        0.5876923076923077,
        0.76,
        0.5907692307692308,
        0.5753846153846154,
        0.40307692307692317,
        0.6,
        0.5653846153846154,
        0.5576923076923077,
        0.6584615384615385,
        0.5784615384615386,
        0.7230769230769231,
        0.8717948717948718,
        0.6038461538461538,
        0.7692307692307693,
        0.6461538461538462,
        0.38846153846153847,
        0.5282051282051282,
        0.8092307692307692,
        0.8153846153846154,
        0.6830769230769231
    ],
    "GreedyAdditionalSimilarity":[
        0.5507692307692309,
        0.4692307692307693,
        0.7487179487179487,
        0.30769230769230765,
        0.6038461538461538,
        0.4923076923076923,
        0.38076923076923075,
        0.7107692307692308,
        0.3923076923076923,
        0.5384615384615384,
        0.4884615384615385,
        0.7115384615384615,
        0.4553846153846154,
        0.5292307692307692,
        0.36153846153846153,
        0.46923076923076923,
        0.47179487179487184,
        0.40307692307692305,
        0.38846153846153847,
        0.5269230769230769,
        0.2338461538461539,
        0.6123076923076922,
        0.20307692307692307,
        0.6369230769230769,
        0.4492307692307692,
        0.5107692307692308,
        0.38461538461538464,
        0.34358974358974353,
        0.5846153846153845,
        0.4707692307692307,
        0.4707692307692308,
        0.4461538461538462,
        0.3138461538461539,
        0.37230769230769234,
        0.3423076923076923,
        0.45769230769230773,
        0.42307692307692313,
        0.4461538461538462,
        0.5323076923076924,
        0.716923076923077,
        0.641025641025641,
        0.6538461538461539,
        0.5692307692307692,
        0.2553846153846154,
        0.11923076923076924,
        0.5641025641025641,
        0.6461538461538462,
        0.5884615384615385,
        0.5569230769230769
    ],
    "GreedyTotal":[
        0.4276923076923077,
        0.3769230769230769,
        0.6974358974358975,
        0.24615384615384617,
        0.5153846153846154,
        0.41538461538461535,
        0.46153846153846156,
        0.4861538461538462,
        0.28076923076923077,
        0.5038461538461539,
        0.4807692307692308,
        0.55,
        0.4338461538461539,
        0.40307692307692305,
        0.36153846153846153,
        0.3961538461538462,
        0.358974358974359,
        0.36000000000000004,
        0.3384615384615384,
        0.4076923076923077,
        0.21538461538461542,
        0.49846153846153846,
        0.12,
        0.46461538461538454,
        0.27384615384615385,
        0.29538461538461536,
        0.316923076923077,
        0.11794871794871796,
        0.4123076923076924,
        0.4338461538461539,
        0.3353846153846154,
        0.4123076923076924,
        0.3476923076923077,
        0.2615384615384615,
        0.40384615384615385,
        0.423076923076923,
        0.14615384615384616,
        0.396923076923077,
        0.3107692307692308,
        0.5846153846153845,
        0.5435897435897435,
        0.33461538461538465,
        0.46461538461538465,
        0.3076923076923077,
        0.11538461538461539,
        0.3384615384615384,
        0.5015384615384615,
        0.5538461538461539,
        0.6523076923076923
    ]
}