{
    "AdditionalTotal":[
        0.7661538461538462,
        0.8846153846153846,
        0.9538461538461539,
        0.7230769230769232,
        0.7884615384615384,
        0.5923076923076923,
        0.8846153846153846,
        0.7446153846153846,
        0.8192307692307692,
        0.776923076923077,
        0.8115384615384615,
        0.6884615384615385,
        0.6553846153846153,
        0.8246153846153845,
        0.726923076923077,
        0.7461538461538462,
        0.5589743589743591,
        0.6923076923076923,
        0.7153846153846154,
        0.75,
        0.633846153846154,
        0.6092307692307692,
        0.7723076923076924,
        0.8738461538461539,
        0.7661538461538462,
        0.8153846153846154,
        0.6646153846153846,
        0.7025641025641026,
        0.8769230769230768,
        0.4153846153846154,
        0.9015384615384615,
        0.5138461538461538,
        0.6584615384615384,
        0.6523076923076923,
        0.55,
        0.5038461538461538,
        0.8423076923076924,
        0.836923076923077,
        0.6123076923076923,
        0.7292307692307693,
        0.8974358974358975,
        0.6269230769230769,
        0.6215384615384616,
        0.9261538461538461,
        0.6538461538461539,
        0.6769230769230768,
        0.6861538461538462,
        0.8,
        0.7230769230769231
    ],
    "GreedyAdditional":[
        0.7661538461538462,
        0.8846153846153846,
        0.9538461538461539,
        0.7230769230769232,
        0.7884615384615384,
        0.5923076923076923,
        0.8846153846153846,
        0.7446153846153846,
        0.8192307692307692,
        0.776923076923077,
        0.8115384615384615,
        0.6884615384615385,
        0.6553846153846153,
        0.8246153846153845,
        0.726923076923077,
        0.7461538461538462,
        0.5589743589743591,
        0.6923076923076923,
        0.7153846153846154,
        0.75,
        0.633846153846154,
        0.6092307692307692,
        0.7723076923076924,
        0.8738461538461539,
        0.7661538461538462,
        0.8153846153846154,
        0.6646153846153846,
        0.7025641025641026,
        0.8769230769230768,
        0.4153846153846154,
        0.9015384615384615,
        0.5138461538461538,
        0.6584615384615384,
        0.6523076923076923,
        0.55,
        0.5038461538461538,
        0.8423076923076924,
        0.836923076923077,
        0.6123076923076923,
        0.7292307692307693,
        0.8974358974358975,
        0.6269230769230769,
        0.6215384615384616,
        0.9261538461538461,
        0.6538461538461539,
        0.6769230769230768,
        0.6861538461538462,
        0.8,
        0.7230769230769231
    ],
    "GreedyAdditionalSimilarity":[
        0.6,
        0.38846153846153847,
        0.9025641025641026,
        0.40384615384615385,
        0.5769230769230769,
        0.3961538461538462,
        0.39230769230769236,
        0.6953846153846154,
        0.3807692307692308,
        0.5384615384615384,
        0.6115384615384616,
        0.6538461538461539,
        0.43692307692307686,
        0.6799999999999999,
        0.3461538461538462,
        0.46923076923076923,
        0.3076923076923077,
        0.4276923076923077,
        0.5230769230769231,
        0.4807692307692308,
        0.24000000000000005,
        0.34461538461538466,
        0.2523076923076923,
        0.7323076923076923,
        0.15692307692307692,
        0.41538461538461535,
        0.34153846153846157,
        0.2512820512820513,
        0.5353846153846155,
        0.2830769230769231,
        0.5138461538461538,
        0.29846153846153844,
        0.3538461538461538,
        0.38769230769230767,
        0.23076923076923078,
        0.3846153846153846,
        0.38076923076923075,
        0.37846153846153846,
        0.38153846153846155,
        0.6923076923076923,
        0.8205128205128206,
        0.5038461538461538,
        0.41230769230769226,
        0.34461538461538466,
        0.10384615384615385,
        0.3333333333333333,
        0.7415384615384616,
        0.6192307692307693,
        0.4707692307692308
    ],
    "GreedyTotal":[
        0.52,
        0.36538461538461536,
        0.7897435897435897,
        0.35384615384615387,
        0.4346153846153846,
        0.4884615384615385,
        0.3230769230769231,
        0.6676923076923077,
        0.25384615384615383,
        0.47307692307692306,
        0.6115384615384616,
        0.6230769230769231,
        0.49846153846153846,
        0.563076923076923,
        0.39615384615384613,
        0.4461538461538461,
        0.4615384615384616,
        0.4246153846153845,
        0.3923076923076923,
        0.3884615384615384,
        0.24000000000000005,
        0.41230769230769226,
        0.21538461538461542,
        0.6430769230769231,
        0.15692307692307694,
        0.30461538461538457,
        0.3538461538461538,
        0.17435897435897438,
        0.5292307692307692,
        0.5169230769230768,
        0.4953846153846155,
        0.4,
        0.17846153846153845,
        0.3076923076923077,
        0.28076923076923077,
        0.47307692307692306,
        0.17692307692307693,
        0.4461538461538462,
        0.3323076923076923,
        0.6769230769230768,
        0.6769230769230768,
        0.4192307692307692,
        0.37230769230769234,
        0.3384615384615385,
        0.1730769230769231,
        0.3076923076923077,
        0.6984615384615385,
        0.47692307692307695,
        0.5815384615384616
    ]
}