{
    "ARTMaxMin":[
        0.7353846153846154,
        0.9692307692307692,
        0.7999999999999999,
        0.7000000000000001,
        0.8692307692307693,
        0.5,
        0.9346153846153846,
        0.8123076923076923,
        0.7076923076923077,
        0.8653846153846154,
        0.9153846153846155,
        0.6346153846153846,
        0.7384615384615385,
        0.7692307692307693,
        0.7923076923076924,
        0.7884615384615385,
        0.6256410256410256,
        0.7846153846153847,
        0.823076923076923,
        0.6846153846153846,
        0.6276923076923077,
        0.5015384615384615,
        0.7476923076923077,
        0.9323076923076924,
        0.9569230769230769,
        0.7538461538461539,
        0.7630769230769231,
        0.517948717948718,
        0.8153846153846154,
        0.5046153846153846,
        0.836923076923077,
        0.6276923076923078,
        0.72,
        0.6,
        0.7346153846153847,
        0.5461538461538461,
        0.8923076923076922,
        0.8492307692307692,
        0.8430769230769231,
        0.7938461538461539,
        0.7538461538461538,
        0.8730769230769231,
        0.8092307692307694,
        0.7015384615384616,
        0.6538461538461539,
        0.923076923076923,
        0.9261538461538462,
        0.8538461538461538,
        0.7846153846153846
    ],
    "Genetic":[
        0.7753846153846153,
        0.8115384615384615,
        0.841025641025641,
        0.7423076923076923,
        0.6692307692307693,
        0.5038461538461538,
        0.8499999999999999,
        0.7846153846153846,
        0.7346153846153847,
        0.6692307692307693,
        0.7461538461538462,
        0.6269230769230769,
        0.6615384615384615,
        0.7507692307692309,
        0.6653846153846154,
        0.7807692307692309,
        0.5897435897435898,
        0.6646153846153846,
        0.6538461538461539,
        0.7653846153846154,
        0.7292307692307693,
        0.5661538461538461,
        0.7784615384615384,
        0.796923076923077,
        0.8215384615384617,
        0.7907692307692307,
        0.6307692307692309,
        0.6564102564102564,
        0.7784615384615385,
        0.36923076923076925,
        0.7938461538461539,
        0.4953846153846154,
        0.5292307692307693,
        0.7015384615384616,
        0.5,
        0.44230769230769235,
        0.8038461538461539,
        0.8492307692307692,
        0.6646153846153846,
        0.7292307692307692,
        0.8153846153846153,
        0.8769230769230769,
        0.6246153846153846,
        0.7046153846153846,
        0.6153846153846154,
        0.8769230769230769,
        0.8153846153846154,
        0.65,
        0.7107692307692308
    ],
    "GreedyAdditional":[
        0.7661538461538462,
        0.8846153846153846,
        0.9538461538461539,
        0.7230769230769232,
        0.7884615384615384,
        0.5923076923076923,
        0.8846153846153846,
        0.7446153846153846,
        0.8192307692307692,
        0.776923076923077,
        0.8115384615384615,
        0.6884615384615385,
        0.6553846153846153,
        0.8246153846153845,
        0.726923076923077,
        0.7461538461538462,
        0.5589743589743591,
        0.6923076923076923,
        0.7153846153846154,
        0.75,
        0.633846153846154,
        0.6092307692307692,
        0.7723076923076924,
        0.8738461538461539,
        0.7661538461538462,
        0.8153846153846154,
        0.6646153846153846,
        0.7025641025641026,
        0.8769230769230768,
        0.4153846153846154,
        0.9015384615384615,
        0.5138461538461538,
        0.6584615384615384,
        0.6523076923076923,
        0.55,
        0.5038461538461538,
        0.8423076923076924,
        0.836923076923077,
        0.6123076923076923,
        0.7292307692307693,
        0.8974358974358975,
        0.6269230769230769,
        0.6215384615384616,
        0.9261538461538461,
        0.6538461538461539,
        0.6769230769230768,
        0.6861538461538462,
        0.8,
        0.7230769230769231
    ],
    "GreedyTotal":[
        0.52,
        0.36538461538461536,
        0.7897435897435897,
        0.35384615384615387,
        0.4346153846153846,
        0.4884615384615385,
        0.3230769230769231,
        0.6676923076923077,
        0.25384615384615383,
        0.47307692307692306,
        0.6115384615384616,
        0.6230769230769231,
        0.49846153846153846,
        0.563076923076923,
        0.39615384615384613,
        0.4461538461538461,
        0.4615384615384616,
        0.4246153846153845,
        0.3923076923076923,
        0.3884615384615384,
        0.24000000000000005,
        0.41230769230769226,
        0.21538461538461542,
        0.6430769230769231,
        0.15692307692307694,
        0.30461538461538457,
        0.3538461538461538,
        0.17435897435897438,
        0.5292307692307692,
        0.5169230769230768,
        0.4953846153846155,
        0.4,
        0.17846153846153845,
        0.3076923076923077,
        0.28076923076923077,
        0.47307692307692306,
        0.17692307692307693,
        0.4461538461538462,
        0.3323076923076923,
        0.6769230769230768,
        0.6769230769230768,
        0.4192307692307692,
        0.37230769230769234,
        0.3384615384615385,
        0.1730769230769231,
        0.3076923076923077,
        0.6984615384615385,
        0.47692307692307695,
        0.5815384615384616
    ]
}