{
    "AdditionalTotal":[
        0.8430769230769231,
        0.8307692307692308,
        0.9333333333333335,
        0.6423076923076924,
        0.8884615384615385,
        0.5538461538461539,
        0.8807692307692307,
        0.6369230769230769,
        0.75,
        0.8769230769230769,
        0.6961538461538461,
        0.7153846153846154,
        0.7353846153846153,
        0.7723076923076924,
        0.6230769230769231,
        0.7807692307692308,
        0.5794871794871795,
        0.7261538461538461,
        0.6846153846153846,
        0.6692307692307692,
        0.6123076923076924,
        0.5599999999999999,
        0.8,
        0.8892307692307693,
        0.6430769230769231,
        0.8246153846153847,
        0.7784615384615385,
        0.6,
        0.8400000000000001,
        0.5446153846153846,
        0.8800000000000001,
        0.5723076923076923,
        0.7569230769230769,
        0.5107692307692308,
        0.7192307692307692,
        0.5576923076923077,
        0.7615384615384615,
        0.8215384615384617,
        0.6153846153846154,
        0.643076923076923,
        0.8564102564102565,
        0.6115384615384616,
        0.6984615384615385,
        0.8769230769230768,
        0.7307692307692307,
        0.6307692307692307,
        0.6892307692307693,
        0.8923076923076924,
        0.7230769230769231
    ],
    "GreedyAdditional":[
        0.6246153846153846,
        0.5846153846153845,
        0.7487179487179487,
        0.5461538461538462,
        0.6423076923076924,
        0.4423076923076923,
        0.6153846153846154,
        0.5630769230769231,
        0.41923076923076924,
        0.6,
        0.6230769230769231,
        0.65,
        0.6430769230769231,
        0.6584615384615384,
        0.5153846153846154,
        0.6615384615384616,
        0.5794871794871795,
        0.5015384615384615,
        0.5269230769230769,
        0.5269230769230769,
        0.46461538461538465,
        0.39384615384615385,
        0.5384615384615385,
        0.7230769230769231,
        0.4123076923076924,
        0.6092307692307692,
        0.56,
        0.4102564102564103,
        0.5723076923076923,
        0.3507692307692308,
        0.6153846153846153,
        0.43076923076923074,
        0.40615384615384614,
        0.4615384615384615,
        0.4423076923076923,
        0.4807692307692307,
        0.5461538461538462,
        0.6492307692307693,
        0.4861538461538462,
        0.6030769230769231,
        0.682051282051282,
        0.6423076923076922,
        0.43692307692307697,
        0.4953846153846154,
        0.34230769230769226,
        0.5538461538461539,
        0.72,
        0.6461538461538462,
        0.5753846153846154
    ],
    "GreedyAdditionalNew":[
        0.5784615384615386,
        0.6038461538461539,
        0.7948717948717948,
        0.5384615384615385,
        0.6153846153846154,
        0.42692307692307696,
        0.6653846153846155,
        0.5846153846153845,
        0.6423076923076922,
        0.5692307692307693,
        0.6769230769230768,
        0.6423076923076922,
        0.6246153846153846,
        0.6184615384615384,
        0.48461538461538467,
        0.6730769230769231,
        0.5384615384615384,
        0.6061538461538462,
        0.5423076923076923,
        0.5615384615384615,
        0.41230769230769226,
        0.41230769230769226,
        0.5292307692307692,
        0.6984615384615385,
        0.43692307692307697,
        0.6399999999999999,
        0.5076923076923078,
        0.4615384615384615,
        0.6615384615384615,
        0.4338461538461539,
        0.6430769230769231,
        0.4338461538461539,
        0.3846153846153847,
        0.5261538461538462,
        0.5038461538461538,
        0.4423076923076923,
        0.55,
        0.6615384615384616,
        0.5015384615384615,
        0.6,
        0.6923076923076922,
        0.6423076923076922,
        0.4092307692307692,
        0.6092307692307692,
        0.40384615384615385,
        0.6000000000000001,
        0.6984615384615385,
        0.6192307692307693,
        0.5907692307692308
    ],
    "GreedyTotal":[
        0.40615384615384614,
        0.2884615384615385,
        0.5538461538461539,
        0.3192307692307692,
        0.4884615384615385,
        0.2884615384615385,
        0.41923076923076924,
        0.4769230769230769,
        0.34615384615384615,
        0.4153846153846154,
        0.48846153846153845,
        0.5115384615384615,
        0.43692307692307697,
        0.3323076923076923,
        0.2846153846153846,
        0.47307692307692306,
        0.36410256410256414,
        0.3138461538461539,
        0.2846153846153846,
        0.36923076923076925,
        0.2615384615384616,
        0.3015384615384616,
        0.3046153846153846,
        0.4830769230769231,
        0.3076923076923077,
        0.4769230769230769,
        0.25538461538461543,
        0.28205128205128205,
        0.47384615384615386,
        0.20923076923076925,
        0.39692307692307693,
        0.2338461538461539,
        0.18153846153846157,
        0.32,
        0.21153846153846156,
        0.35384615384615387,
        0.423076923076923,
        0.3876923076923077,
        0.3538461538461538,
        0.43692307692307697,
        0.4153846153846154,
        0.5,
        0.39692307692307693,
        0.3261538461538461,
        0.1576923076923077,
        0.4461538461538462,
        0.5969230769230769,
        0.4230769230769231,
        0.4523076923076923
    ]
}