{
    "ARTMaxMin":[
        0.7292307692307693,
        0.9153846153846154,
        0.8717948717948718,
        0.85,
        0.8692307692307693,
        0.65,
        0.9115384615384615,
        0.8461538461538461,
        0.7153846153846154,
        0.8730769230769232,
        0.9115384615384616,
        0.573076923076923,
        0.673846153846154,
        0.7446153846153847,
        0.9,
        0.7615384615384616,
        0.5948717948717949,
        0.8153846153846154,
        0.6576923076923077,
        0.7615384615384616,
        0.756923076923077,
        0.6461538461538462,
        0.6615384615384616,
        0.8800000000000001,
        0.8400000000000001,
        0.7046153846153846,
        0.8123076923076923,
        0.6153846153846154,
        0.793846153846154,
        0.43076923076923085,
        0.803076923076923,
        0.6984615384615385,
        0.64,
        0.8338461538461537,
        0.7307692307692308,
        0.6346153846153846,
        0.8153846153846154,
        0.8461538461538461,
        0.7938461538461539,
        0.8984615384615384,
        0.8358974358974359,
        0.8115384615384615,
        0.6123076923076923,
        0.6923076923076924,
        0.6423076923076924,
        0.8153846153846155,
        0.8246153846153845,
        0.8692307692307694,
        0.7815384615384616
    ],
    "Genetic":[
        0.7692307692307694,
        0.9538461538461539,
        0.7897435897435897,
        0.8346153846153846,
        0.7307692307692307,
        0.5807692307692308,
        0.8846153846153847,
        0.8553846153846154,
        0.8038461538461539,
        0.7576923076923078,
        0.8615384615384616,
        0.6538461538461539,
        0.6276923076923077,
        0.7415384615384615,
        0.8038461538461539,
        0.6884615384615385,
        0.5794871794871795,
        0.6861538461538462,
        0.6692307692307692,
        0.8115384615384615,
        0.7569230769230769,
        0.7015384615384617,
        0.6307692307692307,
        0.8615384615384615,
        0.8984615384615384,
        0.683076923076923,
        0.6276923076923077,
        0.6410256410256411,
        0.7692307692307693,
        0.42153846153846153,
        0.8184615384615384,
        0.6153846153846154,
        0.64,
        0.8430769230769231,
        0.5307692307692308,
        0.4730769230769231,
        0.8884615384615385,
        0.7569230769230769,
        0.7384615384615385,
        0.8553846153846154,
        0.7538461538461538,
        0.8192307692307693,
        0.5261538461538462,
        0.6615384615384616,
        0.4884615384615385,
        0.8051282051282053,
        0.8,
        0.7230769230769231,
        0.7200000000000001
    ],
    "GreedyAdditional":[
        0.7661538461538462,
        0.8846153846153846,
        0.9538461538461539,
        0.7230769230769232,
        0.7884615384615384,
        0.5923076923076923,
        0.8846153846153846,
        0.7446153846153846,
        0.8192307692307692,
        0.776923076923077,
        0.8115384615384615,
        0.6884615384615385,
        0.6553846153846153,
        0.8246153846153845,
        0.726923076923077,
        0.7461538461538462,
        0.5589743589743591,
        0.6923076923076923,
        0.7153846153846154,
        0.75,
        0.633846153846154,
        0.6092307692307692,
        0.7723076923076924,
        0.8738461538461539,
        0.7661538461538462,
        0.8153846153846154,
        0.6646153846153846,
        0.7025641025641026,
        0.8769230769230768,
        0.4153846153846154,
        0.9015384615384615,
        0.5138461538461538,
        0.6584615384615384,
        0.6523076923076923,
        0.55,
        0.5038461538461538,
        0.8423076923076924,
        0.836923076923077,
        0.6123076923076923,
        0.7292307692307693,
        0.8974358974358975,
        0.6269230769230769,
        0.6215384615384616,
        0.9261538461538461,
        0.6538461538461539,
        0.6769230769230768,
        0.6861538461538462,
        0.8,
        0.7230769230769231
    ],
    "GreedyTotal":[
        0.52,
        0.36538461538461536,
        0.7897435897435897,
        0.35384615384615387,
        0.4346153846153846,
        0.4884615384615385,
        0.3230769230769231,
        0.6676923076923077,
        0.25384615384615383,
        0.47307692307692306,
        0.6115384615384616,
        0.6230769230769231,
        0.49846153846153846,
        0.563076923076923,
        0.39615384615384613,
        0.4461538461538461,
        0.4615384615384616,
        0.4246153846153845,
        0.3923076923076923,
        0.3884615384615384,
        0.24000000000000005,
        0.41230769230769226,
        0.21538461538461542,
        0.6430769230769231,
        0.15692307692307694,
        0.30461538461538457,
        0.3538461538461538,
        0.17435897435897438,
        0.5292307692307692,
        0.5169230769230768,
        0.4953846153846155,
        0.4,
        0.17846153846153845,
        0.3076923076923077,
        0.28076923076923077,
        0.47307692307692306,
        0.17692307692307693,
        0.4461538461538462,
        0.3323076923076923,
        0.6769230769230768,
        0.6769230769230768,
        0.4192307692307692,
        0.37230769230769234,
        0.3384615384615385,
        0.1730769230769231,
        0.3076923076923077,
        0.6984615384615385,
        0.47692307692307695,
        0.5815384615384616
    ]
}