{
    "ARTMaxMin":[
        0.7476923076923077,
        0.8846153846153846,
        0.7794871794871795,
        0.6807692307692308,
        0.8884615384615384,
        0.45384615384615384,
        0.9038461538461539,
        0.7692307692307694,
        0.5961538461538461,
        0.8692307692307693,
        0.8730769230769231,
        0.46923076923076923,
        0.64,
        0.5661538461538461,
        0.6423076923076924,
        0.7192307692307692,
        0.29743589743589743,
        0.7415384615384616,
        0.75,
        0.6846153846153846,
        0.46769230769230774,
        0.4615384615384615,
        0.6,
        0.803076923076923,
        0.6061538461538462,
        0.5384615384615385,
        0.7261538461538463,
        0.3128205128205129,
        0.6984615384615385,
        0.46153846153846156,
        0.7507692307692307,
        0.633846153846154,
        0.7046153846153846,
        0.5415384615384615,
        0.8346153846153845,
        0.676923076923077,
        0.5153846153846153,
        0.803076923076923,
        0.6615384615384616,
        0.7723076923076924,
        0.682051282051282,
        0.39230769230769236,
        0.7999999999999999,
        0.676923076923077,
        0.6538461538461539,
        0.6974358974358975,
        0.6369230769230769,
        0.8884615384615384,
        0.7415384615384616
    ],
    "Genetic":[
        0.8153846153846155,
        0.676923076923077,
        0.882051282051282,
        0.6076923076923078,
        0.7923076923076923,
        0.5807692307692307,
        0.6230769230769232,
        0.8276923076923077,
        0.5653846153846154,
        0.8038461538461539,
        0.7884615384615385,
        0.6461538461538462,
        0.64,
        0.6984615384615385,
        0.626923076923077,
        0.6692307692307693,
        0.4461538461538462,
        0.5969230769230769,
        0.7730769230769231,
        0.5846153846153846,
        0.47384615384615386,
        0.5015384615384615,
        0.476923076923077,
        0.8553846153846154,
        0.5323076923076924,
        0.5138461538461538,
        0.6707692307692308,
        0.3282051282051282,
        0.7107692307692308,
        0.5230769230769231,
        0.7323076923076923,
        0.5507692307692308,
        0.6369230769230769,
        0.4246153846153846,
        0.576923076923077,
        0.5423076923076923,
        0.5346153846153847,
        0.6492307692307693,
        0.5907692307692308,
        0.7384615384615385,
        0.8512820512820514,
        0.6269230769230769,
        0.7353846153846153,
        0.6184615384615384,
        0.3769230769230769,
        0.5641025641025641,
        0.8184615384615384,
        0.7999999999999999,
        0.6307692307692309
    ],
    "GreedyAdditional":[
        0.8246153846153847,
        0.6730769230769231,
        0.9128205128205128,
        0.6423076923076924,
        0.8076923076923077,
        0.6230769230769231,
        0.65,
        0.8092307692307692,
        0.5576923076923077,
        0.8500000000000001,
        0.7538461538461538,
        0.6923076923076923,
        0.6430769230769232,
        0.7538461538461538,
        0.5730769230769232,
        0.6615384615384615,
        0.48717948717948717,
        0.5846153846153846,
        0.7730769230769231,
        0.6038461538461538,
        0.4492307692307692,
        0.5415384615384615,
        0.4953846153846154,
        0.8523076923076923,
        0.5200000000000001,
        0.5446153846153846,
        0.6615384615384616,
        0.36923076923076925,
        0.7323076923076923,
        0.5876923076923077,
        0.76,
        0.5907692307692308,
        0.5753846153846154,
        0.40307692307692317,
        0.6,
        0.5653846153846154,
        0.5576923076923077,
        0.6584615384615385,
        0.5784615384615386,
        0.7230769230769231,
        0.8717948717948718,
        0.6038461538461538,
        0.7692307692307693,
        0.6461538461538462,
        0.38846153846153847,
        0.5282051282051282,
        0.8092307692307692,
        0.8153846153846154,
        0.6830769230769231
    ],
    "GreedyTotal":[
        0.4276923076923077,
        0.3769230769230769,
        0.6974358974358975,
        0.24615384615384617,
        0.5153846153846154,
        0.41538461538461535,
        0.46153846153846156,
        0.4861538461538462,
        0.28076923076923077,
        0.5038461538461539,
        0.4807692307692308,
        0.55,
        0.4338461538461539,
        0.40307692307692305,
        0.36153846153846153,
        0.3961538461538462,
        0.358974358974359,
        0.36000000000000004,
        0.3384615384615384,
        0.4076923076923077,
        0.21538461538461542,
        0.49846153846153846,
        0.12,
        0.46461538461538454,
        0.27384615384615385,
        0.29538461538461536,
        0.316923076923077,
        0.11794871794871796,
        0.4123076923076924,
        0.4338461538461539,
        0.3353846153846154,
        0.4123076923076924,
        0.3476923076923077,
        0.2615384615384615,
        0.40384615384615385,
        0.423076923076923,
        0.14615384615384616,
        0.396923076923077,
        0.3107692307692308,
        0.5846153846153845,
        0.5435897435897435,
        0.33461538461538465,
        0.46461538461538465,
        0.3076923076923077,
        0.11538461538461539,
        0.3384615384615384,
        0.5015384615384615,
        0.5538461538461539,
        0.6523076923076923
    ]
}