{
    "AdditionalTotal":[
        0.17387755102040817,
        0.20612244897959184,
        0.23673469387755106,
        0.16836734693877553,
        0.23571428571428574,
        0.14183673469387756,
        0.2153061224489796,
        0.1583673469387755,
        0.22857142857142856,
        0.22346938775510206,
        0.20918367346938777,
        0.17857142857142855,
        0.20979591836734693,
        0.21142857142857144,
        0.21632653061224488,
        0.21020408163265306,
        0.17551020408163265,
        0.22285714285714286,
        0.2020408163265306,
        0.16122448979591836,
        0.19020408163265307,
        0.1404081632653061,
        0.21714285714285714,
        0.23918367346938774,
        0.17142857142857143,
        0.19673469387755102,
        0.2146938775510204,
        0.13197278911564625,
        0.22367346938775512,
        0.15755102040816324,
        0.21142857142857147,
        0.1379591836734694,
        0.16816326530612247,
        0.1583673469387755,
        0.17244897959183675,
        0.17959183673469387,
        0.2030612244897959,
        0.20489795918367343,
        0.15102040816326529,
        0.17959183673469387,
        0.2258503401360544,
        0.163265306122449,
        0.20163265306122452,
        0.2204081632653061,
        0.2020408163265306,
        0.15238095238095237,
        0.18367346938775508,
        0.2357142857142857,
        0.19755102040816325
    ],
    "GreedyAdditional":[
        0.7661538461538462,
        0.8846153846153846,
        0.9538461538461539,
        0.7230769230769232,
        0.7884615384615384,
        0.5923076923076923,
        0.8846153846153846,
        0.7446153846153846,
        0.8192307692307692,
        0.776923076923077,
        0.8115384615384615,
        0.6884615384615385,
        0.6553846153846153,
        0.8246153846153845,
        0.726923076923077,
        0.7461538461538462,
        0.5589743589743591,
        0.6923076923076923,
        0.7153846153846154,
        0.75,
        0.633846153846154,
        0.6092307692307692,
        0.7723076923076924,
        0.8738461538461539,
        0.7661538461538462,
        0.8153846153846154,
        0.6646153846153846,
        0.7025641025641026,
        0.8769230769230768,
        0.4153846153846154,
        0.9015384615384615,
        0.5138461538461538,
        0.6584615384615384,
        0.6523076923076923,
        0.55,
        0.5038461538461538,
        0.8423076923076924,
        0.836923076923077,
        0.6123076923076923,
        0.7292307692307693,
        0.8974358974358975,
        0.6269230769230769,
        0.6215384615384616,
        0.9261538461538461,
        0.6538461538461539,
        0.6769230769230768,
        0.6861538461538462,
        0.8,
        0.7230769230769231
    ],
    "GreedyAdditionalNew":[
        0.6123076923076922,
        0.7153846153846153,
        0.958974358974359,
        0.6653846153846155,
        0.6615384615384615,
        0.4846153846153846,
        0.7038461538461538,
        0.7876923076923077,
        0.8038461538461539,
        0.6153846153846154,
        0.8115384615384615,
        0.7192307692307692,
        0.5969230769230769,
        0.8,
        0.4807692307692308,
        0.5230769230769231,
        0.48205128205128206,
        0.7015384615384616,
        0.6576923076923077,
        0.7538461538461538,
        0.5446153846153846,
        0.6553846153846153,
        0.5230769230769231,
        0.7015384615384617,
        0.7015384615384617,
        0.6184615384615385,
        0.46769230769230774,
        0.47179487179487184,
        0.6984615384615385,
        0.4430769230769231,
        0.6153846153846153,
        0.5046153846153847,
        0.6184615384615385,
        0.6676923076923076,
        0.5115384615384615,
        0.3423076923076923,
        0.7538461538461538,
        0.5692307692307693,
        0.676923076923077,
        0.7692307692307693,
        0.9076923076923077,
        0.7,
        0.5723076923076923,
        0.5169230769230768,
        0.39230769230769236,
        0.6717948717948717,
        0.7415384615384616,
        0.6692307692307692,
        0.5507692307692308
    ],
    "GreedyTotal":[
        0.52,
        0.36538461538461536,
        0.7897435897435897,
        0.35384615384615387,
        0.4346153846153846,
        0.4884615384615385,
        0.3230769230769231,
        0.6676923076923077,
        0.25384615384615383,
        0.47307692307692306,
        0.6115384615384616,
        0.6230769230769231,
        0.49846153846153846,
        0.563076923076923,
        0.39615384615384613,
        0.4461538461538461,
        0.4615384615384616,
        0.4246153846153845,
        0.3923076923076923,
        0.3884615384615384,
        0.24000000000000005,
        0.41230769230769226,
        0.21538461538461542,
        0.6430769230769231,
        0.15692307692307694,
        0.30461538461538457,
        0.3538461538461538,
        0.17435897435897438,
        0.5292307692307692,
        0.5169230769230768,
        0.4953846153846155,
        0.4,
        0.17846153846153845,
        0.3076923076923077,
        0.28076923076923077,
        0.47307692307692306,
        0.17692307692307693,
        0.4461538461538462,
        0.3323076923076923,
        0.6769230769230768,
        0.6769230769230768,
        0.4192307692307692,
        0.37230769230769234,
        0.3384615384615385,
        0.1730769230769231,
        0.3076923076923077,
        0.6984615384615385,
        0.47692307692307695,
        0.5815384615384616
    ]
}