{
    "ARTMaxMin":[
        0.7569230769230769,
        0.9384615384615385,
        0.7128205128205128,
        0.6499999999999999,
        0.8,
        0.45,
        0.9307692307692308,
        0.7569230769230769,
        0.5653846153846154,
        0.7961538461538462,
        0.873076923076923,
        0.576923076923077,
        0.7846153846153847,
        0.7630769230769231,
        0.6115384615384616,
        0.8346153846153848,
        0.4666666666666666,
        0.7015384615384616,
        0.5461538461538462,
        0.7076923076923077,
        0.7107692307692307,
        0.48923076923076925,
        0.7076923076923076,
        0.8061538461538461,
        0.7846153846153847,
        0.6276923076923078,
        0.7384615384615383,
        0.4000000000000001,
        0.6523076923076923,
        0.5107692307692308,
        0.7815384615384616,
        0.6615384615384615,
        0.7076923076923076,
        0.5969230769230769,
        0.7846153846153845,
        0.46153846153846156,
        0.7153846153846155,
        0.8461538461538461,
        0.7292307692307693,
        0.7661538461538462,
        0.7025641025641026,
        0.7346153846153846,
        0.5938461538461539,
        0.5846153846153846,
        0.6115384615384616,
        0.8307692307692308,
        0.9200000000000002,
        0.7423076923076922,
        0.6738461538461539
    ],
    "Genetic":[
        0.6338461538461538,
        0.7346153846153846,
        0.9641025641025642,
        0.6230769230769231,
        0.8730769230769231,
        0.5384615384615385,
        0.823076923076923,
        0.6676923076923077,
        0.6307692307692307,
        0.8115384615384615,
        0.7269230769230769,
        0.7384615384615385,
        0.7230769230769232,
        0.7630769230769231,
        0.5269230769230769,
        0.7999999999999999,
        0.5230769230769231,
        0.6369230769230769,
        0.8038461538461539,
        0.6884615384615385,
        0.6,
        0.5784615384615386,
        0.7046153846153846,
        0.796923076923077,
        0.6615384615384615,
        0.7384615384615384,
        0.7046153846153846,
        0.4256410256410256,
        0.6953846153846154,
        0.3507692307692308,
        0.6615384615384615,
        0.5230769230769231,
        0.7230769230769231,
        0.47384615384615386,
        0.6884615384615385,
        0.5384615384615385,
        0.7923076923076923,
        0.7046153846153846,
        0.6,
        0.6492307692307693,
        0.8974358974358975,
        0.6615384615384615,
        0.7353846153846154,
        0.6061538461538462,
        0.4730769230769231,
        0.6461538461538462,
        0.7230769230769231,
        0.8769230769230769,
        0.7138461538461539
    ],
    "GreedyAdditional":[
        0.6246153846153846,
        0.5846153846153845,
        0.7487179487179487,
        0.5461538461538462,
        0.6423076923076924,
        0.4423076923076923,
        0.6153846153846154,
        0.5630769230769231,
        0.41923076923076924,
        0.6,
        0.6230769230769231,
        0.65,
        0.6430769230769231,
        0.6584615384615384,
        0.5153846153846154,
        0.6615384615384616,
        0.5794871794871795,
        0.5015384615384615,
        0.5269230769230769,
        0.5269230769230769,
        0.46461538461538465,
        0.39384615384615385,
        0.5384615384615385,
        0.7230769230769231,
        0.4123076923076924,
        0.6092307692307692,
        0.56,
        0.4102564102564103,
        0.5723076923076923,
        0.3507692307692308,
        0.6153846153846153,
        0.43076923076923074,
        0.40615384615384614,
        0.4615384615384615,
        0.4423076923076923,
        0.4807692307692307,
        0.5461538461538462,
        0.6492307692307693,
        0.4861538461538462,
        0.6030769230769231,
        0.682051282051282,
        0.6423076923076922,
        0.43692307692307697,
        0.4953846153846154,
        0.34230769230769226,
        0.5538461538461539,
        0.72,
        0.6461538461538462,
        0.5753846153846154
    ],
    "GreedyTotal":[
        0.40615384615384614,
        0.2884615384615385,
        0.5538461538461539,
        0.3192307692307692,
        0.4884615384615385,
        0.2884615384615385,
        0.41923076923076924,
        0.4769230769230769,
        0.34615384615384615,
        0.4153846153846154,
        0.48846153846153845,
        0.5115384615384615,
        0.43692307692307697,
        0.3323076923076923,
        0.2846153846153846,
        0.47307692307692306,
        0.36410256410256414,
        0.3138461538461539,
        0.2846153846153846,
        0.36923076923076925,
        0.2615384615384616,
        0.3015384615384616,
        0.3046153846153846,
        0.4830769230769231,
        0.3076923076923077,
        0.4769230769230769,
        0.25538461538461543,
        0.28205128205128205,
        0.47384615384615386,
        0.20923076923076925,
        0.39692307692307693,
        0.2338461538461539,
        0.18153846153846157,
        0.32,
        0.21153846153846156,
        0.35384615384615387,
        0.423076923076923,
        0.3876923076923077,
        0.3538461538461538,
        0.43692307692307697,
        0.4153846153846154,
        0.5,
        0.39692307692307693,
        0.3261538461538461,
        0.1576923076923077,
        0.4461538461538462,
        0.5969230769230769,
        0.4230769230769231,
        0.4523076923076923
    ]
}