{
    "AdditionalTotal":[
        0.9236,
        0.9484,
        0.8484,
        0.9548,
        0.8956,
        0.9339999999999999,
        0.9396,
        0.894,
        0.9276,
        0.9412,
        0.9068,
        0.9348,
        0.9508,
        0.9524,
        0.878,
        0.9276,
        0.9076,
        0.9396,
        0.8828,
        0.9012,
        0.958,
        0.8828,
        0.91,
        0.9564,
        0.8835999999999999,
        0.954,
        0.9372,
        0.9652000000000001,
        0.8884,
        0.8996,
        0.9436,
        0.9316,
        0.8412,
        0.91,
        0.9316,
        0.9172,
        0.8835999999999999,
        0.9572,
        0.9212,
        0.9044,
        0.9004,
        0.9452,
        0.9428,
        0.8316,
        0.7892,
        0.9436,
        0.8835999999999999,
        0.91,
        0.9004,
        0.9132,
        0.91,
        0.8548,
        0.8956,
        0.8764000000000001,
        0.8436,
        0.8364,
        0.8876,
        0.9324,
        0.9116,
        0.9508,
        0.8684000000000001,
        0.8828,
        0.9156,
        0.9156,
        0.9484,
        0.9228,
        0.8988,
        0.894,
        0.89,
        0.858,
        0.854,
        0.8516,
        0.91,
        0.9548,
        0.9428,
        0.8748,
        0.9508,
        0.9468,
        0.946,
        0.9052,
        0.9292,
        0.9012,
        0.91,
        0.9108,
        0.922,
        0.9396,
        0.85,
        0.9028,
        0.8508,
        0.9212,
        0.9284,
        0.9052,
        0.95,
        0.9372,
        0.9116,
        0.9036,
        0.9004
    ],
    "GreedyAdditional":[
        0.8639534883720931,
        0.8872093023255814,
        0.7151162790697674,
        0.877906976744186,
        0.7779069767441861,
        0.8244186046511628,
        0.9174418604651163,
        0.7290697674418605,
        0.7709302325581395,
        0.9104651162790698,
        0.8197674418604651,
        0.8988372093023256,
        0.8848837209302326,
        0.7616279069767442,
        0.9569767441860465,
        0.936046511627907,
        0.8895348837209303,
        0.9406976744186046,
        0.8337209302325581,
        0.8593023255813954,
        0.8965116279069767,
        0.8616279069767442,
        0.722093023255814,
        0.8174418604651164,
        0.6709302325581395,
        0.9058139534883721,
        0.8569767441860465,
        0.9476744186046512,
        0.7151162790697674,
        0.9313953488372093,
        0.7732558139534884,
        0.85,
        0.7639534883720931,
        0.9127906976744187,
        0.6825581395348838,
        0.8476744186046512,
        0.6313953488372093,
        0.9616279069767442,
        0.9313953488372093,
        0.8476744186046512,
        0.8965116279069767,
        0.7941860465116279,
        0.891860465116279,
        0.7267441860465116,
        0.9197674418604651,
        0.7825581395348837,
        0.891860465116279,
        0.8383720930232559,
        0.8430232558139534,
        0.8569767441860465,
        0.791860465116279,
        0.6593023255813953,
        0.8267441860465117,
        0.836046511627907,
        0.8081395348837209,
        0.6034883720930233,
        0.7011627906976745,
        0.922093023255814,
        0.877906976744186,
        0.8848837209302326,
        0.9034883720930232,
        0.8337209302325581,
        0.8174418604651164,
        0.8151162790697675,
        0.9453488372093023,
        0.8406976744186047,
        0.9290697674418604,
        0.722093023255814,
        0.8011627906976744,
        0.47790697674418603,
        0.6058139534883721,
        0.7802325581395348,
        0.9430232558139535,
        0.8081395348837209,
        0.9593023255813954,
        0.7430232558139536,
        0.977906976744186,
        0.922093023255814,
        0.9430232558139535,
        0.6965116279069767,
        0.9151162790697674,
        0.7755813953488372,
        0.8802325581395349,
        0.6406976744186046,
        0.8616279069767442,
        0.7941860465116279,
        0.7569767441860465,
        0.8546511627906976,
        0.6779069767441861,
        0.8476744186046512,
        0.8267441860465117,
        0.8686046511627907,
        0.8732558139534884,
        0.95,
        0.594186046511628,
        0.9313953488372093,
        0.9151162790697674
    ],
    "GreedyAdditionalNew":[
        0.8151162790697675,
        0.8290697674418605,
        0.7616279069767442,
        0.8337209302325581,
        0.6895348837209303,
        0.7313953488372094,
        0.8686046511627907,
        0.6267441860465117,
        0.7662790697674419,
        0.8546511627906976,
        0.9034883720930232,
        0.8383720930232559,
        0.8453488372093023,
        0.85,
        0.936046511627907,
        0.8988372093023256,
        0.9337209302325582,
        0.9104651162790698,
        0.7686046511627906,
        0.7779069767441861,
        0.8337209302325581,
        0.7686046511627906,
        0.8011627906976744,
        0.9406976744186046,
        0.5616279069767443,
        0.8476744186046512,
        0.7941860465116279,
        0.9174418604651163,
        0.6523255813953488,
        0.8965116279069767,
        0.8732558139534884,
        0.7895348837209303,
        0.8127906976744186,
        0.8593023255813954,
        0.9430232558139535,
        0.7593023255813953,
        0.5569767441860465,
        0.9406976744186046,
        0.8965116279069767,
        0.8313953488372093,
        0.9104651162790698,
        0.7709302325581395,
        0.8267441860465117,
        0.7453488372093023,
        0.8709302325581395,
        0.6825581395348838,
        0.8267441860465117,
        0.7779069767441861,
        0.7593023255813953,
        0.7941860465116279,
        0.8965116279069767,
        0.7011627906976745,
        0.7639534883720931,
        0.7732558139534884,
        0.7151162790697674,
        0.6453488372093024,
        0.5988372093023255,
        0.8802325581395349,
        0.8011627906976744,
        0.8453488372093023,
        0.8453488372093023,
        0.8313953488372093,
        0.7988372093023256,
        0.7406976744186047,
        0.9151162790697674,
        0.8011627906976744,
        0.8895348837209303,
        0.7569767441860465,
        0.7290697674418605,
        0.722093023255814,
        0.8244186046511628,
        0.7034883720930233,
        0.9127906976744187,
        0.9290697674418604,
        0.9383720930232559,
        0.6569767441860466,
        0.977906976744186,
        0.877906976744186,
        0.9151162790697674,
        0.6058139534883721,
        0.8755813953488372,
        0.8709302325581395,
        0.8151162790697675,
        0.7011627906976745,
        0.7872093023255814,
        0.6732558139534883,
        0.6546511627906977,
        0.791860465116279,
        0.563953488372093,
        0.8011627906976744,
        0.7290697674418605,
        0.8081395348837209,
        0.8244186046511628,
        0.9267441860465117,
        0.8058139534883721,
        0.8941860465116279,
        0.8709302325581395
    ],