{
    "ARTMaxMin":[
        0.46511627906976744,
        0.7790697674418605,
        0,
        0.9418604651162791,
        0.7558139534883721,
        0.7558139534883721,
        0.47674418604651164,
        0.5232558139534884,
        0.7558139534883721,
        0.7558139534883721,
        0.4186046511627907,
        0.6395348837209303,
        0.7558139534883721,
        0.2441860465116279,
        0.4186046511627907,
        0.6395348837209303,
        0.1511627906976744,
        0.5348837209302325,
        0,
        0.47674418604651164,
        0,
        0.06976744186046512,
        0.19767441860465115,
        0,
        0,
        0.4186046511627907,
        0.6627906976744186,
        0,
        0,
        0.3372093023255814,
        0.686046511627907,
        0.9186046511627907,
        0,
        0.6395348837209303,
        0.8255813953488372,
        0,
        0,
        0.6395348837209303,
        0,
        0.9186046511627907,
        0.5116279069767442,
        0.6395348837209303,
        0.6627906976744186,
        0,
        0.6627906976744186,
        0.8255813953488372,
        0.3953488372093023,
        0.6395348837209303,
        0.06976744186046512,
        0.7558139534883721,
        0,
        0,
        0,
        0,
        0,
        0.6627906976744186,
        0,
        0.7558139534883721,
        0.6744186046511628,
        0.7790697674418605,
        0.09302325581395349,
        0.4186046511627907,
        0.6395348837209303,
        0.7790697674418605,
        0.4186046511627907,
        0,
        0.8488372093023255,
        0.26744186046511625,
        0,
        0,
        0.19767441860465115,
        0.7790697674418605,
        0.7558139534883721,
        0,
        0.6395348837209303,
        0.45348837209302323,
        0.6395348837209303,
        0,
        0.6395348837209303,
        0,
        0,
        0.5232558139534884,
        0,
        0,
        0,
        0.4186046511627907,
        0,
        0.19767441860465115,
        0.686046511627907,
        0.46511627906976744,
        0,
        0.47674418604651164,
        0.6395348837209303,
        0.7558139534883721,
        0,
        0.3372093023255814,
        0.7558139534883721
    ],
    "Genetic":[
        0.36046511627906974,
        0.6046511627906976,
        0,
        0.813953488372093,
        0.6744186046511628,
        0.7325581395348837,
        0.36046511627906974,
        0.46511627906976744,
        0.6744186046511628,
        0.6744186046511628,
        0.6046511627906976,
        0.4883720930232558,
        0.7325581395348837,
        0.313953488372093,
        0.6046511627906976,
        0.4883720930232558,
        0.3488372093023256,
        0.7906976744186046,
        0,
        0.36046511627906974,
        0,
        0.22093023255813954,
        0.2441860465116279,
        0,
        0,
        0.6046511627906976,
        0.36046511627906974,
        0,
        0,
        0.20930232558139536,
        0.3953488372093023,
        0.7325581395348837,
        0,
        0.4883720930232558,
        0.8488372093023255,
        0,
        0,
        0.4883720930232558,
        0,
        0.6744186046511628,
        0.2558139534883721,
        0.4883720930232558,
        0.36046511627906974,
        0,
        0.36046511627906974,
        0.7441860465116279,
        0.16279069767441862,
        0.4883720930232558,
        0.22093023255813954,
        0.38372093023255816,
        0,
        0,
        0,
        0,
        0,
        0.2558139534883721,
        0,
        0.7325581395348837,
        0.5930232558139535,
        0.6046511627906976,
        0.19767441860465115,
        0.6046511627906976,
        0.4883720930232558,
        0.8255813953488372,
        0.6046511627906976,
        0,
        0.6046511627906976,
        0.23255813953488372,
        0,
        0,
        0.2441860465116279,
        0.8255813953488372,
        0.6744186046511628,
        0,
        0.4883720930232558,
        0.3023255813953488,
        0.4883720930232558,
        0,
        0.4883720930232558,
        0,
        0,
        0.46511627906976744,
        0,
        0,
        0,
        0.6046511627906976,
        0,
        0.43023255813953487,
        0.3953488372093023,
        0.36046511627906974,
        0,
        0.36046511627906974,
        0.4883720930232558,
        0.7325581395348837,
        0,
        0.20930232558139536,
        0.5930232558139535
    ],
    "GreedyAdditional":[
        0.3488372093023256,
        0.627906976744186,
        0,
        0.2441860465116279,
        0.6162790697674418,
        0.6744186046511628,
        0.47674418604651164,
        0.43023255813953487,
        0.6162790697674418,
        0.6162790697674418,
        0.627906976744186,
        0.4186046511627907,
        0.6744186046511628,
        0.45348837209302323,
        0.627906976744186,
        0.4186046511627907,
        0.29069767441860467,
        0.8488372093023255,
        0,
        0.47674418604651164,
        0,
        0.2441860465116279,
        0.18604651162790697,
        0,
        0,
        0.627906976744186,
        0.38372093023255816,
        0,
        0,
        0.27906976744186046,
        0.4069767441860465,
        0.6744186046511628,
        0,
        0.4186046511627907,
        0.7093023255813954,
        0,
        0,
        0.4186046511627907,
        0,
        0.6162790697674418,
        0.2558139534883721,
        0.4186046511627907,
        0.38372093023255816,
        0,
        0.38372093023255816,
        0.5813953488372093,
        0.5465116279069767,
        0.4186046511627907,
        0.2441860465116279,
        0.45348837209302323,
        0,
        0,
        0,
        0,
        0,
        0.47674418604651164,
        0,
        0.6744186046511628,
        0.5581395348837209,
        0.627906976744186,
        0.11627906976744186,
        0.37209302325581395,
        0.4186046511627907,
        0.7209302325581395,
        0.627906976744186,
        0,
        0.627906976744186,
        0.627906976744186,
        0,
        0,
        0.18604651162790697,
        0.7209302325581395,
        0.6162790697674418,
        0,
        0.4186046511627907,
        0.20930232558139536,
        0.4186046511627907,
        0,
        0.4186046511627907,
        0,
        0,
        0.43023255813953487,
        0,
        0,
        0,
        0.37209302325581395,
        0,
        0.43023255813953487,
        0.4069767441860465,
        0.3488372093023256,
        0,
        0.47674418604651164,
        0.4186046511627907,
        0.6744186046511628,
        0,
        0.27906976744186046,
        0.5930232558139535
    ],