{
    "ARTMaxMin":[
        0.5232558139534884,
        0.6511627906976745,
        0,
        0.7558139534883721,
        0.37209302325581395,
        0.813953488372093,
        0.6511627906976745,
        0.27906976744186046,
        0.8023255813953488,
        0.8023255813953488,
        0.6511627906976745,
        0.47674418604651164,
        0.813953488372093,
        0.08139534883720931,
        0.6511627906976745,
        0.47674418604651164,
        0.6162790697674418,
        0.7209302325581395,
        0,
        0.6511627906976745,
        0,
        0.11627906976744186,
        0.26744186046511625,
        0,
        0,
        0.6511627906976745,
        0.7325581395348837,
        0,
        0,
        0.6162790697674418,
        0.7325581395348837,
        0.8604651162790697,
        0,
        0.47674418604651164,
        0.8023255813953488,
        0,
        0,
        0.47674418604651164,
        0,
        0.6627906976744186,
        0.9767441860465116,
        0.47674418604651164,
        0.7325581395348837,
        0,
        0.7325581395348837,
        0.7441860465116279,
        0.23255813953488372,
        0.47674418604651164,
        0.11627906976744186,
        0.8023255813953488,
        0,
        0,
        0,
        0,
        0,
        0.6162790697674418,
        0,
        0.813953488372093,
        0.7674418604651163,
        0.6511627906976745,
        0.45348837209302323,
        0.5813953488372093,
        0.47674418604651164,
        0.6162790697674418,
        0.6511627906976745,
        0,
        0.6511627906976745,
        0.2441860465116279,
        0,
        0,
        0.26744186046511625,
        0.6162790697674418,
        0.8023255813953488,
        0,
        0.47674418604651164,
        0.7441860465116279,
        0.47674418604651164,
        0,
        0.47674418604651164,
        0,
        0,
        0.27906976744186046,
        0,
        0,
        0,
        0.5813953488372093,
        0,
        0.22093023255813954,
        0.7325581395348837,
        0.5232558139534884,
        0,
        0.6511627906976745,
        0.47674418604651164,
        0.813953488372093,
        0,
        0.6162790697674418,
        0.7790697674418605
    ],
    "Genetic":[
        0.22093023255813954,
        0.9534883720930233,
        0,
        0.7674418604651163,
        0.9418604651162791,
        0.9883720930232558,
        0.8488372093023255,
        0.06976744186046512,
        0.9883720930232558,
        0.9883720930232558,
        0.9534883720930233,
        0.5348837209302325,
        0.9883720930232558,
        0.023255813953488372,
        0.9534883720930233,
        0.5348837209302325,
        0.9302325581395349,
        0.6744186046511628,
        0,
        0.8488372093023255,
        0,
        0.3953488372093023,
        0.5348837209302325,
        0,
        0,
        0.9534883720930233,
        0.37209302325581395,
        0,
        0,
        0.7790697674418605,
        0.5465116279069767,
        0.9883720930232558,
        0,
        0.5348837209302325,
        0.9186046511627907,
        0,
        0,
        0.5348837209302325,
        0,
        0.9418604651162791,
        0.6976744186046512,
        0.5348837209302325,
        0.37209302325581395,
        0,
        0.37209302325581395,
        0.872093023255814,
        0.29069767441860467,
        0.5348837209302325,
        0.3953488372093023,
        0.9883720930232558,
        0,
        0,
        0,
        0,
        0,
        0.37209302325581395,
        0,
        0.9883720930232558,
        0.9302325581395349,
        0.9534883720930233,
        0.046511627906976744,
        0.9534883720930233,
        0.5348837209302325,
        0.3023255813953488,
        0.9534883720930233,
        0,
        0.9534883720930233,
        0.5232558139534884,
        0,
        0,
        0.5348837209302325,
        0.3023255813953488,
        0.9883720930232558,
        0,
        0.5348837209302325,
        0.6395348837209303,
        0.5348837209302325,
        0,
        0.5348837209302325,
        0,
        0,
        0.06976744186046512,
        0,
        0,
        0,
        0.9534883720930233,
        0,
        0.26744186046511625,
        0.5465116279069767,
        0.22093023255813954,
        0,
        0.8488372093023255,
        0.5348837209302325,
        0.9883720930232558,
        0,
        0.7790697674418605,
        0.9651162790697675
    ],
    "GreedyAdditional":[
        0.4186046511627907,
        0.5,
        0,
        0.8255813953488372,
        0.4883720930232558,
        0.6162790697674418,
        0.5465116279069767,
        0.023255813953488372,
        0.4883720930232558,
        0.4883720930232558,
        0.313953488372093,
        0.313953488372093,
        0.6162790697674418,
        0.023255813953488372,
        0.313953488372093,
        0.313953488372093,
        0.1744186046511628,
        0.3023255813953488,
        0,
        0.5465116279069767,
        0,
        0.4069767441860465,
        0.38372093023255816,
        0,
        0,
        0.313953488372093,
        0.2558139534883721,
        0,
        0,
        0.5232558139534884,
        0.43023255813953487,
        0.7906976744186046,
        0,
        0.313953488372093,
        0.4883720930232558,
        0,
        0,
        0.313953488372093,
        0,
        0.6511627906976745,
        0.7906976744186046,
        0.313953488372093,
        0.2558139534883721,
        0,
        0.2558139534883721,
        0.45348837209302323,
        0.16279069767441862,
        0.313953488372093,
        0.4069767441860465,
        0.3953488372093023,
        0,
        0,
        0,
        0,
        0,
        0.05813953488372093,
        0,
        0.6162790697674418,
        0.872093023255814,
        0.5,
        0.1511627906976744,
        0.1744186046511628,
        0.313953488372093,
        0.45348837209302323,
        0.313953488372093,
        0,
        0.5813953488372093,
        0.4883720930232558,
        0,
        0,
        0.38372093023255816,
        0.45348837209302323,
        0.4883720930232558,
        0,
        0.313953488372093,
        0.8255813953488372,
        0.313953488372093,
        0,
        0.313953488372093,
        0,
        0,
        0.023255813953488372,
        0,
        0,
        0,
        0.1744186046511628,
        0,
        0.20930232558139536,
        0.43023255813953487,
        0.4186046511627907,
        0,
        0.5465116279069767,
        0.313953488372093,
        0.6162790697674418,
        0,
        0.5232558139534884,
        0.9418604651162791
    ],