{
    "ARTMaxMin":[
        0.5930232558139535,
        0.8023255813953488,
        0,
        0.7558139534883721,
        0.9418604651162791,
        0.9418604651162791,
        0.6976744186046512,
        0.46511627906976744,
        0.9418604651162791,
        0.9418604651162791,
        0.627906976744186,
        0.6511627906976745,
        0.9418604651162791,
        0.23255813953488372,
        0.627906976744186,
        0.6511627906976745,
        0.1511627906976744,
        0.2558139534883721,
        0,
        0.6976744186046512,
        0,
        0.7558139534883721,
        0.22093023255813954,
        0,
        0,
        0.627906976744186,
        0.8488372093023255,
        0,
        0,
        0.813953488372093,
        0.8488372093023255,
        0.9418604651162791,
        0,
        0.6511627906976745,
        0.8255813953488372,
        0,
        0,
        0.6511627906976745,
        0,
        0.9418604651162791,
        0.3488372093023256,
        0.6511627906976745,
        0.8488372093023255,
        0,
        0.8488372093023255,
        0.8255813953488372,
        0.18604651162790697,
        0.6511627906976745,
        0.7558139534883721,
        0.1511627906976744,
        0,
        0,
        0,
        0,
        0,
        0.4883720930232558,
        0,
        0.9418604651162791,
        0.6511627906976745,
        0.8023255813953488,
        0.5232558139534884,
        0.27906976744186046,
        0.6511627906976745,
        0.872093023255814,
        0.627906976744186,
        0,
        0.7790697674418605,
        0.16279069767441862,
        0,
        0,
        0.22093023255813954,
        0.872093023255814,
        0.9418604651162791,
        0,
        0.6511627906976745,
        0.6046511627906976,
        0.6511627906976745,
        0,
        0.6511627906976745,
        0,
        0,
        0.46511627906976744,
        0,
        0,
        0,
        0.27906976744186046,
        0,
        0.13953488372093023,
        0.8488372093023255,
        0.5930232558139535,
        0,
        0.6976744186046512,
        0.6511627906976745,
        0.9418604651162791,
        0,
        0.813953488372093,
        0.8372093023255814
    ],
    "Genetic":[
        0.7674418604651163,
        0.813953488372093,
        0,
        0.4069767441860465,
        0.13953488372093023,
        0.9418604651162791,
        0.6976744186046512,
        0.26744186046511625,
        0.9418604651162791,
        0.9418604651162791,
        0.813953488372093,
        0.16279069767441862,
        0.9418604651162791,
        0.3488372093023256,
        0.813953488372093,
        0.16279069767441862,
        0.7209302325581395,
        0.6511627906976745,
        0,
        0.6976744186046512,
        0,
        0.19767441860465115,
        0.5116279069767442,
        0,
        0,
        0.813953488372093,
        0.8372093023255814,
        0,
        0,
        0.46511627906976744,
        0.8372093023255814,
        0.9418604651162791,
        0,
        0.16279069767441862,
        0.9069767441860465,
        0,
        0,
        0.16279069767441862,
        0,
        0.6976744186046512,
        0.6744186046511628,
        0.16279069767441862,
        0.8372093023255814,
        0,
        0.8372093023255814,
        0.6627906976744186,
        0.4186046511627907,
        0.16279069767441862,
        0.19767441860465115,
        0.9418604651162791,
        0,
        0,
        0,
        0,
        0,
        0.4883720930232558,
        0,
        0.9418604651162791,
        0.6976744186046512,
        0.813953488372093,
        0.06976744186046512,
        0.5,
        0.16279069767441862,
        0.7325581395348837,
        0.813953488372093,
        0,
        0.813953488372093,
        0.05813953488372093,
        0,
        0,
        0.5116279069767442,
        0.7325581395348837,
        0.9418604651162791,
        0,
        0.16279069767441862,
        0.3953488372093023,
        0.16279069767441862,
        0,
        0.16279069767441862,
        0,
        0,
        0.26744186046511625,
        0,
        0,
        0,
        0.5,
        0,
        0.5697674418604651,
        0.8372093023255814,
        0.7674418604651163,
        0,
        0.6976744186046512,
        0.16279069767441862,
        0.9418604651162791,
        0,
        0.46511627906976744,
        0.8837209302325582
    ],
    "GreedyAdditional":[
        0.8488372093023255,
        0.7093023255813954,
        0,
        0.6511627906976745,
        0.4069767441860465,
        0.9651162790697675,
        0.8255813953488372,
        0.20930232558139536,
        0.9651162790697675,
        0.9651162790697675,
        0.7093023255813954,
        0.29069767441860467,
        0.9651162790697675,
        0.3023255813953488,
        0.7093023255813954,
        0.29069767441860467,
        0.5813953488372093,
        0.37209302325581395,
        0,
        0.8255813953488372,
        0,
        0.47674418604651164,
        0.27906976744186046,
        0,
        0,
        0.7093023255813954,
        0.7441860465116279,
        0,
        0,
        0.7093023255813954,
        0.8837209302325582,
        0.9651162790697675,
        0,
        0.29069767441860467,
        0.7209302325581395,
        0,
        0,
        0.29069767441860467,
        0,
        0.8255813953488372,
        0.627906976744186,
        0.29069767441860467,
        0.7441860465116279,
        0,
        0.7441860465116279,
        0.4186046511627907,
        0.4186046511627907,
        0.29069767441860467,
        0.47674418604651164,
        0.9651162790697675,
        0,
        0,
        0,
        0,
        0,
        0.6627906976744186,
        0,
        0.9651162790697675,
        0.8604651162790697,
        0.7093023255813954,
        0.5930232558139535,
        0.5581395348837209,
        0.29069767441860467,
        0.5465116279069767,
        0.7093023255813954,
        0,
        0.7093023255813954,
        0.23255813953488372,
        0,
        0,
        0.27906976744186046,
        0.5465116279069767,
        0.9651162790697675,
        0,
        0.29069767441860467,
        0.43023255813953487,
        0.29069767441860467,
        0,
        0.29069767441860467,
        0,
        0,
        0.20930232558139536,
        0,
        0,
        0,
        0.5581395348837209,
        0,
        0.6976744186046512,
        0.8837209302325582,
        0.8488372093023255,
        0,
        0.8255813953488372,
        0.29069767441860467,
        0.9651162790697675,
        0,
        0.7093023255813954,
        0.9767441860465116
    ],