{
    "AdditionalTotal":[
        0.272,
        0.26,
        0.28200000000000003,
        0.268,
        0.18880000000000002,
        0.24933333333333332,
        0.26480000000000004,
        0.218,
        0.23099999999999998,
        0.3093333333333334,
        0.245,
        0.22999999999999998,
        0.28600000000000003,
        0.10666666666666667,
        0.218,
        0.229,
        0.2096,
        0.2232,
        0.24533333333333332,
        0.244,
        0.2853333333333334,
        0.22666666666666668,
        0.218,
        0.248,
        0.32,
        0.2592,
        0.21866666666666668,
        0.262,
        0.2773333333333334,
        0.23,
        0.261,
        0.28400000000000003,
        0.21466666666666667,
        0.232,
        0.259,
        0.24933333333333332,
        0.33,
        0.24320000000000003,
        0.29000000000000004,
        0.253,
        0.236,
        0.277,
        0.224,
        0.082,
        0.092,
        0.242,
        0.14900000000000002,
        0.21900000000000003,
        0.1832,
        0.2986666666666667,
        0.24533333333333332,
        0.216,
        0.33799999999999997,
        0.332,
        0.16,
        0.14533333333333334,
        0.19,
        0.2424,
        0.248,
        0.265,
        0.1616,
        0.225,
        0.265,
        0.188,
        0.23759999999999998,
        0.235,
        0.25,
        0.19600000000000004,
        0.19733333333333336,
        0.15066666666666667,
        0.1608,
        0.14,
        0.263,
        0.22400000000000003,
        0.24080000000000004,
        0.26266666666666666,
        0.2872,
        0.28500000000000003,
        0.24559999999999998,
        0.228,
        0.2386666666666667,
        0.2333333333333333,
        0.33799999999999997,
        0.248,
        0.22,
        0.261,
        0.20400000000000001,
        0.257,
        0.20266666666666666,
        0.273,
        0.196,
        0.252,
        0.246,
        0.24559999999999998,
        0.219,
        0.2048,
        0.2184
    ],
    "GreedyAdditional":[
        0.7034883720930232,
        0.7232558139534884,
        0.8372093023255814,
        0.680232558139535,
        0.37674418604651166,
        0.6744186046511628,
        0.8093023255813954,
        0.4593023255813954,
        0.6511627906976745,
        0.9302325581395349,
        0.6947674418604651,
        0.6075581395348837,
        0.7354651162790697,
        0.3372093023255814,
        0.6133720930232558,
        0.5465116279069767,
        0.5372093023255815,
        0.6604651162790697,
        0.8449612403100776,
        0.7325581395348837,
        0.6589147286821705,
        0.8023255813953489,
        0.6482558139534884,
        0.8449612403100776,
        0.9651162790697675,
        0.6697674418604651,
        0.44186046511627913,
        0.5406976744186046,
        0.7015503875968992,
        0.7848837209302325,
        0.7209302325581395,
        0.7054263565891473,
        0.5697674418604651,
        0.6453488372093023,
        0.7354651162790697,
        0.6550387596899224,
        0.9651162790697675,
        0.586046511627907,
        0.7703488372093024,
        0.6686046511627908,
        0.48837209302325585,
        0.6569767441860465,
        0.47093023255813954,
        0.5116279069767442,
        0.5232558139534884,
        0.49418604651162795,
        0.6424418604651163,
        0.4912790697674419,
        0.5395348837209302,
        0.9069767441860465,
        0.7364341085271318,
        0.622093023255814,
        0.9767441860465116,
        0.9825581395348837,
        0.7441860465116279,
        0.5465116279069767,
        0.7093023255813954,
        0.7906976744186046,
        0.8062015503875969,
        0.563953488372093,
        0.5069767441860465,
        0.6889534883720931,
        0.47383720930232565,
        0.6395348837209303,
        0.6511627906976745,
        0.6308139534883721,
        0.7790697674418604,
        0.4108527131782946,
        0.6550387596899224,
        0.49612403100775193,
        0.3511627906976745,
        0.627906976744186,
        0.7703488372093024,
        0.7790697674418605,
        0.6162790697674418,
        0.7403100775193798,
        0.8232558139534885,
        0.7325581395348837,
        0.5976744186046512,
        0.6937984496124031,
        0.6976744186046512,
        0.6085271317829457,
        0.9767441860465116,
        0.29069767441860467,
        0.6337209302325582,
        0.625,
        0.7848837209302326,
        0.9011627906976744,
        0.5930232558139535,
        0.7383720930232558,
        0.47383720930232565,
        0.6666666666666666,
        0.625,
        0.6232558139534883,
        0.561046511627907,
        0.7674418604651162,
        0.6744186046511628
    ],
    "GreedyAdditionalNew":[
        0.6511627906976744,
        0.7279069767441861,
        0.8895348837209303,
        0.6482558139534884,
        0.3813953488372093,
        0.7131782945736433,
        0.7162790697674419,
        0.5697674418604651,
        0.7732558139534883,
        0.9263565891472868,
        0.7645348837209303,
        0.7005813953488371,
        0.8023255813953488,
        0.4689922480620155,
        0.5290697674418604,
        0.6540697674418604,
        0.38372093023255816,
        0.5395348837209302,
        0.7984496124031008,
        0.6831395348837209,
        0.7248062015503877,
        0.751937984496124,
        0.7965116279069767,
        0.8914728682170542,
        0.7325581395348837,
        0.6232558139534884,
        0.3023255813953489,
        0.6511627906976745,
        0.6937984496124031,
        0.7674418604651163,
        0.6075581395348837,
        0.7558139534883721,
        0.3488372093023256,
        0.5668604651162791,
        0.9069767441860466,
        0.5968992248062016,
        0.9244186046511628,
        0.45813953488372094,
        0.7354651162790697,
        0.6540697674418605,
        0.4186046511627907,
        0.6308139534883721,
        0.3633720930232558,
        0.563953488372093,
        0.22093023255813954,
        0.5523255813953488,
        0.5174418604651163,
        0.5697674418604651,
        0.34651162790697676,
        0.7868217054263567,
        0.6821705426356589,
        0.7558139534883721,
        0.9825581395348837,
        0.9883720930232558,
        0.023255813953488372,
        0.3682170542635659,
        0.8255813953488371,
        0.6395348837209303,
        0.6046511627906977,
        0.6656976744186046,
        0.28837209302325584,
        0.5,
        0.5174418604651162,
        0.5668604651162791,
        0.7116279069767442,
        0.6453488372093024,
        0.5406976744186047,
        0.34108527131782945,
        0.689922480620155,
        0.4108527131782946,
        0.6069767441860465,
        0.75,
        0.8546511627906976,
        0.7296511627906976,
        0.5883720930232558,
        0.6666666666666666,
        0.5581395348837208,
        0.7645348837209303,
        0.5069767441860464,
        0.6085271317829457,
        0.6666666666666666,
        0.4573643410852713,
        0.9825581395348837,
        0.4418604651162791,
        0.6191860465116279,
        0.6191860465116279,
        0.308139534883721,
        0.8866279069767442,
        0.4573643410852713,
        0.6860465116279069,
        0.22093023255813954,
        0.5465116279069767,
        0.622093023255814,
        0.472093023255814,
        0.6744186046511628,
        0.7930232558139535,
        0.5651162790697674
    ],