{
    "ARTMaxMin":[
        0.5627450980392157,
        0.6843137254901961,
        0.696078431372549,
        0.6686274509803921,
        0.8058823529411765,
        0.5549019607843138,
        0.6568627450980391,
        0.8450980392156863,
        0.903921568627451,
        0.6137254901960785,
        0.6215686274509804,
        0.7509803921568627,
        0.692156862745098,
        0.6803921568627451,
        0.8058823529411765,
        0.5745098039215686,
        0.8411764705882352,
        0.8607843137254901,
        0.6333333333333333,
        0.5470588235294117,
        0.7862745098039216,
        0.5823529411764705,
        0.7117647058823529,
        0.6882352941176471,
        0.7588235294117647,
        0.7470588235294118,
        0.692156862745098,
        0.8137254901960784,
        0.5627450980392157,
        0.7156862745098038,
        0.6764705882352942,
        0.7862745098039216,
        0.7431372549019608,
        0.7,
        0.8372549019607842,
        0.5705882352941176,
        0.6529411764705881,
        0.8176470588235294,
        0.7627450980392156,
        0.7039215686274509,
        0.7745098039215685,
        0.6568627450980391,
        0.6803921568627451,
        0.5470588235294117,
        0.6803921568627451,
        0.7823529411764706,
        0.7078431372549019,
        0.7117647058823529,
        0.6568627450980391,
        0.8411764705882352,
        0.8372549019607842,
        0.6843137254901961,
        0.6333333333333333,
        0.6372549019607843,
        0.6372549019607843,
        0.7980392156862745,
        0.7862745098039216,
        0.7509803921568627,
        0.4960784313725491,
        0.6215686274509804,
        0.7274509803921568,
        0.6686274509803921,
        0.6411764705882352,
        0.7588235294117647,
        0.7156862745098038,
        0.7078431372549019,
        0.5666666666666667,
        0.7392156862745098
    ],
    "Genetic":[
        0.8607843137254901,
        0.8647058823529411,
        0.7627450980392156,
        0.7549019607843137,
        0.6372549019607843,
        0.8058823529411765,
        0.7941176470588235,
        0.8529411764705882,
        0.9313725490196079,
        0.8411764705882352,
        0.7509803921568627,
        0.8333333333333333,
        0.9156862745098039,
        0.892156862745098,
        0.9588235294117646,
        0.8607843137254901,
        0.8803921568627451,
        0.9274509803921568,
        0.892156862745098,
        0.8372549019607842,
        0.7980392156862745,
        0.7196078431372548,
        0.9117647058823529,
        0.9352941176470588,
        0.8647058823529411,
        0.7627450980392156,
        0.9196078431372549,
        0.9352941176470588,
        0.6647058823529411,
        0.907843137254902,
        0.696078431372549,
        0.9431372549019608,
        0.9588235294117646,
        0.8254901960784313,
        0.9431372549019608,
        0.8098039215686275,
        0.896078431372549,
        0.7705882352941176,
        0.692156862745098,
        0.9196078431372549,
        0.7549019607843137,
        0.7745098039215685,
        0.6176470588235294,
        0.8098039215686275,
        0.8254901960784313,
        0.9156862745098039,
        0.7235294117647059,
        0.7274509803921568,
        0.9117647058823529,
        0.8568627450980392,
        0.8058823529411765,
        0.8803921568627451,
        0.896078431372549,
        0.5862745098039215,
        0.8333333333333333,
        0.8490196078431372,
        0.5705882352941176,
        0.8803921568627451,
        0.7980392156862745,
        0.7431372549019608,
        0.7627450980392156,
        0.8372549019607842,
        0.8568627450980392,
        0.8568627450980392,
        0.8137254901960784,
        0.6725490196078431,
        0.8490196078431372,
        0.8647058823529411
    ],
    "GreedyAdditional":[
        0.8686274509803922,
        0.8686274509803922,
        0.7784313725490195,
        0.8568627450980392,
        0.6725490196078431,
        0.8137254901960784,
        0.692156862745098,
        0.907843137254902,
        0.9313725490196079,
        0.8490196078431372,
        0.7470588235294118,
        0.892156862745098,
        0.9588235294117646,
        0.8294117647058823,
        0.9588235294117646,
        0.8686274509803922,
        0.888235294117647,
        0.9274509803921568,
        0.7470588235294118,
        0.8529411764705882,
        0.8058823529411765,
        0.6882352941176471,
        0.9156862745098039,
        0.9392156862745098,
        0.8098039215686275,
        0.7705882352941176,
        0.9235294117647058,
        0.9352941176470588,
        0.7078431372549019,
        0.907843137254902,
        0.6764705882352942,
        0.9431372549019608,
        0.9588235294117646,
        0.8019607843137254,
        0.9431372549019608,
        0.8294117647058823,
        0.8999999999999999,
        0.8098039215686275,
        0.7156862745098038,
        0.9235294117647058,
        0.7313725490196078,
        0.8215686274509804,
        0.6803921568627451,
        0.8254901960784313,
        0.8058823529411765,
        0.9156862745098039,
        0.7039215686274509,
        0.7666666666666666,
        0.9156862745098039,
        0.8568627450980392,
        0.8137254901960784,
        0.892156862745098,
        0.9117647058823529,
        0.6254901960784314,
        0.7823529411764706,
        0.8568627450980392,
        0.6254901960784314,
        0.8803921568627451,
        0.8176470588235294,
        0.892156862745098,
        0.7705882352941176,
        0.8803921568627451,
        0.8568627450980392,
        0.8686274509803922,
        0.896078431372549,
        0.5666666666666667,
        0.8686274509803922,
        0.7588235294117647
    ],
    "GreedyTotal":[
        0.7745098039215685,
        0.7941176470588235,
        0.8019607843137254,
        0.692156862745098,
        0.7313725490196078,
        0.8333333333333333,
        0.6529411764705881,
        0.8058823529411765,
        0.8254901960784313,
        0.8176470588235294,
        0.5823529411764705,
        0.8333333333333333,
        0.8686274509803922,
        0.7705882352941176,
        0.9588235294117646,
        0.7745098039215685,
        0.8490196078431372,
        0.8411764705882352,
        0.7784313725490195,
        0.8764705882352941,
        0.8176470588235294,
        0.6803921568627451,
        0.8803921568627451,
        0.9470588235294117,
        0.7666666666666666,
        0.8372549019607842,
        0.896078431372549,
        0.9235294117647058,
        0.6882352941176471,
        0.9470588235294117,
        0.6411764705882352,
        0.892156862745098,
        0.9235294117647058,
        0.8215686274509804,
        0.907843137254902,
        0.8333333333333333,
        0.7980392156862745,
        0.8098039215686275,
        0.7078431372549019,
        0.8607843137254901,
        0.7901960784313725,
        0.907843137254902,
        0.8098039215686275,
        0.7901960784313725,
        0.5627450980392157,
        0.8137254901960784,
        0.7705882352941176,
        0.7901960784313725,
        0.907843137254902,
        0.696078431372549,
        0.8058823529411765,
        0.907843137254902,
        0.9549019607843137,
        0.5705882352941176,
        0.7509803921568627,
        0.7392156862745098,
        0.7117647058823529,
        0.6882352941176471,
        0.8411764705882352,
        0.7470588235294118,
        0.7196078431372548,
        0.7627450980392156,
        0.8686274509803922,
        0.8215686274509804,
        0.8999999999999999,
        0.5823529411764705,
        0.9196078431372549,
        0.7627450980392156
    ]
}