{
    "AdditionalTotal":[
        0.8953757225433526,
        0.908092485549133,
        0.8734104046242775,
        0.8479768786127168,
        0.9011560693641619,
        0.8734104046242775,
        0.9034682080924855,
        0.923121387283237,
        0.93121387283237,
        0.9011560693641619,
        0.8757225433526011,
        0.9184971098265896,
        0.8884393063583815,
        0.9,
        0.9219653179190752,
        0.8953757225433526,
        0.908092485549133,
        0.9219653179190752,
        0.8745664739884393,
        0.8861271676300578,
        0.9046242774566474,
        0.8734104046242775,
        0.9277456647398844,
        0.9404624277456648,
        0.8849710982658959,
        0.8479768786127168,
        0.9323699421965318,
        0.9566473988439307,
        0.8791907514450867,
        0.9092485549132948,
        0.8872832369942197,
        0.9046242774566474,
        0.9416184971098266,
        0.9011560693641619,
        0.9323699421965318,
        0.9138728323699422,
        0.9104046242774567,
        0.9092485549132948,
        0.8803468208092485,
        0.9069364161849711,
        0.8641618497109828,
        0.9,
        0.9115606936416185,
        0.9184971098265896,
        0.8317919075144509,
        0.9104046242774567,
        0.8965317919075145,
        0.9115606936416185,
        0.9242774566473989,
        0.9173410404624278,
        0.9254335260115607,
        0.9034682080924855,
        0.9578034682080925,
        0.8005780346820809,
        0.923121387283237,
        0.9358381502890174,
        0.8456647398843931,
        0.9046242774566474,
        0.9254335260115607,
        0.8815028901734104,
        0.9092485549132948,
        0.8757225433526011,
        0.8722543352601156,
        0.9173410404624278,
        0.9,
        0.8479768786127168,
        0.9335260115606937,
        0.876878612716763
    ],
    "GreedyAdditional":[
        0.8686274509803922,
        0.8686274509803922,
        0.7784313725490195,
        0.8568627450980392,
        0.6725490196078431,
        0.8137254901960784,
        0.692156862745098,
        0.907843137254902,
        0.9313725490196079,
        0.8490196078431372,
        0.7470588235294118,
        0.892156862745098,
        0.9588235294117646,
        0.8294117647058823,
        0.9588235294117646,
        0.8686274509803922,
        0.888235294117647,
        0.9274509803921568,
        0.7470588235294118,
        0.8529411764705882,
        0.8058823529411765,
        0.6882352941176471,
        0.9156862745098039,
        0.9392156862745098,
        0.8098039215686275,
        0.7705882352941176,
        0.9235294117647058,
        0.9352941176470588,
        0.7078431372549019,
        0.907843137254902,
        0.6764705882352942,
        0.9431372549019608,
        0.9588235294117646,
        0.8019607843137254,
        0.9431372549019608,
        0.8294117647058823,
        0.8999999999999999,
        0.8098039215686275,
        0.7156862745098038,
        0.9235294117647058,
        0.7313725490196078,
        0.8215686274509804,
        0.6803921568627451,
        0.8254901960784313,
        0.8058823529411765,
        0.9156862745098039,
        0.7039215686274509,
        0.7666666666666666,
        0.9156862745098039,
        0.8568627450980392,
        0.8137254901960784,
        0.892156862745098,
        0.9117647058823529,
        0.6254901960784314,
        0.7823529411764706,
        0.8568627450980392,
        0.6254901960784314,
        0.8803921568627451,
        0.8176470588235294,
        0.892156862745098,
        0.7705882352941176,
        0.8803921568627451,
        0.8568627450980392,
        0.8686274509803922,
        0.896078431372549,
        0.5666666666666667,
        0.8686274509803922,
        0.7588235294117647
    ],
    "GreedyAdditionalNew":[
        0.7392156862745098,
        0.7627450980392156,
        0.8019607843137254,
        0.7156862745098038,
        0.5431372549019607,
        0.7745098039215685,
        0.6372549019607843,
        0.8411764705882352,
        0.8607843137254901,
        0.7078431372549019,
        0.6372549019607843,
        0.7901960784313725,
        0.9352941176470588,
        0.7274509803921568,
        0.9196078431372549,
        0.7392156862745098,
        0.8019607843137254,
        0.8568627450980392,
        0.8137254901960784,
        0.7235294117647059,
        0.7313725490196078,
        0.5901960784313725,
        0.8411764705882352,
        0.8803921568627451,
        0.8450980392156863,
        0.7745098039215685,
        0.8725490196078431,
        0.8686274509803922,
        0.7313725490196078,
        0.9196078431372549,
        0.5588235294117647,
        0.888235294117647,
        0.9156862745098039,
        0.7784313725490195,
        0.884313725490196,
        0.7627450980392156,
        0.8019607843137254,
        0.8999999999999999,
        0.6568627450980391,
        0.8450980392156863,
        0.7431372549019608,
        0.8019607843137254,
        0.6215686274509804,
        0.7784313725490195,
        0.6607843137254902,
        0.8294117647058823,
        0.8137254901960784,
        0.8411764705882352,
        0.8294117647058823,
        0.7431372549019608,
        0.7745098039215685,
        0.8019607843137254,
        0.9156862745098039,
        0.4960784313725491,
        0.7078431372549019,
        0.7666666666666666,
        0.6647058823529411,
        0.7862745098039216,
        0.7666666666666666,
        0.7784313725490195,
        0.6647058823529411,
        0.7823529411764706,
        0.8529411764705882,
        0.7588235294117647,
        0.8372549019607842,
        0.4058823529411765,
        0.8333333333333333,
        0.6882352941176471
    ],
    "GreedyTotal":[
        0.7745098039215685,
        0.7941176470588235,
        0.8019607843137254,
        0.692156862745098,
        0.7313725490196078,
        0.8333333333333333,
        0.6529411764705881,
        0.8058823529411765,
        0.8254901960784313,
        0.8176470588235294,
        0.5823529411764705,
        0.8333333333333333,
        0.8686274509803922,
        0.7705882352941176,
        0.9588235294117646,
        0.7745098039215685,
        0.8490196078431372,
        0.8411764705882352,
        0.7784313725490195,
        0.8764705882352941,
        0.8176470588235294,
        0.6803921568627451,
        0.8803921568627451,
        0.9470588235294117,
        0.7666666666666666,
        0.8372549019607842,
        0.896078431372549,
        0.9235294117647058,
        0.6882352941176471,
        0.9470588235294117,
        0.6411764705882352,
        0.892156862745098,
        0.9235294117647058,
        0.8215686274509804,
        0.907843137254902,
        0.8333333333333333,
        0.7980392156862745,
        0.8098039215686275,
        0.7078431372549019,
        0.8607843137254901,
        0.7901960784313725,
        0.907843137254902,
        0.8098039215686275,
        0.7901960784313725,
        0.5627450980392157,
        0.8137254901960784,
        0.7705882352941176,
        0.7901960784313725,
        0.907843137254902,
        0.696078431372549,
        0.8058823529411765,
        0.907843137254902,
        0.9549019607843137,
        0.5705882352941176,
        0.7509803921568627,
        0.7392156862745098,
        0.7117647058823529,
        0.6882352941176471,
        0.8411764705882352,
        0.7470588235294118,
        0.7196078431372548,
        0.7627450980392156,
        0.8686274509803922,
        0.8215686274509804,
        0.8999999999999999,
        0.5823529411764705,
        0.9196078431372549,
        0.7627450980392156
    ]
}