{
    "AdditionalTotal":[
        0.7435483870967742,
        0.7725806451612903,
        0.6887096774193548,
        0.6338709677419354,
        0.7661290322580645,
        0.682258064516129,
        0.8596774193548387,
        0.8241935483870968,
        0.8403225806451613,
        0.7758064516129032,
        0.6919354838709677,
        0.8016129032258065,
        0.717741935483871,
        0.7661290322580645,
        0.95,
        0.7532258064516129,
        0.814516129032258,
        0.8435483870967742,
        0.682258064516129,
        0.7209677419354839,
        0.8274193548387097,
        0.685483870967742,
        0.8629032258064516,
        0.8725806451612903,
        0.6951612903225806,
        0.7145161290322581,
        0.8338709677419355,
        0.9435483870967742,
        0.7016129032258065,
        0.8048387096774193,
        0.6499999999999999,
        0.8758064516129032,
        0.8596774193548387,
        0.7564516129032258,
        0.8661290322580645,
        0.8048387096774193,
        0.8112903225806452,
        0.7790322580645161,
        0.7564516129032258,
        0.8112903225806452,
        0.685483870967742,
        0.7854838709677419,
        0.7790322580645161,
        0.8112903225806452,
        0.5725806451612903,
        0.8370967741935484,
        0.7435483870967742,
        0.7790322580645161,
        0.8790322580645161,
        0.7854838709677419,
        0.7951612903225806,
        0.7887096774193548,
        0.9145161290322581,
        0.4951612903225806,
        0.8435483870967742,
        0.8596774193548387,
        0.6306451612903226,
        0.7790322580645161,
        0.814516129032258,
        0.8016129032258065,
        0.8048387096774193,
        0.6983870967741935,
        0.7725806451612903,
        0.8274193548387097,
        0.7435483870967742,
        0.6177419354838709,
        0.853225806451613,
        0.6887096774193548
    ],
    "GreedyAdditional":[
        0.9392156862745098,
        0.6411764705882352,
        0.6411764705882352,
        0.6882352941176471,
        0.7745098039215685,
        0.696078431372549,
        0.5784313725490196,
        0.8568627450980392,
        0.7274509803921568,
        0.8607843137254901,
        0.6215686274509804,
        0.892156862745098,
        0.7235294117647059,
        0.5941176470588234,
        0.9666666666666667,
        0.9392156862745098,
        0.7980392156862745,
        0.888235294117647,
        0.6803921568627451,
        0.8411764705882352,
        0.9392156862745098,
        0.6254901960784314,
        0.8803921568627451,
        0.9588235294117646,
        0.8294117647058823,
        0.9313725490196079,
        0.903921568627451,
        0.9352941176470588,
        0.7431372549019608,
        0.9431372549019608,
        0.7392156862745098,
        0.9627450980392156,
        0.903921568627451,
        0.9470588235294117,
        0.9117647058823529,
        0.8333333333333333,
        0.9509803921568627,
        0.8803921568627451,
        0.7705882352941176,
        0.7274509803921568,
        0.9235294117647058,
        0.8568627450980392,
        0.8568627450980392,
        0.7862745098039216,
        0.26862745098039215,
        0.8803921568627451,
        0.8372549019607842,
        0.7627450980392156,
        0.903921568627451,
        0.5117647058823529,
        0.9117647058823529,
        0.8490196078431372,
        0.9156862745098039,
        0.4450980392156863,
        0.7313725490196078,
        0.7862745098039216,
        0.7705882352941176,
        0.6450980392156862,
        0.7941176470588235,
        0.7470588235294118,
        0.7745098039215685,
        0.5823529411764705,
        0.8176470588235294,
        0.8098039215686275,
        0.7431372549019608,
        0.6294117647058823,
        0.9196078431372549,
        0.6843137254901961
    ],
    "GreedyAdditionalNew":[
        0.892156862745098,
        0.6058823529411764,
        0.6647058823529411,
        0.6294117647058823,
        0.7156862745098038,
        0.6450980392156862,
        0.5156862745098039,
        0.8568627450980392,
        0.692156862745098,
        0.7980392156862745,
        0.6450980392156862,
        0.8294117647058823,
        0.7666666666666666,
        0.5470588235294117,
        0.9274509803921568,
        0.892156862745098,
        0.7470588235294118,
        0.8215686274509804,
        0.7823529411764706,
        0.8058823529411765,
        0.892156862745098,
        0.5588235294117647,
        0.8333333333333333,
        0.9235294117647058,
        0.7549019607843137,
        0.892156862745098,
        0.9352941176470588,
        0.888235294117647,
        0.7745098039215685,
        0.8999999999999999,
        0.6647058823529411,
        0.9352941176470588,
        0.8450980392156863,
        0.907843137254902,
        0.8607843137254901,
        0.8098039215686275,
        0.907843137254902,
        0.9117647058823529,
        0.7274509803921568,
        0.692156862745098,
        0.8764705882352941,
        0.7862745098039216,
        0.8215686274509804,
        0.7823529411764706,
        0.24509803921568632,
        0.8137254901960784,
        0.8568627450980392,
        0.7941176470588235,
        0.8490196078431372,
        0.4450980392156863,
        0.9235294117647058,
        0.8137254901960784,
        0.896078431372549,
        0.4058823529411765,
        0.6607843137254902,
        0.7039215686274509,
        0.8019607843137254,
        0.6098039215686274,
        0.7980392156862745,
        0.7117647058823529,
        0.7196078431372548,
        0.5274509803921568,
        0.7823529411764706,
        0.7156862745098038,
        0.7196078431372548,
        0.5823529411764705,
        0.9156862745098039,
        0.7862745098039216
    ],
    "GreedyTotal":[
        0.8999999999999999,
        0.6725490196078431,
        0.7,
        0.4176470588235294,
        0.7392156862745098,
        0.7392156862745098,
        0.6764705882352942,
        0.7392156862745098,
        0.7078431372549019,
        0.8215686274509804,
        0.696078431372549,
        0.7666666666666666,
        0.7274509803921568,
        0.6372549019607843,
        0.9588235294117646,
        0.8999999999999999,
        0.7901960784313725,
        0.7352941176470588,
        0.696078431372549,
        0.8372549019607842,
        0.8372549019607842,
        0.6411764705882352,
        0.907843137254902,
        0.9470588235294117,
        0.6843137254901961,
        0.8411764705882352,
        0.903921568627451,
        0.888235294117647,
        0.6176470588235294,
        0.9431372549019608,
        0.6294117647058823,
        0.8098039215686275,
        0.8999999999999999,
        0.7901960784313725,
        0.9156862745098039,
        0.8333333333333333,
        0.9156862745098039,
        0.7117647058823529,
        0.7549019607843137,
        0.7470588235294118,
        0.7784313725490195,
        0.8607843137254901,
        0.8098039215686275,
        0.7078431372549019,
        0.28039215686274516,
        0.7274509803921568,
        0.8176470588235294,
        0.7862745098039216,
        0.9196078431372549,
        0.5941176470588234,
        0.8058823529411765,
        0.8450980392156863,
        0.9352941176470588,
        0.3941176470588235,
        0.7862745098039216,
        0.7431372549019608,
        0.6725490196078431,
        0.6529411764705881,
        0.8647058823529411,
        0.6529411764705881,
        0.7784313725490195,
        0.6254901960784314,
        0.8607843137254901,
        0.696078431372549,
        0.7627450980392156,
        0.503921568627451,
        0.9470588235294117,
        0.7
    ]
}