{
    "AdditionalTotal":[
        0.9601321585903083,
        0.9649779735682819,
        0.9517621145374449,
        0.9411894273127753,
        0.9618942731277532,
        0.9513215859030837,
        0.963215859030837,
        0.970704845814978,
        0.9689427312775329,
        0.9623348017621145,
        0.9526431718061673,
        0.9689427312775329,
        0.9566079295154184,
        0.9618942731277532,
        0.9702643171806167,
        0.9601321585903083,
        0.9649779735682819,
        0.9702643171806167,
        0.9513215859030837,
        0.9566079295154184,
        0.963215859030837,
        0.9517621145374449,
        0.9724669603524229,
        0.9773127753303964,
        0.9526431718061673,
        0.9394273127753303,
        0.9742290748898678,
        0.9834801762114537,
        0.9535242290748898,
        0.9649779735682819,
        0.94647577092511,
        0.9636563876651982,
        0.9777533039647577,
        0.961453744493392,
        0.9742290748898678,
        0.967180616740088,
        0.9658590308370043,
        0.9649779735682819,
        0.953964757709251,
        0.9645374449339207,
        0.9451541850220264,
        0.961453744493392,
        0.9658590308370043,
        0.9689427312775329,
        0.9350220264317181,
        0.9658590308370043,
        0.9601321585903083,
        0.9658590308370043,
        0.9711453744493391,
        0.9588105726872246,
        0.9680616740088105,
        0.963215859030837,
        0.983920704845815,
        0.9222466960352422,
        0.9676211453744493,
        0.970704845814978,
        0.9403083700440528,
        0.9636563876651982,
        0.9715859030837004,
        0.9548458149779735,
        0.9654185022026431,
        0.9517621145374449,
        0.9508810572687224,
        0.9685022026431718,
        0.9610132158590308,
        0.9262114537444933,
        0.974669603524229,
        0.9522026431718061
    ],
    "GreedyAdditional":[
        0.8803921568627451,
        0.9235294117647058,
        0.7078431372549019,
        0.7901960784313725,
        0.8568627450980392,
        0.8450980392156863,
        0.6411764705882352,
        0.8333333333333333,
        0.884313725490196,
        0.8215686274509804,
        0.7313725490196078,
        0.8333333333333333,
        0.9549019607843137,
        0.8529411764705882,
        0.9666666666666667,
        0.8803921568627451,
        0.8490196078431372,
        0.9392156862745098,
        0.7509803921568627,
        0.8803921568627451,
        0.903921568627451,
        0.5627450980392157,
        0.9235294117647058,
        0.9666666666666667,
        0.7745098039215685,
        0.888235294117647,
        0.9588235294117646,
        0.8490196078431372,
        0.8058823529411765,
        0.9352941176470588,
        0.8450980392156863,
        0.9509803921568627,
        0.9666666666666667,
        0.896078431372549,
        0.9588235294117646,
        0.7705882352941176,
        0.888235294117647,
        0.8411764705882352,
        0.7980392156862745,
        0.8450980392156863,
        0.8529411764705882,
        0.8098039215686275,
        0.8176470588235294,
        0.8647058823529411,
        0.7549019607843137,
        0.9274509803921568,
        0.7078431372549019,
        0.8372549019607842,
        0.8529411764705882,
        0.8764705882352941,
        0.9156862745098039,
        0.892156862745098,
        0.907843137254902,
        0.6647058823529411,
        0.692156862745098,
        0.7784313725490195,
        0.7274509803921568,
        0.8647058823529411,
        0.8803921568627451,
        0.8215686274509804,
        0.8490196078431372,
        0.9196078431372549,
        0.9196078431372549,
        0.8568627450980392,
        0.9313725490196079,
        0.6215686274509804,
        0.896078431372549,
        0.7549019607843137
    ],
    "GreedyAdditionalNew":[
        0.8333333333333333,
        0.8725490196078431,
        0.696078431372549,
        0.7274509803921568,
        0.8058823529411765,
        0.7941176470588235,
        0.6058823529411764,
        0.8215686274509804,
        0.8450980392156863,
        0.8137254901960784,
        0.7039215686274509,
        0.8019607843137254,
        0.9431372549019608,
        0.8098039215686275,
        0.9431372549019608,
        0.8333333333333333,
        0.8137254901960784,
        0.896078431372549,
        0.7980392156862745,
        0.8333333333333333,
        0.8647058823529411,
        0.5196078431372548,
        0.888235294117647,
        0.9431372549019608,
        0.7235294117647059,
        0.8529411764705882,
        0.9470588235294117,
        0.8686274509803922,
        0.8725490196078431,
        0.8999999999999999,
        0.7862745098039216,
        0.9196078431372549,
        0.9431372549019608,
        0.8764705882352941,
        0.9274509803921568,
        0.8254901960784313,
        0.8490196078431372,
        0.9313725490196079,
        0.7980392156862745,
        0.8019607843137254,
        0.8098039215686275,
        0.7705882352941176,
        0.8294117647058823,
        0.8725490196078431,
        0.6843137254901961,
        0.8725490196078431,
        0.7941176470588235,
        0.9274509803921568,
        0.8137254901960784,
        0.8098039215686275,
        0.907843137254902,
        0.8568627450980392,
        0.9392156862745098,
        0.6137254901960785,
        0.6411764705882352,
        0.7392156862745098,
        0.8058823529411765,
        0.8176470588235294,
        0.896078431372549,
        0.7745098039215685,
        0.8058823529411765,
        0.8647058823529411,
        0.8803921568627451,
        0.7980392156862745,
        0.8999999999999999,
        0.5745098039215686,
        0.9156862745098039,
        0.7274509803921568
    ],
    "GreedyTotal":[
        0.7862745098039216,
        0.7901960784313725,
        0.7588235294117647,
        0.6686274509803921,
        0.8019607843137254,
        0.8490196078431372,
        0.6176470588235294,
        0.8215686274509804,
        0.7980392156862745,
        0.8294117647058823,
        0.5549019607843138,
        0.8647058823529411,
        0.8411764705882352,
        0.7470588235294118,
        0.9509803921568627,
        0.7862745098039216,
        0.8333333333333333,
        0.8058823529411765,
        0.7745098039215685,
        0.892156862745098,
        0.888235294117647,
        0.6725490196078431,
        0.8529411764705882,
        0.9549019607843137,
        0.7117647058823529,
        0.907843137254902,
        0.8999999999999999,
        0.9196078431372549,
        0.6647058823529411,
        0.9431372549019608,
        0.6607843137254902,
        0.8568627450980392,
        0.9196078431372549,
        0.8254901960784313,
        0.896078431372549,
        0.8372549019607842,
        0.7980392156862745,
        0.7666666666666666,
        0.7352941176470588,
        0.8372549019607842,
        0.7901960784313725,
        0.907843137254902,
        0.8725490196078431,
        0.7705882352941176,
        0.492156862745098,
        0.7823529411764706,
        0.7352941176470588,
        0.7862745098039216,
        0.903921568627451,
        0.6411764705882352,
        0.8725490196078431,
        0.9156862745098039,
        0.9549019607843137,
        0.6215686274509804,
        0.7352941176470588,
        0.6686274509803921,
        0.7627450980392156,
        0.6725490196078431,
        0.8607843137254901,
        0.7,
        0.7392156862745098,
        0.7431372549019608,
        0.8803921568627451,
        0.7823529411764706,
        0.8686274509803922,
        0.6137254901960785,
        0.9235294117647058,
        0.7666666666666666
    ]
}