{
    "ARTMaxMin":[
        0,
        0.6078431372549019,
        0.3137254901960784,
        0.5882352941176471,
        0,
        0.3137254901960784,
        0,
        0,
        0.7058823529411765,
        0,
        0.3137254901960784,
        0.37254901960784315,
        0.7450980392156863,
        0,
        0.3137254901960784,
        0.6862745098039216,
        0.5882352941176471,
        0.2549019607843137,
        0,
        0,
        0.6862745098039216,
        0,
        0.5686274509803921,
        0.7647058823529411,
        0.3137254901960784,
        0,
        0.7450980392156863,
        0.8627450980392157,
        0,
        0,
        0.7058823529411765,
        0.5882352941176471,
        0.23529411764705882,
        0,
        0.5882352941176471,
        0.27450980392156865,
        0,
        0.3137254901960784,
        0.5882352941176471,
        0.6078431372549019,
        0,
        0.3333333333333333,
        0.23529411764705882,
        0,
        0,
        0.5882352941176471,
        0.5490196078431373,
        0.11764705882352941,
        0.5882352941176471,
        0.7058823529411765,
        0.8235294117647058,
        0.6862745098039216,
        0,
        0,
        0.8431372549019608,
        0.7647058823529411,
        0,
        0,
        0,
        0,
        0.6078431372549019,
        0,
        0,
        0,
        0,
        0,
        0.3137254901960784,
        0.3137254901960784
    ],
    "Genetic":[
        0,
        0.4117647058823529,
        0.6274509803921569,
        0.9215686274509803,
        0,
        0.6274509803921569,
        0,
        0,
        0.0196078431372549,
        0,
        0.6274509803921569,
        0.09803921568627451,
        0.5490196078431373,
        0,
        0.6274509803921569,
        0.9019607843137255,
        0.5490196078431373,
        0.0392156862745098,
        0,
        0,
        0.9019607843137255,
        0,
        0.23529411764705882,
        0.5490196078431373,
        0.6274509803921569,
        0,
        0.7647058823529411,
        0.49019607843137253,
        0,
        0,
        0.37254901960784315,
        0.9019607843137255,
        0.5490196078431373,
        0,
        0.5490196078431373,
        0.3137254901960784,
        0,
        0.6274509803921569,
        0.9019607843137255,
        0.4117647058823529,
        0,
        0.7843137254901961,
        0.5490196078431373,
        0,
        0,
        0.5490196078431373,
        0.45098039215686275,
        0.17647058823529413,
        0.9215686274509803,
        0.37254901960784315,
        0.803921568627451,
        0.9019607843137255,
        0,
        0,
        0.7843137254901961,
        0.5490196078431373,
        0,
        0,
        0,
        0,
        0.4117647058823529,
        0,
        0,
        0,
        0,
        0,
        0.6274509803921569,
        0.6274509803921569
    ],
    "GreedyAdditional":[
        0,
        0.45098039215686275,
        0.47058823529411764,
        0.5490196078431373,
        0,
        0.47058823529411764,
        0,
        0,
        0.0392156862745098,
        0,
        0.47058823529411764,
        0.0784313725490196,
        0.23529411764705882,
        0,
        0.47058823529411764,
        0.5882352941176471,
        0.37254901960784315,
        0.0392156862745098,
        0,
        0,
        0.5882352941176471,
        0,
        0.37254901960784315,
        0.6274509803921569,
        0.47058823529411764,
        0,
        0.37254901960784315,
        0.7450980392156863,
        0,
        0,
        0.5098039215686274,
        0.5686274509803921,
        0.6274509803921569,
        0,
        0.37254901960784315,
        0.17647058823529413,
        0,
        0.47058823529411764,
        0.5686274509803921,
        0.45098039215686275,
        0,
        0.6862745098039216,
        0.6274509803921569,
        0,
        0,
        0.37254901960784315,
        0.5294117647058824,
        0.19607843137254902,
        0.5490196078431373,
        0.5098039215686274,
        0.6274509803921569,
        0.5882352941176471,
        0,
        0,
        0.7254901960784313,
        0.6274509803921569,
        0,
        0,
        0,
        0,
        0.45098039215686275,
        0,
        0,
        0,
        0,
        0,
        0.47058823529411764,
        0.47058823529411764
    ],
    "GreedyTotal":[
        0,
        0.21568627450980393,
        0.3333333333333333,
        0.21568627450980393,
        0,
        0.3333333333333333,
        0,
        0,
        0.0392156862745098,
        0,
        0.3333333333333333,
        0.5294117647058824,
        0.17647058823529413,
        0,
        0.3333333333333333,
        0.5686274509803921,
        0.058823529411764705,
        0.0196078431372549,
        0,
        0,
        0.5686274509803921,
        0,
        0.4117647058823529,
        0.37254901960784315,
        0.3333333333333333,
        0,
        0.21568627450980393,
        0.47058823529411764,
        0,
        0,
        0.5294117647058824,
        0.5490196078431373,
        0.37254901960784315,
        0,
        0.058823529411764705,
        0.0392156862745098,
        0,
        0.3333333333333333,
        0.5490196078431373,
        0.21568627450980393,
        0,
        0.8627450980392157,
        0.37254901960784315,
        0,
        0,
        0.058823529411764705,
        0.3137254901960784,
        0.11764705882352941,
        0.21568627450980393,
        0.5294117647058824,
        0.5098039215686274,
        0.5686274509803921,
        0,
        0,
        0.9215686274509803,
        0.37254901960784315,
        0,
        0,
        0,
        0,
        0.21568627450980393,
        0,
        0,
        0,
        0,
        0,
        0.3333333333333333,
        0.3333333333333333
    ]
}