{
    "ARTMaxMin":[
        0,
        0.7254901960784313,
        0.21568627450980393,
        0.8823529411764706,
        0,
        0.21568627450980393,
        0,
        0,
        0.6274509803921569,
        0,
        0.21568627450980393,
        0.11764705882352941,
        0.7843137254901961,
        0,
        0.21568627450980393,
        0.8823529411764706,
        0.8823529411764706,
        0.1568627450980392,
        0,
        0,
        0.8823529411764706,
        0,
        0.6666666666666666,
        0.5098039215686274,
        0.21568627450980393,
        0,
        0.7843137254901961,
        0.47058823529411764,
        0,
        0,
        0.7254901960784313,
        0.8823529411764706,
        0.4117647058823529,
        0,
        0.8823529411764706,
        0.6470588235294118,
        0,
        0.21568627450980393,
        0.8823529411764706,
        0.7254901960784313,
        0,
        0.7058823529411765,
        0.4117647058823529,
        0,
        0,
        0.8823529411764706,
        0.5686274509803921,
        0.6274509803921569,
        0.8823529411764706,
        0.7254901960784313,
        0.9215686274509803,
        0.8823529411764706,
        0,
        0,
        0.8823529411764706,
        0.5098039215686274,
        0,
        0,
        0,
        0,
        0.7254901960784313,
        0,
        0,
        0,
        0,
        0,
        0.21568627450980393,
        0.21568627450980393
    ],
    "Genetic":[
        0,
        0.5686274509803921,
        0.19607843137254902,
        0.5686274509803921,
        0,
        0.19607843137254902,
        0,
        0,
        0.37254901960784315,
        0,
        0.19607843137254902,
        0.29411764705882354,
        0.7450980392156863,
        0,
        0.19607843137254902,
        0.6078431372549019,
        0.5686274509803921,
        0.2549019607843137,
        0,
        0,
        0.6078431372549019,
        0,
        0.6274509803921569,
        0.2549019607843137,
        0.19607843137254902,
        0,
        0.7450980392156863,
        0.35294117647058826,
        0,
        0,
        0.45098039215686275,
        0.5686274509803921,
        0.13725490196078433,
        0,
        0.5686274509803921,
        0.27450980392156865,
        0,
        0.19607843137254902,
        0.5686274509803921,
        0.5686274509803921,
        0,
        0.6862745098039216,
        0.13725490196078433,
        0,
        0,
        0.5686274509803921,
        0.29411764705882354,
        0.29411764705882354,
        0.5686274509803921,
        0.45098039215686275,
        0.8823529411764706,
        0.6078431372549019,
        0,
        0,
        0.7647058823529411,
        0.2549019607843137,
        0,
        0,
        0,
        0,
        0.5686274509803921,
        0,
        0,
        0,
        0,
        0,
        0.19607843137254902,
        0.19607843137254902
    ],
    "GreedyAdditional":[
        0,
        0.5686274509803921,
        0.21568627450980393,
        0.5686274509803921,
        0,
        0.21568627450980393,
        0,
        0,
        0.37254901960784315,
        0,
        0.21568627450980393,
        0.27450980392156865,
        0.7450980392156863,
        0,
        0.21568627450980393,
        0.6078431372549019,
        0.5686274509803921,
        0.3137254901960784,
        0,
        0,
        0.6078431372549019,
        0,
        0.7058823529411765,
        0.29411764705882354,
        0.21568627450980393,
        0,
        0.7450980392156863,
        0.29411764705882354,
        0,
        0,
        0.47058823529411764,
        0.5686274509803921,
        0.29411764705882354,
        0,
        0.5686274509803921,
        0.27450980392156865,
        0,
        0.21568627450980393,
        0.5686274509803921,
        0.5686274509803921,
        0,
        0.6470588235294118,
        0.29411764705882354,
        0,
        0,
        0.5686274509803921,
        0.2549019607843137,
        0.27450980392156865,
        0.5686274509803921,
        0.47058823529411764,
        0.9019607843137255,
        0.6078431372549019,
        0,
        0,
        0.7058823529411765,
        0.29411764705882354,
        0,
        0,
        0,
        0,
        0.5686274509803921,
        0,
        0,
        0,
        0,
        0,
        0.21568627450980393,
        0.21568627450980393
    ],
    "GreedyTotal":[
        0,
        0.1568627450980392,
        0.39215686274509803,
        0.39215686274509803,
        0,
        0.39215686274509803,
        0,
        0,
        0.058823529411764705,
        0,
        0.39215686274509803,
        0.2549019607843137,
        0.29411764705882354,
        0,
        0.39215686274509803,
        0.21568627450980393,
        0.0392156862745098,
        0.27450980392156865,
        0,
        0,
        0.21568627450980393,
        0,
        0.09803921568627451,
        0.3333333333333333,
        0.39215686274509803,
        0,
        0.29411764705882354,
        0.7254901960784313,
        0,
        0,
        0.4117647058823529,
        0.13725490196078433,
        0.3333333333333333,
        0,
        0.0392156862745098,
        0.0196078431372549,
        0,
        0.39215686274509803,
        0.13725490196078433,
        0.1568627450980392,
        0,
        0.43137254901960786,
        0.3333333333333333,
        0,
        0,
        0.0392156862745098,
        0.43137254901960786,
        0.0392156862745098,
        0.39215686274509803,
        0.4117647058823529,
        0.6274509803921569,
        0.21568627450980393,
        0,
        0,
        0.45098039215686275,
        0.3333333333333333,
        0,
        0,
        0,
        0,
        0.1568627450980392,
        0,
        0,
        0,
        0,
        0,
        0.39215686274509803,
        0.39215686274509803
    ]
}