{
    "AdditionalTotal":[
        0.43137254901960786,
        0.36601307189542487,
        0.7941176470588235,
        0.4117647058823529,
        0.6862745098039215,
        0.9215686274509803,
        0.43137254901960786,
        0.47549019607843135,
        0.7294117647058823,
        0.738562091503268,
        0.5555555555555555,
        0.35947712418300654,
        0.42156862745098034,
        0.7254901960784313,
        0.8872549019607843,
        0.7941176470588236,
        0.4558823529411764,
        0.5686274509803921,
        0.9215686274509803,
        0.5588235294117647,
        0.6013071895424836,
        0.47058823529411764,
        0.5784313725490197,
        0.6470588235294118,
        0.5,
        0.9509803921568627,
        0.8366013071895425,
        0.8366013071895425,
        0.7647058823529411,
        0.8186274509803921,
        0.6666666666666667,
        0.6339869281045751,
        0.45098039215686275,
        0.6862745098039216,
        0.7549019607843137,
        0.6323529411764706,
        0.7843137254901961,
        0.4117647058823529,
        0.5343137254901961,
        0.5245098039215685,
        0.8496732026143791,
        0.8529411764705882,
        0.6862745098039216,
        0.4705882352941176,
        0.37254901960784315,
        0.39215686274509803,
        0.696078431372549,
        0.29411764705882354,
        0.7941176470588236,
        0.4852941176470588,
        0.8431372549019608,
        0.6405228758169935,
        0.7647058823529411,
        0.0,
        0.7352941176470589,
        0.6039215686274509,
        0.7712418300653594,
        0.738562091503268,
        0.5686274509803922,
        0.28431372549019607,
        0.738562091503268,
        0.6568627450980392,
        0.9215686274509803,
        0.45098039215686275,
        0.43790849673202614,
        0.0,
        0.7647058823529411,
        0.5588235294117647
    ],
    "GreedyAdditional":[
        0.33333333333333337,
        0.1895424836601307,
        0.3529411764705882,
        0.29411764705882354,
        0.4052287581699347,
        0.47058823529411764,
        0.36274509803921573,
        0.36764705882352944,
        0.5725490196078431,
        0.477124183006536,
        0.26143790849673204,
        0.20915032679738563,
        0.2745098039215686,
        0.45098039215686275,
        0.553921568627451,
        0.607843137254902,
        0.303921568627451,
        0.3284313725490196,
        0.47058823529411764,
        0.3333333333333333,
        0.39215686274509803,
        0.5294117647058824,
        0.47549019607843135,
        0.5163398692810457,
        0.3382352941176471,
        0.696078431372549,
        0.43790849673202614,
        0.6143790849673203,
        0.3235294117647059,
        0.5098039215686274,
        0.5686274509803921,
        0.411764705882353,
        0.29411764705882354,
        0.5882352941176471,
        0.43137254901960786,
        0.3970588235294118,
        0.5032679738562091,
        0.19117647058823528,
        0.33333333333333337,
        0.2696078431372549,
        0.6143790849673203,
        0.6176470588235294,
        0.4019607843137255,
        0.19607843137254902,
        0.0392156862745098,
        0.2107843137254902,
        0.4509803921568627,
        0.1503267973856209,
        0.5686274509803921,
        0.36764705882352944,
        0.5490196078431373,
        0.4901960784313726,
        0.49673202614379086,
        0.0,
        0.6764705882352942,
        0.5333333333333333,
        0.3398692810457516,
        0.49673202614379086,
        0.28104575163398693,
        0.11764705882352941,
        0.4640522875816993,
        0.29411764705882354,
        0.47058823529411764,
        0.29411764705882354,
        0.2875816993464052,
        0.0,
        0.3986928104575164,
        0.3333333333333333
    ],
    "GreedyAdditionalNew":[
        0.4215686274509804,
        0.2352941176470588,
        0.28431372549019607,
        0.3137254901960784,
        0.22875816993464052,
        0.09803921568627451,
        0.3431372549019608,
        0.4852941176470588,
        0.5294117647058822,
        0.26143790849673204,
        0.21568627450980393,
        0.22875816993464052,
        0.37745098039215685,
        0.303921568627451,
        0.1323529411764706,
        0.6372549019607843,
        0.2990196078431373,
        0.23529411764705882,
        0.09803921568627451,
        0.20588235294117646,
        0.3986928104575164,
        0.45098039215686275,
        0.5147058823529411,
        0.5424836601307189,
        0.18137254901960784,
        0.5098039215686274,
        0.3006535947712418,
        0.5424836601307189,
        0.28431372549019607,
        0.3970588235294118,
        0.5294117647058824,
        0.3333333333333333,
        0.24836601307189543,
        0.6470588235294118,
        0.3431372549019608,
        0.37745098039215685,
        0.30718954248366015,
        0.18137254901960784,
        0.28921568627450983,
        0.20588235294117646,
        0.5882352941176471,
        0.47058823529411764,
        0.4411764705882353,
        0.19607843137254902,
        0.0392156862745098,
        0.1568627450980392,
        0.4117647058823529,
        0.29411764705882354,
        0.607843137254902,
        0.33333333333333337,
        0.5196078431372549,
        0.5163398692810458,
        0.4901960784313726,
        0.0,
        0.6176470588235294,
        0.47058823529411764,
        0.28104575163398693,
        0.477124183006536,
        0.2222222222222222,
        0.1764705882352941,
        0.477124183006536,
        0.14705882352941177,
        0.09803921568627451,
        0.22875816993464052,
        0.24183006535947713,
        0.0,
        0.3071895424836601,
        0.20588235294117646
    ],
    "GreedyTotal":[
        0.1568627450980392,
        0.26143790849673204,
        0.2549019607843137,
        0.11764705882352941,
        0.20915032679738563,
        0.3333333333333333,
        0.12745098039215685,
        0.19607843137254902,
        0.4745098039215686,
        0.28104575163398693,
        0.2549019607843137,
        0.5294117647058824,
        0.18137254901960786,
        0.45098039215686275,
        0.5294117647058824,
        0.47058823529411764,
        0.2549019607843137,
        0.2450980392156863,
        0.3333333333333333,
        0.22549019607843135,
        0.2352941176470588,
        0.3137254901960784,
        0.303921568627451,
        0.4705882352941176,
        0.2303921568627451,
        0.5882352941176471,
        0.29411764705882354,
        0.48366013071895425,
        0.18627450980392157,
        0.3284313725490196,
        0.45098039215686275,
        0.3398692810457516,
        0.1568627450980392,
        0.5686274509803921,
        0.2107843137254902,
        0.19117647058823528,
        0.3790849673202614,
        0.2303921568627451,
        0.2598039215686274,
        0.19607843137254902,
        0.37254901960784315,
        0.5392156862745099,
        0.20588235294117646,
        0.0392156862745098,
        0.0392156862745098,
        0.04901960784313726,
        0.2647058823529412,
        0.22875816993464052,
        0.39215686274509803,
        0.29901960784313725,
        0.4362745098039216,
        0.5163398692810458,
        0.4248366013071896,
        0.0,
        0.7254901960784313,
        0.3529411764705882,
        0.14379084967320263,
        0.5294117647058824,
        0.1633986928104575,
        0.0784313725490196,
        0.27450980392156865,
        0.049019607843137254,
        0.3333333333333333,
        0.14379084967320263,
        0.196078431372549,
        0.0,
        0.196078431372549,
        0.22549019607843135
    ]
}