{
    "AdditionalTotal":[
        0.5392156862745098,
        0.5751633986928105,
        0.9019607843137254,
        0.7647058823529411,
        0.6143790849673203,
        0.9215686274509803,
        0.4019607843137255,
        0.5833333333333333,
        0.7411764705882353,
        0.8104575163398692,
        0.6274509803921569,
        0.8039215686274509,
        0.5,
        0.8431372549019608,
        0.8872549019607843,
        0.803921568627451,
        0.6813725490196079,
        0.803921568627451,
        0.9215686274509803,
        0.6078431372549019,
        0.5620915032679739,
        0.3333333333333333,
        0.6715686274509804,
        0.6862745098039215,
        0.7058823529411764,
        0.9509803921568627,
        0.9084967320261438,
        0.823529411764706,
        0.5784313725490196,
        0.803921568627451,
        0.7843137254901961,
        0.6535947712418301,
        0.5228758169934641,
        0.6666666666666666,
        0.7892156862745098,
        0.6666666666666666,
        0.784313725490196,
        0.6715686274509803,
        0.6323529411764706,
        0.5735294117647058,
        0.823529411764706,
        0.8431372549019608,
        0.6470588235294118,
        0.6732026143790849,
        0.3137254901960784,
        0.6029411764705882,
        0.5735294117647058,
        0.4248366013071896,
        0.7745098039215687,
        0.5931372549019608,
        0.8823529411764706,
        0.6797385620915032,
        0.7450980392156863,
        0.0,
        0.6666666666666667,
        0.6784313725490195,
        0.6339869281045751,
        0.7254901960784315,
        0.5686274509803921,
        0.303921568627451,
        0.7189542483660131,
        0.7450980392156863,
        0.9215686274509803,
        0.6339869281045752,
        0.5032679738562091,
        0.0,
        0.7189542483660131,
        0.6078431372549019
    ],
    "GreedyAdditional":[
        0.5392156862745098,
        0.5751633986928105,
        0.9019607843137254,
        0.7647058823529411,
        0.6143790849673203,
        0.9215686274509803,
        0.4019607843137255,
        0.5833333333333333,
        0.7411764705882353,
        0.8104575163398692,
        0.6274509803921569,
        0.8039215686274509,
        0.5,
        0.8431372549019608,
        0.8872549019607843,
        0.803921568627451,
        0.6813725490196079,
        0.803921568627451,
        0.9215686274509803,
        0.6078431372549019,
        0.5620915032679739,
        0.3333333333333333,
        0.6715686274509804,
        0.6862745098039215,
        0.7058823529411764,
        0.9509803921568627,
        0.9084967320261438,
        0.823529411764706,
        0.5784313725490196,
        0.803921568627451,
        0.7843137254901961,
        0.6535947712418301,
        0.5228758169934641,
        0.6666666666666666,
        0.7892156862745098,
        0.6666666666666666,
        0.784313725490196,
        0.6715686274509803,
        0.6323529411764706,
        0.5735294117647058,
        0.823529411764706,
        0.8431372549019608,
        0.6470588235294118,
        0.6732026143790849,
        0.3137254901960784,
        0.6029411764705882,
        0.5735294117647058,
        0.4248366013071896,
        0.7745098039215687,
        0.5931372549019608,
        0.8823529411764706,
        0.6797385620915032,
        0.7450980392156863,
        0.0,
        0.6666666666666667,
        0.6784313725490195,
        0.6339869281045751,
        0.7254901960784315,
        0.5686274509803921,
        0.303921568627451,
        0.7189542483660131,
        0.7450980392156863,
        0.9215686274509803,
        0.6339869281045752,
        0.5032679738562091,
        0.0,
        0.7189542483660131,
        0.6078431372549019
    ],
    "GreedyAdditionalSimilarity":[
        0.09803921568627452,
        0.32026143790849676,
        0.8235294117647058,
        0.303921568627451,
        0.5555555555555555,
        0.9803921568627451,
        0.303921568627451,
        0.36274509803921573,
        0.5333333333333333,
        0.5424836601307189,
        0.5555555555555555,
        0.9150326797385621,
        0.3333333333333333,
        0.4019607843137255,
        0.5588235294117647,
        0.6372549019607843,
        0.4019607843137255,
        0.21568627450980393,
        0.9803921568627451,
        0.5,
        0.2679738562091503,
        0.47058823529411764,
        0.196078431372549,
        0.5163398692810458,
        0.38235294117647056,
        0.9803921568627451,
        0.8758169934640523,
        0.5424836601307189,
        0.5,
        0.5392156862745098,
        0.43137254901960786,
        0.5359477124183006,
        0.2222222222222222,
        0.7058823529411765,
        0.2696078431372549,
        0.18137254901960786,
        0.2352941176470588,
        0.47549019607843135,
        0.1715686274509804,
        0.27450980392156865,
        0.5359477124183006,
        0.5980392156862745,
        0.29411764705882354,
        0.026143790849673203,
        0.0196078431372549,
        0.03431372549019608,
        0.5098039215686274,
        0.30718954248366015,
        0.6470588235294118,
        0.2450980392156863,
        0.7990196078431372,
        0.5032679738562091,
        0.45751633986928103,
        0.0,
        0.7352941176470589,
        0.4156862745098039,
        0.34640522875817,
        0.5947712418300654,
        0.3398692810457516,
        0.0196078431372549,
        0.2222222222222222,
        0.029411764705882353,
        0.9803921568627451,
        0.20261437908496735,
        0.35294117647058826,
        0.0,
        0.5294117647058824,
        0.5
    ],
    "GreedyTotal":[
        0.1568627450980392,
        0.2745098039215686,
        0.3529411764705882,
        0.6176470588235294,
        0.20915032679738563,
        0.45098039215686275,
        0.411764705882353,
        0.42647058823529416,
        0.5215686274509804,
        0.3986928104575163,
        0.24183006535947713,
        0.6601307189542484,
        0.23529411764705882,
        0.2549019607843137,
        0.3725490196078431,
        0.4215686274509804,
        0.34803921568627455,
        0.25,
        0.45098039215686275,
        0.2450980392156863,
        0.09803921568627451,
        0.5686274509803921,
        0.2745098039215686,
        0.4313725490196078,
        0.37254901960784315,
        0.7156862745098039,
        0.3856209150326797,
        0.4705882352941176,
        0.2450980392156863,
        0.32352941176470584,
        0.5686274509803921,
        0.22875816993464052,
        0.2222222222222222,
        0.21568627450980393,
        0.20588235294117646,
        0.24019607843137256,
        0.24836601307189543,
        0.38235294117647056,
        0.06862745098039216,
        0.18627450980392157,
        0.6143790849673203,
        0.6764705882352942,
        0.3235294117647059,
        0.16993464052287585,
        0.0196078431372549,
        0.1323529411764706,
        0.4215686274509804,
        0.2287581699346405,
        0.5098039215686274,
        0.3529411764705882,
        0.6225490196078431,
        0.24836601307189543,
        0.3790849673202614,
        0.0,
        0.607843137254902,
        0.38039215686274513,
        0.18300653594771243,
        0.41830065359477125,
        0.16993464052287585,
        0.029411764705882353,
        0.1372549019607843,
        0.0392156862745098,
        0.45098039215686275,
        0.22222222222222224,
        0.1895424836601307,
        0.0,
        0.4248366013071896,
        0.2450980392156863
    ]
}