{
    "ARTMaxMin":[
        0.4117647058823529,
        0.562091503267974,
        0.5294117647058824,
        0.4215686274509804,
        0.36601307189542487,
        0.3137254901960784,
        0.4117647058823529,
        0.5441176470588235,
        0.8392156862745098,
        0.6274509803921569,
        0.6339869281045752,
        0.36601307189542487,
        0.35294117647058826,
        0.7549019607843137,
        0.39215686274509803,
        0.4607843137254902,
        0.6274509803921569,
        0.5882352941176471,
        0.3137254901960784,
        0.21568627450980393,
        0.6535947712418301,
        0.5490196078431373,
        0.6372549019607843,
        0.5751633986928105,
        0.5294117647058824,
        0.6176470588235294,
        0.45751633986928103,
        0.7647058823529411,
        0.32352941176470584,
        0.5637254901960784,
        0.47058823529411764,
        0.5032679738562091,
        0.41830065359477125,
        0.6078431372549019,
        0.6813725490196079,
        0.6127450980392157,
        0.5098039215686274,
        0.31862745098039214,
        0.5343137254901961,
        0.4362745098039216,
        0.7189542483660131,
        0.4607843137254902,
        0.2549019607843137,
        0.37254901960784315,
        0.7058823529411765,
        0.5588235294117647,
        0.35784313725490197,
        0.2745098039215686,
        0.6372549019607843,
        0.6421568627450981,
        0.5637254901960784,
        0.5359477124183006,
        0.6143790849673203,
        0.0,
        0.8431372549019608,
        0.6862745098039216,
        0.411764705882353,
        0.7843137254901961,
        0.23529411764705885,
        0.411764705882353,
        0.5947712418300654,
        0.6470588235294118,
        0.3137254901960784,
        0.6797385620915032,
        0.34640522875816987,
        0.0,
        0.39215686274509803,
        0.21568627450980393
    ],
    "Genetic":[
        0.32352941176470584,
        0.17647058823529413,
        0.5882352941176471,
        0.48039215686274506,
        0.4705882352941177,
        0.6274509803921569,
        0.49019607843137253,
        0.5245098039215687,
        0.6470588235294117,
        0.49673202614379086,
        0.4052287581699347,
        0.2745098039215686,
        0.32352941176470595,
        0.5784313725490196,
        0.6862745098039216,
        0.7254901960784315,
        0.4019607843137255,
        0.43627450980392163,
        0.6274509803921569,
        0.4019607843137255,
        0.5686274509803922,
        0.45098039215686275,
        0.4068627450980392,
        0.5032679738562091,
        0.43137254901960786,
        0.803921568627451,
        0.6732026143790849,
        0.607843137254902,
        0.4901960784313726,
        0.6568627450980392,
        0.4607843137254902,
        0.5686274509803922,
        0.3137254901960784,
        0.9019607843137255,
        0.6029411764705883,
        0.39705882352941174,
        0.5816993464052288,
        0.27941176470588236,
        0.4558823529411765,
        0.3480392156862745,
        0.8169934640522877,
        0.8529411764705882,
        0.43137254901960786,
        0.3006535947712418,
        0.0196078431372549,
        0.303921568627451,
        0.4950980392156863,
        0.20915032679738563,
        0.9117647058823529,
        0.38725490196078427,
        0.6519607843137255,
        0.6209150326797386,
        0.5490196078431373,
        0.0,
        0.7352941176470589,
        0.5607843137254902,
        0.5098039215686275,
        0.5816993464052288,
        0.37254901960784315,
        0.09803921568627452,
        0.6209150326797386,
        0.4607843137254902,
        0.6274509803921569,
        0.3333333333333333,
        0.32679738562091504,
        0.0,
        0.6209150326797386,
        0.4019607843137255
    ],
    "GreedyAdditional":[
        0.33333333333333337,
        0.1895424836601307,
        0.3529411764705882,
        0.29411764705882354,
        0.4052287581699347,
        0.47058823529411764,
        0.36274509803921573,
        0.36764705882352944,
        0.5725490196078431,
        0.477124183006536,
        0.26143790849673204,
        0.20915032679738563,
        0.2745098039215686,
        0.45098039215686275,
        0.553921568627451,
        0.607843137254902,
        0.303921568627451,
        0.3284313725490196,
        0.47058823529411764,
        0.3333333333333333,
        0.39215686274509803,
        0.5294117647058824,
        0.47549019607843135,
        0.5163398692810457,
        0.3382352941176471,
        0.696078431372549,
        0.43790849673202614,
        0.6143790849673203,
        0.3235294117647059,
        0.5098039215686274,
        0.5686274509803921,
        0.411764705882353,
        0.29411764705882354,
        0.5882352941176471,
        0.43137254901960786,
        0.3970588235294118,
        0.5032679738562091,
        0.19117647058823528,
        0.33333333333333337,
        0.2696078431372549,
        0.6143790849673203,
        0.6176470588235294,
        0.4019607843137255,
        0.19607843137254902,
        0.0392156862745098,
        0.2107843137254902,
        0.4509803921568627,
        0.1503267973856209,
        0.5686274509803921,
        0.36764705882352944,
        0.5490196078431373,
        0.4901960784313726,
        0.49673202614379086,
        0.0,
        0.6764705882352942,
        0.5333333333333333,
        0.3398692810457516,
        0.49673202614379086,
        0.28104575163398693,
        0.11764705882352941,
        0.4640522875816993,
        0.29411764705882354,
        0.47058823529411764,
        0.29411764705882354,
        0.2875816993464052,
        0.0,
        0.3986928104575164,
        0.3333333333333333
    ],
    "GreedyTotal":[
        0.1568627450980392,
        0.26143790849673204,
        0.2549019607843137,
        0.11764705882352941,
        0.20915032679738563,
        0.3333333333333333,
        0.12745098039215685,
        0.19607843137254902,
        0.4745098039215686,
        0.28104575163398693,
        0.2549019607843137,
        0.5294117647058824,
        0.18137254901960786,
        0.45098039215686275,
        0.5294117647058824,
        0.47058823529411764,
        0.2549019607843137,
        0.2450980392156863,
        0.3333333333333333,
        0.22549019607843135,
        0.2352941176470588,
        0.3137254901960784,
        0.303921568627451,
        0.4705882352941176,
        0.2303921568627451,
        0.5882352941176471,
        0.29411764705882354,
        0.48366013071895425,
        0.18627450980392157,
        0.3284313725490196,
        0.45098039215686275,
        0.3398692810457516,
        0.1568627450980392,
        0.5686274509803921,
        0.2107843137254902,
        0.19117647058823528,
        0.3790849673202614,
        0.2303921568627451,
        0.2598039215686274,
        0.19607843137254902,
        0.37254901960784315,
        0.5392156862745099,
        0.20588235294117646,
        0.0392156862745098,
        0.0392156862745098,
        0.04901960784313726,
        0.2647058823529412,
        0.22875816993464052,
        0.39215686274509803,
        0.29901960784313725,
        0.4362745098039216,
        0.5163398692810458,
        0.4248366013071896,
        0.0,
        0.7254901960784313,
        0.3529411764705882,
        0.14379084967320263,
        0.5294117647058824,
        0.1633986928104575,
        0.0784313725490196,
        0.27450980392156865,
        0.049019607843137254,
        0.3333333333333333,
        0.14379084967320263,
        0.196078431372549,
        0.0,
        0.196078431372549,
        0.22549019607843135
    ]
}