{
    "ARTMaxMin":[
        0.607843137254902,
        0.6078431372549019,
        0.607843137254902,
        0.4019607843137255,
        0.6535947712418301,
        0.47058823529411764,
        0.4901960784313726,
        0.6372549019607843,
        0.8901960784313726,
        0.6993464052287582,
        0.5424836601307189,
        0.43790849673202614,
        0.5441176470588236,
        0.803921568627451,
        0.47058823529411764,
        0.5490196078431372,
        0.5196078431372548,
        0.6029411764705882,
        0.47058823529411764,
        0.5490196078431373,
        0.49019607843137253,
        0.6862745098039216,
        0.5637254901960784,
        0.6078431372549019,
        0.5490196078431373,
        0.7254901960784313,
        0.5620915032679739,
        0.7908496732026143,
        0.3529411764705882,
        0.5490196078431373,
        0.6078431372549019,
        0.6209150326797386,
        0.5163398692810458,
        0.7058823529411765,
        0.7205882352941176,
        0.6715686274509803,
        0.5620915032679737,
        0.303921568627451,
        0.6225490196078431,
        0.4950980392156862,
        0.7450980392156863,
        0.5196078431372548,
        0.3627450980392157,
        0.3986928104575163,
        0.8235294117647058,
        0.4068627450980392,
        0.4313725490196078,
        0.3986928104575163,
        0.696078431372549,
        0.7303921568627451,
        0.5686274509803921,
        0.7516339869281046,
        0.5294117647058824,
        0.0,
        0.8333333333333334,
        0.6313725490196079,
        0.4444444444444444,
        0.8562091503267973,
        0.49673202614379086,
        0.7254901960784313,
        0.6862745098039215,
        0.6862745098039216,
        0.47058823529411764,
        0.48366013071895425,
        0.5751633986928105,
        0.0,
        0.49673202614379086,
        0.5490196078431373
    ],
    "Genetic":[
        0.4411764705882353,
        0.22222222222222224,
        0.6274509803921569,
        0.5098039215686274,
        0.5947712418300654,
        0.6470588235294118,
        0.7156862745098039,
        0.5588235294117647,
        0.6705882352941176,
        0.607843137254902,
        0.5816993464052288,
        0.28104575163398693,
        0.3480392156862745,
        0.5490196078431373,
        0.6225490196078431,
        0.7254901960784313,
        0.5245098039215687,
        0.5294117647058822,
        0.6470588235294118,
        0.45098039215686275,
        0.7124183006535948,
        0.5686274509803921,
        0.5392156862745099,
        0.4640522875816993,
        0.4607843137254902,
        0.8137254901960784,
        0.6339869281045751,
        0.7973856209150326,
        0.6274509803921569,
        0.7696078431372549,
        0.45098039215686275,
        0.6274509803921569,
        0.32026143790849676,
        0.6078431372549019,
        0.7598039215686274,
        0.607843137254902,
        0.6470588235294118,
        0.3480392156862745,
        0.676470588235294,
        0.41666666666666663,
        0.9803921568627451,
        0.7058823529411764,
        0.5980392156862745,
        0.5816993464052288,
        0.0392156862745098,
        0.4068627450980392,
        0.5735294117647058,
        0.3202614379084967,
        0.9803921568627451,
        0.5049019607843137,
        0.5931372549019608,
        0.6339869281045751,
        0.6209150326797386,
        0.0,
        0.696078431372549,
        0.5568627450980392,
        0.7450980392156863,
        0.45098039215686275,
        0.5424836601307189,
        0.14705882352941174,
        0.8300653594771242,
        0.7058823529411764,
        0.6470588235294118,
        0.34640522875817,
        0.3856209150326797,
        0.0,
        0.7843137254901961,
        0.45098039215686275
    ],
    "GreedyAdditional":[
        0.33333333333333337,
        0.1895424836601307,
        0.3529411764705882,
        0.29411764705882354,
        0.4052287581699347,
        0.47058823529411764,
        0.36274509803921573,
        0.36764705882352944,
        0.5725490196078431,
        0.477124183006536,
        0.26143790849673204,
        0.20915032679738563,
        0.2745098039215686,
        0.45098039215686275,
        0.553921568627451,
        0.607843137254902,
        0.303921568627451,
        0.3284313725490196,
        0.47058823529411764,
        0.3333333333333333,
        0.39215686274509803,
        0.5294117647058824,
        0.47549019607843135,
        0.5163398692810457,
        0.3382352941176471,
        0.696078431372549,
        0.43790849673202614,
        0.6143790849673203,
        0.3235294117647059,
        0.5098039215686274,
        0.5686274509803921,
        0.411764705882353,
        0.29411764705882354,
        0.5882352941176471,
        0.43137254901960786,
        0.3970588235294118,
        0.5032679738562091,
        0.19117647058823528,
        0.33333333333333337,
        0.2696078431372549,
        0.6143790849673203,
        0.6176470588235294,
        0.4019607843137255,
        0.19607843137254902,
        0.0392156862745098,
        0.2107843137254902,
        0.4509803921568627,
        0.1503267973856209,
        0.5686274509803921,
        0.36764705882352944,
        0.5490196078431373,
        0.4901960784313726,
        0.49673202614379086,
        0.0,
        0.6764705882352942,
        0.5333333333333333,
        0.3398692810457516,
        0.49673202614379086,
        0.28104575163398693,
        0.11764705882352941,
        0.4640522875816993,
        0.29411764705882354,
        0.47058823529411764,
        0.29411764705882354,
        0.2875816993464052,
        0.0,
        0.3986928104575164,
        0.3333333333333333
    ],
    "GreedyTotal":[
        0.1568627450980392,
        0.26143790849673204,
        0.2549019607843137,
        0.11764705882352941,
        0.20915032679738563,
        0.3333333333333333,
        0.12745098039215685,
        0.19607843137254902,
        0.4745098039215686,
        0.28104575163398693,
        0.2549019607843137,
        0.5294117647058824,
        0.18137254901960786,
        0.45098039215686275,
        0.5294117647058824,
        0.47058823529411764,
        0.2549019607843137,
        0.2450980392156863,
        0.3333333333333333,
        0.22549019607843135,
        0.2352941176470588,
        0.3137254901960784,
        0.303921568627451,
        0.4705882352941176,
        0.2303921568627451,
        0.5882352941176471,
        0.29411764705882354,
        0.48366013071895425,
        0.18627450980392157,
        0.3284313725490196,
        0.45098039215686275,
        0.3398692810457516,
        0.1568627450980392,
        0.5686274509803921,
        0.2107843137254902,
        0.19117647058823528,
        0.3790849673202614,
        0.2303921568627451,
        0.2598039215686274,
        0.19607843137254902,
        0.37254901960784315,
        0.5392156862745099,
        0.20588235294117646,
        0.0392156862745098,
        0.0392156862745098,
        0.04901960784313726,
        0.2647058823529412,
        0.22875816993464052,
        0.39215686274509803,
        0.29901960784313725,
        0.4362745098039216,
        0.5163398692810458,
        0.4248366013071896,
        0.0,
        0.7254901960784313,
        0.3529411764705882,
        0.14379084967320263,
        0.5294117647058824,
        0.1633986928104575,
        0.0784313725490196,
        0.27450980392156865,
        0.049019607843137254,
        0.3333333333333333,
        0.14379084967320263,
        0.196078431372549,
        0.0,
        0.196078431372549,
        0.22549019607843135
    ]
}