{
    "ARTMaxMin":[
        0.6862745098039216,
        0.5294117647058824,
        0.4509803921568627,
        0.5,
        0.26143790849673204,
        0.23529411764705882,
        0.8137254901960784,
        0.6813725490196079,
        0.7686274509803922,
        0.45098039215686275,
        0.5359477124183006,
        0.18300653594771243,
        0.4509803921568627,
        0.5392156862745098,
        0.37745098039215685,
        0.5392156862745098,
        0.2892156862745098,
        0.40196078431372545,
        0.23529411764705882,
        0.5,
        0.5294117647058824,
        0.803921568627451,
        0.7794117647058822,
        0.7254901960784313,
        0.47549019607843135,
        0.5882352941176471,
        0.3790849673202614,
        0.5882352941176471,
        0.33333333333333337,
        0.4411764705882353,
        0.3529411764705882,
        0.5555555555555555,
        0.3137254901960784,
        0.8823529411764706,
        0.42156862745098034,
        0.5098039215686274,
        0.5620915032679737,
        0.23529411764705882,
        0.5245098039215685,
        0.4607843137254902,
        0.6928104575163397,
        0.696078431372549,
        0.08823529411764706,
        0.1895424836601307,
        0.6274509803921569,
        0.3529411764705882,
        0.4019607843137255,
        0.42483660130718953,
        0.8725490196078431,
        0.7058823529411764,
        0.5,
        0.738562091503268,
        0.35947712418300654,
        0.0,
        0.892156862745098,
        0.7176470588235293,
        0.3333333333333333,
        0.5686274509803921,
        0.34640522875817,
        0.696078431372549,
        0.6274509803921569,
        0.4509803921568627,
        0.23529411764705882,
        0.39215686274509803,
        0.5882352941176471,
        0.0,
        0.35947712418300654,
        0.5
    ],
    "Genetic":[
        0.39215686274509803,
        0.411764705882353,
        0.46078431372549017,
        0.4215686274509804,
        0.39215686274509803,
        0.19607843137254902,
        0.3235294117647059,
        0.47058823529411764,
        0.5686274509803921,
        0.2745098039215686,
        0.35294117647058826,
        0.36601307189542487,
        0.3088235294117647,
        0.5,
        0.3284313725490196,
        0.4019607843137255,
        0.5392156862745098,
        0.46078431372549017,
        0.19607843137254902,
        0.22549019607843135,
        0.5555555555555556,
        0.6862745098039216,
        0.5294117647058824,
        0.3986928104575163,
        0.3872549019607843,
        0.5686274509803921,
        0.37254901960784315,
        0.5098039215686275,
        0.21568627450980393,
        0.37254901960784315,
        0.33333333333333337,
        0.32679738562091504,
        0.196078431372549,
        0.5686274509803921,
        0.48039215686274506,
        0.35784313725490197,
        0.4640522875816994,
        0.2647058823529412,
        0.4558823529411764,
        0.28431372549019607,
        0.6666666666666666,
        0.6176470588235294,
        0.23529411764705882,
        0.35947712418300654,
        0.35294117647058826,
        0.4362745098039216,
        0.3382352941176471,
        0.2679738562091503,
        0.5490196078431373,
        0.5098039215686274,
        0.4362745098039216,
        0.49673202614379086,
        0.3790849673202614,
        0.0,
        0.7058823529411765,
        0.4470588235294118,
        0.32026143790849676,
        0.5294117647058824,
        0.22875816993464052,
        0.303921568627451,
        0.5424836601307189,
        0.43137254901960786,
        0.19607843137254902,
        0.3333333333333333,
        0.2352941176470588,
        0.0,
        0.3202614379084967,
        0.22549019607843135
    ],
    "GreedyAdditional":[
        0.37254901960784315,
        0.4052287581699347,
        0.4803921568627451,
        0.4411764705882353,
        0.4313725490196078,
        0.21568627450980393,
        0.30392156862745096,
        0.4852941176470588,
        0.5725490196078431,
        0.28758169934640526,
        0.32679738562091504,
        0.34640522875816987,
        0.33333333333333337,
        0.5196078431372549,
        0.3137254901960784,
        0.4509803921568627,
        0.5294117647058822,
        0.4803921568627451,
        0.21568627450980393,
        0.2450980392156863,
        0.5490196078431372,
        0.2549019607843137,
        0.5343137254901961,
        0.4248366013071896,
        0.28431372549019607,
        0.5980392156862745,
        0.39215686274509803,
        0.5228758169934641,
        0.21568627450980393,
        0.4117647058823529,
        0.38235294117647056,
        0.35294117647058826,
        0.22222222222222224,
        0.5686274509803921,
        0.4852941176470588,
        0.37254901960784315,
        0.45751633986928103,
        0.2549019607843137,
        0.4754901960784314,
        0.3137254901960784,
        0.7058823529411765,
        0.607843137254902,
        0.28431372549019607,
        0.3856209150326797,
        0.37254901960784315,
        0.4264705882352941,
        0.2450980392156863,
        0.25490196078431376,
        0.588235294117647,
        0.5294117647058824,
        0.47549019607843135,
        0.5228758169934641,
        0.41830065359477125,
        0.0,
        0.4803921568627451,
        0.4745098039215686,
        0.3333333333333333,
        0.5032679738562091,
        0.25490196078431376,
        0.3235294117647059,
        0.5686274509803921,
        0.4607843137254902,
        0.21568627450980393,
        0.3333333333333333,
        0.25490196078431376,
        0.0,
        0.35294117647058826,
        0.2450980392156863
    ],
    "GreedyTotal":[
        0.1568627450980392,
        0.1568627450980392,
        0.3431372549019608,
        0.33333333333333337,
        0.1699346405228758,
        0.39215686274509803,
        0.20588235294117646,
        0.3235294117647059,
        0.4980392156862745,
        0.3790849673202614,
        0.2352941176470588,
        0.3986928104575163,
        0.1715686274509804,
        0.18627450980392157,
        0.28431372549019607,
        0.27450980392156865,
        0.24999999999999997,
        0.1715686274509804,
        0.39215686274509803,
        0.21568627450980393,
        0.10457516339869281,
        0.43137254901960786,
        0.18627450980392155,
        0.2745098039215686,
        0.28431372549019607,
        0.6862745098039216,
        0.35947712418300654,
        0.4052287581699347,
        0.20588235294117646,
        0.22549019607843135,
        0.37254901960784315,
        0.19607843137254902,
        0.12418300653594772,
        0.21568627450980393,
        0.18627450980392157,
        0.2303921568627451,
        0.18300653594771243,
        0.23529411764705882,
        0.06862745098039216,
        0.16176470588235295,
        0.4705882352941176,
        0.4117647058823529,
        0.1764705882352941,
        0.1111111111111111,
        0.058823529411764705,
        0.09803921568627452,
        0.29411764705882354,
        0.10457516339869281,
        0.303921568627451,
        0.24019607843137256,
        0.5098039215686274,
        0.20261437908496735,
        0.23529411764705885,
        0.0,
        0.45098039215686275,
        0.2627450980392157,
        0.1503267973856209,
        0.3790849673202615,
        0.1503267973856209,
        0.049019607843137254,
        0.11111111111111112,
        0.029411764705882353,
        0.39215686274509803,
        0.1241830065359477,
        0.16339869281045752,
        0.0,
        0.2679738562091503,
        0.21568627450980393
    ]
}