{
    "ARTMaxMin":[
        0.3823529411764706,
        0.4640522875816993,
        0.7058823529411764,
        0.6666666666666667,
        0.6405228758169935,
        0.5882352941176471,
        0.9215686274509804,
        0.6323529411764706,
        0.7882352941176471,
        0.6862745098039215,
        0.5294117647058824,
        0.35294117647058826,
        0.4754901960784314,
        0.7156862745098038,
        0.5882352941176471,
        0.4901960784313726,
        0.5980392156862745,
        0.6911764705882353,
        0.5882352941176471,
        0.5588235294117647,
        0.6666666666666666,
        0.8431372549019608,
        0.696078431372549,
        0.65359477124183,
        0.6960784313725491,
        0.7450980392156863,
        0.6666666666666666,
        0.7712418300653594,
        0.5882352941176471,
        0.7647058823529411,
        0.4509803921568627,
        0.69281045751634,
        0.457516339869281,
        0.7450980392156863,
        0.803921568627451,
        0.5441176470588236,
        0.6405228758169935,
        0.4607843137254902,
        0.696078431372549,
        0.4950980392156863,
        0.9019607843137255,
        0.7156862745098039,
        0.09803921568627451,
        0.4836601307189543,
        0.5686274509803921,
        0.5882352941176471,
        0.5245098039215687,
        0.45098039215686275,
        0.9019607843137255,
        0.8088235294117647,
        0.6666666666666667,
        0.6797385620915032,
        0.4640522875816993,
        0.0,
        0.8529411764705882,
        0.6941176470588235,
        0.69281045751634,
        0.5882352941176471,
        0.411764705882353,
        0.5490196078431373,
        0.7973856209150326,
        0.8627450980392157,
        0.5882352941176471,
        0.6274509803921569,
        0.5686274509803922,
        0.0,
        0.5359477124183006,
        0.5588235294117647
    ],
    "Genetic":[
        0.7352941176470589,
        0.6209150326797386,
        0.6764705882352942,
        0.6274509803921569,
        0.37254901960784315,
        0.47058823529411764,
        0.47058823529411764,
        0.607843137254902,
        0.6705882352941176,
        0.5620915032679737,
        0.5686274509803922,
        0.7516339869281046,
        0.5196078431372548,
        0.5882352941176471,
        0.37254901960784315,
        0.8431372549019608,
        0.7009803921568628,
        0.6078431372549019,
        0.47058823529411764,
        0.4117647058823529,
        0.5359477124183006,
        0.5882352941176471,
        0.7892156862745098,
        0.6797385620915032,
        0.6127450980392156,
        0.7254901960784313,
        0.6078431372549019,
        0.7254901960784315,
        0.2549019607843137,
        0.6176470588235294,
        0.8235294117647058,
        0.4705882352941176,
        0.4444444444444444,
        0.8627450980392157,
        0.6225490196078431,
        0.5833333333333333,
        0.5555555555555557,
        0.4901960784313726,
        0.48529411764705876,
        0.5441176470588236,
        0.7189542483660131,
        0.5392156862745098,
        0.5392156862745098,
        0.5032679738562091,
        0.21568627450980393,
        0.47549019607843135,
        0.48039215686274506,
        0.39215686274509803,
        0.7254901960784315,
        0.5588235294117647,
        0.7156862745098038,
        0.6339869281045752,
        0.5882352941176471,
        0.0,
        0.8431372549019608,
        0.6823529411764705,
        0.36601307189542487,
        0.5751633986928105,
        0.35947712418300654,
        0.28431372549019607,
        0.6797385620915032,
        0.5392156862745098,
        0.47058823529411764,
        0.6209150326797386,
        0.39215686274509803,
        0.0,
        0.43790849673202614,
        0.4117647058823529
    ],
    "GreedyAdditional":[
        0.5392156862745098,
        0.5751633986928105,
        0.9019607843137254,
        0.7647058823529411,
        0.6143790849673203,
        0.9215686274509803,
        0.4019607843137255,
        0.5833333333333333,
        0.7411764705882353,
        0.8104575163398692,
        0.6274509803921569,
        0.8039215686274509,
        0.5,
        0.8431372549019608,
        0.8872549019607843,
        0.803921568627451,
        0.6813725490196079,
        0.803921568627451,
        0.9215686274509803,
        0.6078431372549019,
        0.5620915032679739,
        0.3333333333333333,
        0.6715686274509804,
        0.6862745098039215,
        0.7058823529411764,
        0.9509803921568627,
        0.9084967320261438,
        0.823529411764706,
        0.5784313725490196,
        0.803921568627451,
        0.7843137254901961,
        0.6535947712418301,
        0.5228758169934641,
        0.6666666666666666,
        0.7892156862745098,
        0.6666666666666666,
        0.784313725490196,
        0.6715686274509803,
        0.6323529411764706,
        0.5735294117647058,
        0.823529411764706,
        0.8431372549019608,
        0.6470588235294118,
        0.6732026143790849,
        0.3137254901960784,
        0.6029411764705882,
        0.5735294117647058,
        0.4248366013071896,
        0.7745098039215687,
        0.5931372549019608,
        0.8823529411764706,
        0.6797385620915032,
        0.7450980392156863,
        0.0,
        0.6666666666666667,
        0.6784313725490195,
        0.6339869281045751,
        0.7254901960784315,
        0.5686274509803921,
        0.303921568627451,
        0.7189542483660131,
        0.7450980392156863,
        0.9215686274509803,
        0.6339869281045752,
        0.5032679738562091,
        0.0,
        0.7189542483660131,
        0.6078431372549019
    ],
    "GreedyTotal":[
        0.1568627450980392,
        0.2745098039215686,
        0.3529411764705882,
        0.6176470588235294,
        0.20915032679738563,
        0.45098039215686275,
        0.411764705882353,
        0.42647058823529416,
        0.5215686274509804,
        0.3986928104575163,
        0.24183006535947713,
        0.6601307189542484,
        0.23529411764705882,
        0.2549019607843137,
        0.3725490196078431,
        0.4215686274509804,
        0.34803921568627455,
        0.25,
        0.45098039215686275,
        0.2450980392156863,
        0.09803921568627451,
        0.5686274509803921,
        0.2745098039215686,
        0.4313725490196078,
        0.37254901960784315,
        0.7156862745098039,
        0.3856209150326797,
        0.4705882352941176,
        0.2450980392156863,
        0.32352941176470584,
        0.5686274509803921,
        0.22875816993464052,
        0.2222222222222222,
        0.21568627450980393,
        0.20588235294117646,
        0.24019607843137256,
        0.24836601307189543,
        0.38235294117647056,
        0.06862745098039216,
        0.18627450980392157,
        0.6143790849673203,
        0.6764705882352942,
        0.3235294117647059,
        0.16993464052287585,
        0.0196078431372549,
        0.1323529411764706,
        0.4215686274509804,
        0.2287581699346405,
        0.5098039215686274,
        0.3529411764705882,
        0.6225490196078431,
        0.24836601307189543,
        0.3790849673202614,
        0.0,
        0.607843137254902,
        0.38039215686274513,
        0.18300653594771243,
        0.41830065359477125,
        0.16993464052287585,
        0.029411764705882353,
        0.1372549019607843,
        0.0392156862745098,
        0.45098039215686275,
        0.22222222222222224,
        0.1895424836601307,
        0.0,
        0.4248366013071896,
        0.2450980392156863
    ]
}