{
    "ARTMaxMin":[
        0,
        0,
        0,
        0,
        0.8705882352941177,
        0.4,
        0.9647058823529412,
        0,
        0.2823529411764706,
        0,
        0,
        0.32941176470588235,
        0.11764705882352941,
        0.8705882352941177,
        0.8117647058823529,
        0,
        0.6588235294117647,
        0,
        0,
        0.6235294117647059,
        0,
        0,
        0,
        0,
        0.8705882352941177,
        0.4117647058823529,
        0,
        0,
        0,
        0,
        0,
        0,
        0,
        0,
        0.2823529411764706,
        0,
        0.5058823529411764,
        0.16470588235294117,
        0.4117647058823529,
        0,
        0,
        0.011764705882352941,
        0,
        0,
        0.4470588235294118,
        0.8705882352941177,
        0,
        0.5647058823529412,
        0.9294117647058824,
        0,
        0,
        0,
        0,
        0,
        0.9294117647058824,
        0,
        0,
        0,
        0,
        0,
        0,
        0,
        0,
        0,
        0.12941176470588237,
        0,
        0.5882352941176471,
        0.27058823529411763,
        0,
        0,
        0.4117647058823529,
        0,
        0.6235294117647059,
        0.4470588235294118,
        0,
        0.4470588235294118,
        0.21176470588235294,
        0,
        0.4470588235294118,
        0.36470588235294116,
        0,
        0,
        0,
        0,
        0,
        0,
        0.8588235294117647,
        0.2235294117647059,
        0.2823529411764706,
        0.2823529411764706,
        0,
        0.8705882352941177,
        0.2823529411764706,
        0.08235294117647059,
        0.6,
        0,
        0,
        0.8117647058823529,
        0.7176470588235294,
        0,
        0.32941176470588235,
        0,
        0.8117647058823529,
        0.4470588235294118,
        0.36470588235294116,
        0,
        0,
        0,
        0,
        0,
        0.49411764705882355,
        0.4117647058823529,
        0
    ],
    "Genetic":[
        0,
        0,
        0,
        0,
        0.788235294117647,
        0.5058823529411764,
        0.8117647058823529,
        0,
        0.8117647058823529,
        0,
        0,
        0.15294117647058825,
        0.27058823529411763,
        0.788235294117647,
        0.7176470588235294,
        0,
        0.7529411764705882,
        0,
        0,
        0.4235294117647059,
        0,
        0,
        0,
        0,
        0.788235294117647,
        0.011764705882352941,
        0,
        0,
        0,
        0,
        0,
        0,
        0,
        0,
        0.8117647058823529,
        0,
        0.8588235294117647,
        0.3411764705882353,
        0.011764705882352941,
        0,
        0,
        0.38823529411764707,
        0,
        0,
        0.17647058823529413,
        0.8,
        0,
        0.6941176470588235,
        0.8,
        0,
        0,
        0,
        0,
        0,
        0.8,
        0,
        0,
        0,
        0,
        0,
        0,
        0,
        0,
        0,
        0.15294117647058825,
        0,
        0.8588235294117647,
        0.4823529411764706,
        0,
        0,
        0.011764705882352941,
        0,
        0.9294117647058824,
        0.2823529411764706,
        0,
        0.29411764705882354,
        0.011764705882352941,
        0,
        0.29411764705882354,
        0.2823529411764706,
        0,
        0,
        0,
        0,
        0,
        0,
        0.6235294117647059,
        0.10588235294117647,
        0.8117647058823529,
        0.8705882352941177,
        0,
        0.788235294117647,
        0.8117647058823529,
        0.8588235294117647,
        0.2,
        0,
        0,
        0.7176470588235294,
        0.24705882352941178,
        0,
        0.15294117647058825,
        0,
        0.7176470588235294,
        0.2823529411764706,
        0.27058823529411763,
        0,
        0,
        0,
        0,
        0,
        0.07058823529411765,
        0.011764705882352941,
        0
    ],
    "GreedyAdditional":[
        0,
        0,
        0,
        0,
        0.7176470588235294,
        0.5176470588235295,
        0.7294117647058823,
        0,
        0.29411764705882354,
        0,
        0,
        0.3058823529411765,
        0.17647058823529413,
        0.7176470588235294,
        0.6352941176470588,
        0,
        0.38823529411764707,
        0,
        0,
        0.12941176470588237,
        0,
        0,
        0,
        0,
        0.7176470588235294,
        0.023529411764705882,
        0,
        0,
        0,
        0,
        0,
        0,
        0,
        0,
        0.29411764705882354,
        0,
        0.35294117647058826,
        0.3411764705882353,
        0.023529411764705882,
        0,
        0,
        0.32941176470588235,
        0,
        0,
        0.24705882352941178,
        0.7176470588235294,
        0,
        0.3058823529411765,
        0.7647058823529411,
        0,
        0,
        0,
        0,
        0,
        0.7647058823529411,
        0,
        0,
        0,
        0,
        0,
        0,
        0,
        0,
        0,
        0.09411764705882353,
        0,
        0.7176470588235294,
        0.5058823529411764,
        0,
        0,
        0.023529411764705882,
        0,
        0.6352941176470588,
        0.24705882352941178,
        0,
        0.25882352941176473,
        0.023529411764705882,
        0,
        0.25882352941176473,
        0.24705882352941178,
        0,
        0,
        0,
        0,
        0,
        0,
        0.7176470588235294,
        0.11764705882352941,
        0.29411764705882354,
        0.4,
        0,
        0.7176470588235294,
        0.29411764705882354,
        0.6470588235294118,
        0.17647058823529413,
        0,
        0,
        0.6352941176470588,
        0.5058823529411764,
        0,
        0.3058823529411765,
        0,
        0.6352941176470588,
        0.24705882352941178,
        0.24705882352941178,
        0,
        0,
        0,
        0,
        0,
        0.047058823529411764,
        0.023529411764705882,
        0
    ],