{
    "ARTMaxMin":[
        0,
        0,
        0,
        0,
        0.7411764705882353,
        0.047058823529411764,
        0.611764705882353,
        0,
        0.32941176470588235,
        0,
        0,
        0.36470588235294116,
        0.16470588235294117,
        0.7411764705882353,
        0.6470588235294118,
        0,
        0.7647058823529411,
        0,
        0,
        0.5176470588235295,
        0,
        0,
        0,
        0,
        0.7411764705882353,
        0.16470588235294117,
        0,
        0,
        0,
        0,
        0,
        0,
        0,
        0,
        0.32941176470588235,
        0,
        0.8352941176470589,
        0.2235294117647059,
        0.16470588235294117,
        0,
        0,
        0.7411764705882353,
        0,
        0,
        0.6941176470588235,
        0.8588235294117647,
        0,
        0.6823529411764706,
        0.8,
        0,
        0,
        0,
        0,
        0,
        0.8,
        0,
        0,
        0,
        0,
        0,
        0,
        0,
        0,
        0,
        0.47058823529411764,
        0,
        0.8352941176470589,
        0.29411764705882354,
        0,
        0,
        0.16470588235294117,
        0,
        0.788235294117647,
        0.6941176470588235,
        0,
        0.6941176470588235,
        0.5411764705882353,
        0,
        0.6941176470588235,
        0.6588235294117647,
        0,
        0,
        0,
        0,
        0,
        0,
        0.5882352941176471,
        0.12941176470588237,
        0.32941176470588235,
        0.35294117647058826,
        0,
        0.7411764705882353,
        0.32941176470588235,
        0.2823529411764706,
        0.16470588235294117,
        0,
        0,
        0.6470588235294118,
        0.3411764705882353,
        0,
        0.36470588235294116,
        0,
        0.6470588235294118,
        0.8352941176470589,
        0.16470588235294117,
        0,
        0,
        0,
        0,
        0,
        0.4235294117647059,
        0.16470588235294117,
        0
    ],
    "Genetic":[
        0,
        0,
        0,
        0,
        0.6941176470588235,
        0.3411764705882353,
        0.9058823529411765,
        0,
        0.4588235294117647,
        0,
        0,
        0.7411764705882353,
        0.5294117647058824,
        0.6941176470588235,
        0.6823529411764706,
        0,
        0.7764705882352941,
        0,
        0,
        0.6705882352941176,
        0,
        0,
        0,
        0,
        0.6941176470588235,
        0.16470588235294117,
        0,
        0,
        0,
        0,
        0,
        0,
        0,
        0,
        0.4588235294117647,
        0,
        0.8117647058823529,
        0.27058823529411763,
        0.16470588235294117,
        0,
        0,
        0.4117647058823529,
        0,
        0,
        0.5294117647058824,
        0.6941176470588235,
        0,
        0.08235294117647059,
        0.8941176470588236,
        0,
        0,
        0,
        0,
        0,
        0.8941176470588236,
        0,
        0,
        0,
        0,
        0,
        0,
        0,
        0,
        0,
        0.023529411764705882,
        0,
        0.6823529411764706,
        0.3411764705882353,
        0,
        0,
        0.16470588235294117,
        0,
        0.6352941176470588,
        0.7176470588235294,
        0,
        0.8117647058823529,
        0.4117647058823529,
        0,
        0.8117647058823529,
        0.7176470588235294,
        0,
        0,
        0,
        0,
        0,
        0,
        0.8941176470588236,
        0.11764705882352941,
        0.4588235294117647,
        0.4588235294117647,
        0,
        0.6941176470588235,
        0.4588235294117647,
        0.49411764705882355,
        0.16470588235294117,
        0,
        0,
        0.6823529411764706,
        0.6352941176470588,
        0,
        0.7411764705882353,
        0,
        0.6823529411764706,
        0.6235294117647059,
        0.3411764705882353,
        0,
        0,
        0,
        0,
        0,
        0.4117647058823529,
        0.16470588235294117,
        0
    ],
    "GreedyAdditional":[
        0,
        0,
        0,
        0,
        0.788235294117647,
        0.16470588235294117,
        0.8705882352941177,
        0,
        0.4235294117647059,
        0,
        0,
        0.8588235294117647,
        0.3411764705882353,
        0.788235294117647,
        0.7294117647058823,
        0,
        0.6823529411764706,
        0,
        0,
        0.7647058823529411,
        0,
        0,
        0,
        0,
        0.788235294117647,
        0.16470588235294117,
        0,
        0,
        0,
        0,
        0,
        0,
        0,
        0,
        0.4235294117647059,
        0,
        0.8,
        0.2235294117647059,
        0.16470588235294117,
        0,
        0,
        0.5058823529411764,
        0,
        0,
        0.6823529411764706,
        0.8823529411764706,
        0,
        0.23529411764705882,
        0.9529411764705882,
        0,
        0,
        0,
        0,
        0,
        0.8823529411764706,
        0,
        0,
        0,
        0,
        0,
        0,
        0,
        0,
        0,
        0.07058823529411765,
        0,
        0.6823529411764706,
        0.023529411764705882,
        0,
        0,
        0.16470588235294117,
        0,
        0.9058823529411765,
        0.5764705882352941,
        0,
        0.8,
        0.4235294117647059,
        0,
        0.8,
        0.5764705882352941,
        0,
        0,
        0,
        0,
        0,
        0,
        0.8117647058823529,
        0.15294117647058825,
        0.4235294117647059,
        0.4588235294117647,
        0,
        0.788235294117647,
        0.4235294117647059,
        0.8941176470588236,
        0.3058823529411765,
        0,
        0,
        0.7294117647058823,
        0.6352941176470588,
        0,
        0.8588235294117647,
        0,
        0.7294117647058823,
        0.6823529411764706,
        0.4588235294117647,
        0,
        0,
        0,
        0,
        0,
        0.4117647058823529,
        0.16470588235294117,
        0
    ],