{
    "ARTMaxMin":[
        0,
        0,
        0,
        0,
        0.788235294117647,
        0.18823529411764706,
        0.6235294117647059,
        0,
        0.17647058823529413,
        0,
        0,
        0.5764705882352941,
        0.5529411764705883,
        0.788235294117647,
        0.7764705882352941,
        0,
        0.6235294117647059,
        0,
        0,
        0.4235294117647059,
        0,
        0,
        0,
        0,
        0.788235294117647,
        0.2,
        0,
        0,
        0,
        0,
        0,
        0,
        0,
        0,
        0.17647058823529413,
        0,
        0.5764705882352941,
        0.058823529411764705,
        0.2,
        0,
        0,
        0.17647058823529413,
        0,
        0,
        0.5764705882352941,
        0.9058823529411765,
        0,
        0.36470588235294116,
        0.8,
        0,
        0,
        0,
        0,
        0,
        0.8,
        0,
        0,
        0,
        0,
        0,
        0,
        0,
        0,
        0,
        0.5647058823529412,
        0,
        0.9176470588235294,
        0.3411764705882353,
        0,
        0,
        0.2,
        0,
        0.4823529411764706,
        0.5529411764705883,
        0,
        0.5529411764705883,
        0.27058823529411763,
        0,
        0.5529411764705883,
        0.49411764705882355,
        0,
        0,
        0,
        0,
        0,
        0,
        0.611764705882353,
        0.4235294117647059,
        0.17647058823529413,
        0.29411764705882354,
        0,
        0.788235294117647,
        0.17647058823529413,
        0.9411764705882353,
        0.35294117647058826,
        0,
        0,
        0.7764705882352941,
        0.27058823529411763,
        0,
        0.5764705882352941,
        0,
        0.7764705882352941,
        0.5764705882352941,
        0.17647058823529413,
        0,
        0,
        0,
        0,
        0,
        0.27058823529411763,
        0.2,
        0
    ],
    "Genetic":[
        0,
        0,
        0,
        0,
        0.6470588235294118,
        0.3176470588235294,
        0.7411764705882353,
        0,
        0.27058823529411763,
        0,
        0,
        0.4235294117647059,
        0.27058823529411763,
        0.6470588235294118,
        0.6235294117647059,
        0,
        0.6705882352941176,
        0,
        0,
        0.5882352941176471,
        0,
        0,
        0,
        0,
        0.6470588235294118,
        0.6,
        0,
        0,
        0,
        0,
        0,
        0,
        0,
        0,
        0.27058823529411763,
        0,
        0.38823529411764707,
        0.11764705882352941,
        0.6,
        0,
        0,
        0.3058823529411765,
        0,
        0,
        0.10588235294117647,
        0.6470588235294118,
        0,
        0.03529411764705882,
        0.788235294117647,
        0,
        0,
        0,
        0,
        0,
        0.788235294117647,
        0,
        0,
        0,
        0,
        0,
        0,
        0,
        0,
        0,
        0.4117647058823529,
        0,
        0.8235294117647058,
        0.3058823529411765,
        0,
        0,
        0.6,
        0,
        0.788235294117647,
        0.36470588235294116,
        0,
        0.38823529411764707,
        0.4588235294117647,
        0,
        0.38823529411764707,
        0.36470588235294116,
        0,
        0,
        0,
        0,
        0,
        0,
        0.6588235294117647,
        0.25882352941176473,
        0.27058823529411763,
        0.27058823529411763,
        0,
        0.6470588235294118,
        0.27058823529411763,
        0.8235294117647058,
        0.15294117647058825,
        0,
        0,
        0.6235294117647059,
        0.5529411764705883,
        0,
        0.4235294117647059,
        0,
        0.6235294117647059,
        0.29411764705882354,
        0.27058823529411763,
        0,
        0,
        0,
        0,
        0,
        0.6470588235294118,
        0.6,
        0
    ],
    "GreedyAdditional":[
        0,
        0,
        0,
        0,
        0.6705882352941176,
        0.36470588235294116,
        0.788235294117647,
        0,
        0.27058823529411763,
        0,
        0,
        0.8117647058823529,
        0.2235294117647059,
        0.6705882352941176,
        0.6,
        0,
        0.6470588235294118,
        0,
        0,
        0.5647058823529412,
        0,
        0,
        0,
        0,
        0.6705882352941176,
        0.5647058823529412,
        0,
        0,
        0,
        0,
        0,
        0,
        0,
        0,
        0.27058823529411763,
        0,
        0.36470588235294116,
        0.1411764705882353,
        0.5647058823529412,
        0,
        0,
        0.27058823529411763,
        0,
        0,
        0.07058823529411765,
        0.7294117647058823,
        0,
        0.09411764705882353,
        0.8941176470588236,
        0,
        0,
        0,
        0,
        0,
        0.7294117647058823,
        0,
        0,
        0,
        0,
        0,
        0,
        0,
        0,
        0,
        0.38823529411764707,
        0,
        0.7411764705882353,
        0.08235294117647059,
        0,
        0,
        0.5647058823529412,
        0,
        0.8470588235294118,
        0.35294117647058826,
        0,
        0.36470588235294116,
        0.3764705882352941,
        0,
        0.36470588235294116,
        0.35294117647058826,
        0,
        0,
        0,
        0,
        0,
        0,
        0.7058823529411765,
        0.3058823529411765,
        0.27058823529411763,
        0.27058823529411763,
        0,
        0.6705882352941176,
        0.27058823529411763,
        0.07058823529411765,
        0.047058823529411764,
        0,
        0,
        0.6,
        0.5411764705882353,
        0,
        0.8117647058823529,
        0,
        0.6,
        0.29411764705882354,
        0.27058823529411763,
        0,
        0,
        0,
        0,
        0,
        0.5882352941176471,
        0.5647058823529412,
        0
    ],