{
    "AdditionalTotal":[
        0.875,
        0.8569148936170212,
        0.850531914893617,
        0.8452127659574468,
        0.8239361702127659,
        0.8388297872340426,
        0.8239361702127659,
        0.9324468085106382,
        0.875,
        0.8781914893617021,
        0.9313829787234043,
        0.9484042553191488,
        0.926063829787234,
        0.8335106382978723,
        0.8888297872340425,
        0.8643617021276595,
        0.8228723404255318,
        0.8930851063829787,
        0.8079787234042553,
        0.8654255319148936,
        0.8047872340425531,
        0.9420212765957446,
        0.8856382978723404,
        0.9047872340425531,
        0.8898936170212766,
        0.8824468085106383,
        0.8760638297872341,
        0.9047872340425531,
        0.976063829787234,
        0.8579787234042553,
        0.8622340425531915,
        0.8877659574468084,
        0.8909574468085106,
        0.8175531914893617,
        0.8058510638297872,
        0.8154255319148935,
        0.903723404255319,
        0.8207446808510638,
        0.8537234042553191,
        0.8047872340425531,
        0.8420212765957447,
        0.8930851063829787,
        0.7654255319148936,
        0.9590425531914893,
        0.952659574468085,
        0.8228723404255318,
        0.8622340425531915,
        0.8058510638297872,
        0.7505319148936169,
        0.875,
        0.8430851063829787,
        0.8079787234042553,
        0.8494680851063829,
        0.8930851063829787,
        0.7952127659574468,
        0.8579787234042553,
        0.9122340425531914,
        0.8654255319148936,
        0.9271276595744681,
        0.9047872340425531,
        0.8632978723404254,
        0.852659574468085,
        0.8888297872340425,
        0.9111702127659574,
        0.9164893617021276,
        0.9515957446808511,
        0.8462765957446808,
        0.8388297872340426,
        0.9441489361702127,
        0.8675531914893617,
        0.926063829787234,
        0.8781914893617021,
        0.9441489361702127,
        0.8898936170212766,
        0.8867021276595745,
        0.7898936170212766
    ],
    "GreedyAdditional":[
        0.7506666666666667,
        0.8626666666666667,
        0.916,
        0.612,
        0.8093333333333333,
        0.8360000000000001,
        0.8226666666666668,
        0.7693333333333333,
        0.8893333333333334,
        0.6866666666666666,
        0.876,
        0.9800000000000001,
        0.9400000000000001,
        0.932,
        0.8413333333333334,
        0.668,
        0.596,
        0.9560000000000001,
        0.7160000000000001,
        0.7160000000000001,
        0.7613333333333334,
        0.9,
        0.7373333333333334,
        0.7986666666666667,
        0.8386666666666667,
        0.9293333333333333,
        0.8226666666666668,
        0.9800000000000001,
        0.9053333333333334,
        0.8333333333333334,
        0.86,
        0.8706666666666667,
        0.9693333333333334,
        0.8386666666666667,
        0.8866666666666667,
        0.644,
        0.796,
        0.7506666666666667,
        0.796,
        0.812,
        0.8333333333333334,
        0.7906666666666667,
        0.668,
        0.86,
        0.8893333333333334,
        0.8440000000000001,
        0.7826666666666667,
        0.8893333333333334,
        0.5826666666666668,
        0.812,
        0.8546666666666667,
        0.8546666666666667,
        0.8786666666666667,
        0.9133333333333333,
        0.8146666666666668,
        0.9640000000000001,
        0.916,
        0.924,
        0.868,
        0.9800000000000001,
        0.8306666666666668,
        0.788,
        0.9346666666666668,
        0.9346666666666668,
        0.8306666666666668,
        0.924,
        0.8360000000000001,
        0.7293333333333334,
        0.876,
        0.7240000000000001,
        0.8493333333333334,
        0.9266666666666667,
        0.8866666666666667,
        0.8653333333333334,
        0.8946666666666667,
        0.8226666666666668
    ],
    "GreedyAdditionalNew":[
        0.7213333333333334,
        0.812,
        0.8786666666666667,
        0.612,
        0.868,
        0.796,
        0.8173333333333334,
        0.7160000000000001,
        0.852,
        0.7000000000000001,
        0.8253333333333334,
        0.9666666666666667,
        0.9186666666666667,
        0.9586666666666667,
        0.8226666666666668,
        0.7106666666666667,
        0.5080000000000001,
        0.9293333333333333,
        0.7026666666666667,
        0.6626666666666667,
        0.7160000000000001,
        0.8653333333333334,
        0.7000000000000001,
        0.7373333333333334,
        0.7746666666666667,
        0.892,
        0.7986666666666667,
        0.9666666666666667,
        0.8626666666666667,
        0.7853333333333333,
        0.8093333333333333,
        0.8280000000000001,
        0.9480000000000001,
        0.8360000000000001,
        0.892,
        0.5666666666666668,
        0.7773333333333333,
        0.6973333333333334,
        0.7346666666666667,
        0.868,
        0.8280000000000001,
        0.7400000000000001,
        0.684,
        0.8280000000000001,
        0.8493333333333334,
        0.8466666666666667,
        0.8306666666666668,
        0.8440000000000001,
        0.5506666666666667,
        0.8253333333333334,
        0.804,
        0.852,
        0.884,
        0.8706666666666667,
        0.764,
        0.9426666666666667,
        0.884,
        0.9426666666666667,
        0.8706666666666667,
        0.9666666666666667,
        0.7853333333333333,
        0.7160000000000001,
        0.9,
        0.9026666666666667,
        0.78,
        0.9640000000000001,
        0.7746666666666667,
        0.668,
        0.8413333333333334,
        0.6466666666666667,
        0.7933333333333333,
        0.8866666666666667,
        0.8573333333333334,
        0.8200000000000001,
        0.86,
        0.8360000000000001
    ],
    "GreedyTotal":[
        0.6946666666666667,
        0.86,
        0.8866666666666667,
        0.7080000000000001,
        0.884,
        0.8306666666666668,
        0.7613333333333334,
        0.7293333333333334,
        0.9133333333333333,
        0.7426666666666667,
        0.804,
        0.932,
        0.9133333333333333,
        0.7746666666666667,
        0.7613333333333334,
        0.6146666666666667,
        0.49733333333333335,
        0.8493333333333334,
        0.62,
        0.7533333333333333,
        0.7160000000000001,
        0.7986666666666667,
        0.6386666666666667,
        0.852,
        0.6573333333333334,
        0.8386666666666667,
        0.6973333333333334,
        0.9426666666666667,
        0.8360000000000001,
        0.892,
        0.9293333333333333,
        0.9133333333333333,
        0.9026666666666667,
        0.6893333333333334,
        0.6733333333333335,
        0.5533333333333333,
        0.764,
        0.6706666666666666,
        0.8386666666666667,
        0.5080000000000001,
        0.6813333333333335,
        0.7853333333333333,
        0.66,
        0.7666666666666667,
        0.8893333333333334,
        0.7400000000000001,
        0.676,
        0.9480000000000001,
        0.5773333333333334,
        0.684,
        0.8626666666666667,
        0.7240000000000001,
        0.7186666666666667,
        0.8973333333333334,
        0.7666666666666667,
        0.884,
        0.9053333333333334,
        0.7293333333333334,
        0.772,
        0.9426666666666667,
        0.7373333333333334,
        0.7053333333333334,
        0.8973333333333334,
        0.8440000000000001,
        0.8706666666666667,
        0.9346666666666668,
        0.7906666666666667,
        0.7053333333333334,
        0.7160000000000001,
        0.8733333333333334,
        0.812,
        0.8573333333333334,
        0.8973333333333334,
        0.908,
        0.916,
        0.7213333333333334
    ]
}