{
    "ARTMaxMin":[
        0.6653333333333334,
        0.7480000000000001,
        0.9026666666666667,
        0.8200000000000001,
        0.6733333333333335,
        0.86,
        0.8946666666666667,
        0.7613333333333334,
        0.8200000000000001,
        0.8973333333333334,
        0.8413333333333334,
        0.9026666666666667,
        0.8173333333333334,
        0.8146666666666668,
        0.8706666666666667,
        0.7293333333333334,
        0.6786666666666666,
        0.7933333333333333,
        0.8146666666666668,
        0.788,
        0.868,
        0.8333333333333334,
        0.7613333333333334,
        0.852,
        0.8280000000000001,
        0.9133333333333333,
        0.6493333333333334,
        0.8466666666666667,
        0.876,
        0.8706666666666667,
        0.8813333333333334,
        0.8333333333333334,
        0.8306666666666668,
        0.7320000000000001,
        0.876,
        0.7346666666666667,
        0.7293333333333334,
        0.8706666666666667,
        0.8200000000000001,
        0.852,
        0.884,
        0.868,
        0.7613333333333334,
        0.8360000000000001,
        0.892,
        0.876,
        0.8280000000000001,
        0.7853333333333333,
        0.8093333333333333,
        0.8253333333333334,
        0.8440000000000001,
        0.8360000000000001,
        0.796,
        0.9,
        0.892,
        0.7186666666666667,
        0.6973333333333334,
        0.876,
        0.852,
        0.8733333333333334,
        0.7320000000000001,
        0.8280000000000001,
        0.9186666666666667,
        0.8866666666666667,
        0.8200000000000001,
        0.8866666666666667,
        0.7586666666666667,
        0.7026666666666667,
        0.78,
        0.8306666666666668,
        0.8440000000000001,
        0.8733333333333334,
        0.8200000000000001,
        0.876,
        0.8706666666666667,
        0.876
    ],
    "Genetic":[
        0.916,
        0.9213333333333333,
        0.9400000000000001,
        0.8333333333333334,
        0.7373333333333334,
        0.852,
        0.8813333333333334,
        0.892,
        0.9266666666666667,
        0.788,
        0.9560000000000001,
        0.9800000000000001,
        0.9293333333333333,
        0.9346666666666668,
        0.9053333333333334,
        0.908,
        0.7160000000000001,
        0.8493333333333334,
        0.8253333333333334,
        0.8653333333333334,
        0.8173333333333334,
        0.9560000000000001,
        0.9053333333333334,
        0.9,
        0.8573333333333334,
        0.9133333333333333,
        0.7026666666666667,
        0.9853333333333334,
        0.9053333333333334,
        0.8573333333333334,
        0.9186666666666667,
        0.7933333333333333,
        0.9533333333333334,
        0.8173333333333334,
        0.7986666666666667,
        0.8226666666666668,
        0.8706666666666667,
        0.8173333333333334,
        0.8653333333333334,
        0.8786666666666667,
        0.8546666666666667,
        0.8440000000000001,
        0.7853333333333333,
        0.9346666666666668,
        0.9346666666666668,
        0.8973333333333334,
        0.7986666666666667,
        0.884,
        0.804,
        0.8706666666666667,
        0.8786666666666667,
        0.8440000000000001,
        0.924,
        0.9373333333333334,
        0.7693333333333333,
        0.9480000000000001,
        0.8946666666666667,
        0.9266666666666667,
        0.9613333333333334,
        0.988,
        0.8280000000000001,
        0.8573333333333334,
        0.9400000000000001,
        0.932,
        0.9106666666666667,
        0.9106666666666667,
        0.7240000000000001,
        0.6813333333333335,
        0.9480000000000001,
        0.8733333333333334,
        0.8813333333333334,
        0.9026666666666667,
        0.9186666666666667,
        0.9213333333333333,
        0.9453333333333334,
        0.8306666666666668
    ],
    "GreedyAdditional":[
        0.9053333333333334,
        0.932,
        0.9426666666666667,
        0.8413333333333334,
        0.66,
        0.8093333333333333,
        0.8893333333333334,
        0.8493333333333334,
        0.9453333333333334,
        0.7826666666666667,
        0.9560000000000001,
        0.9800000000000001,
        0.9400000000000001,
        0.9293333333333333,
        0.8786666666666667,
        0.8946666666666667,
        0.7506666666666667,
        0.868,
        0.7933333333333333,
        0.868,
        0.8200000000000001,
        0.9560000000000001,
        0.8946666666666667,
        0.9213333333333333,
        0.86,
        0.9213333333333333,
        0.7080000000000001,
        0.9853333333333334,
        0.9026666666666667,
        0.876,
        0.9293333333333333,
        0.9560000000000001,
        0.9613333333333334,
        0.7693333333333333,
        0.7480000000000001,
        0.8200000000000001,
        0.9186666666666667,
        0.7613333333333334,
        0.892,
        0.868,
        0.8653333333333334,
        0.8013333333333333,
        0.7213333333333334,
        0.9373333333333334,
        0.9453333333333334,
        0.9026666666666667,
        0.7773333333333333,
        0.8253333333333334,
        0.8146666666666668,
        0.8866666666666667,
        0.8946666666666667,
        0.788,
        0.8946666666666667,
        0.9373333333333334,
        0.7373333333333334,
        0.9533333333333334,
        0.8413333333333334,
        0.9213333333333333,
        0.9613333333333334,
        0.988,
        0.8626666666666667,
        0.8733333333333334,
        0.9400000000000001,
        0.9373333333333334,
        0.924,
        0.852,
        0.7026666666666667,
        0.6813333333333335,
        0.8786666666666667,
        0.9053333333333334,
        0.8973333333333334,
        0.908,
        0.924,
        0.9346666666666668,
        0.9560000000000001,
        0.7826666666666667
    ],
    "GreedyTotal":[
        0.764,
        0.8173333333333334,
        0.924,
        0.7480000000000001,
        0.8706666666666667,
        0.6733333333333335,
        0.7373333333333334,
        0.8173333333333334,
        0.9106666666666667,
        0.6946666666666667,
        0.8626666666666667,
        0.9186666666666667,
        0.8626666666666667,
        0.7480000000000001,
        0.6706666666666666,
        0.796,
        0.66,
        0.7933333333333333,
        0.5720000000000001,
        0.78,
        0.644,
        0.8626666666666667,
        0.7373333333333334,
        0.9026666666666667,
        0.6013333333333334,
        0.7400000000000001,
        0.7506666666666667,
        0.9480000000000001,
        0.852,
        0.8386666666666667,
        0.9426666666666667,
        0.908,
        0.8333333333333334,
        0.644,
        0.47333333333333333,
        0.66,
        0.8253333333333334,
        0.6946666666666667,
        0.7346666666666667,
        0.4653333333333333,
        0.5133333333333333,
        0.7026666666666667,
        0.764,
        0.8093333333333333,
        0.8493333333333334,
        0.7240000000000001,
        0.7320000000000001,
        0.9400000000000001,
        0.5906666666666668,
        0.6146666666666667,
        0.8653333333333334,
        0.7106666666666667,
        0.7320000000000001,
        0.884,
        0.5266666666666667,
        0.8093333333333333,
        0.9133333333333333,
        0.684,
        0.8866666666666667,
        0.9533333333333334,
        0.8306666666666668,
        0.7746666666666667,
        0.9,
        0.7506666666666667,
        0.8893333333333334,
        0.9400000000000001,
        0.7773333333333333,
        0.4653333333333333,
        0.8440000000000001,
        0.9053333333333334,
        0.6786666666666666,
        0.7080000000000001,
        0.8866666666666667,
        0.9186666666666667,
        0.908,
        0.5533333333333333
    ]
}