{
    "AdditionalTotal":[
        0.9773569023569024,
        0.9783670033670033,
        0.9743265993265994,
        0.977020202020202,
        0.9667508417508418,
        0.9731481481481482,
        0.9696127946127946,
        0.98493265993266,
        0.9808922558922559,
        0.9734848484848485,
        0.989983164983165,
        0.9872895622895623,
        0.9837542087542087,
        0.9753367003367004,
        0.9854377104377104,
        0.976010101010101,
        0.9704545454545455,
        0.9861111111111112,
        0.9718013468013468,
        0.973989898989899,
        0.9697811447811447,
        0.9904882154882155,
        0.9824074074074074,
        0.9812289562289562,
        0.9761784511784511,
        0.9844276094276094,
        0.9783670033670033,
        0.9812289562289562,
        0.9807239057239058,
        0.975,
        0.9758417508417508,
        0.9840909090909091,
        0.9857744107744107,
        0.9719696969696969,
        0.9694444444444444,
        0.9731481481481482,
        0.9854377104377104,
        0.9731481481481482,
        0.9792087542087542,
        0.9680976430976431,
        0.9741582491582492,
        0.9776936026936027,
        0.9652356902356902,
        0.9877946127946128,
        0.9881313131313132,
        0.9744949494949495,
        0.9723063973063973,
        0.970959595959596,
        0.962037037037037,
        0.976010101010101,
        0.9775252525252526,
        0.9674242424242424,
        0.9773569023569024,
        0.9837542087542087,
        0.9696127946127946,
        0.9798821548821549,
        0.9803872053872054,
        0.979040404040404,
        0.9893097643097644,
        0.9832491582491583,
        0.9763468013468014,
        0.9781986531986532,
        0.9837542087542087,
        0.9869528619528619,
        0.9830808080808081,
        0.9788720538720539,
        0.9763468013468014,
        0.9771885521885522,
        0.992003367003367,
        0.9763468013468014,
        0.9810606060606061,
        0.9820707070707071,
        0.983922558922559,
        0.982912457912458,
        0.9851010101010101,
        0.9692760942760943
    ],
    "GreedyAdditional":[
        0.8173333333333334,
        0.9346666666666668,
        0.9480000000000001,
        0.8066666666666668,
        0.7560000000000001,
        0.7986666666666667,
        0.884,
        0.8626666666666667,
        0.924,
        0.7506666666666667,
        0.9426666666666667,
        0.9746666666666667,
        0.9,
        0.916,
        0.9133333333333333,
        0.8386666666666667,
        0.612,
        0.9400000000000001,
        0.7746666666666667,
        0.796,
        0.796,
        0.9533333333333334,
        0.8173333333333334,
        0.9373333333333334,
        0.7906666666666667,
        0.9533333333333334,
        0.9106666666666667,
        0.9800000000000001,
        0.8813333333333334,
        0.9026666666666667,
        0.9373333333333334,
        0.9560000000000001,
        0.9293333333333333,
        0.6706666666666666,
        0.8386666666666667,
        0.6546666666666667,
        0.8653333333333334,
        0.7826666666666667,
        0.9266666666666667,
        0.8333333333333334,
        0.8866666666666667,
        0.7826666666666667,
        0.7613333333333334,
        0.932,
        0.9453333333333334,
        0.9,
        0.8440000000000001,
        0.7853333333333333,
        0.7533333333333333,
        0.8413333333333334,
        0.924,
        0.8493333333333334,
        0.8893333333333334,
        0.9293333333333333,
        0.7826666666666667,
        0.9826666666666667,
        0.7986666666666667,
        0.9133333333333333,
        0.9480000000000001,
        0.988,
        0.8653333333333334,
        0.7560000000000001,
        0.9480000000000001,
        0.9560000000000001,
        0.916,
        0.9346666666666668,
        0.8653333333333334,
        0.6493333333333334,
        0.8866666666666667,
        0.9213333333333333,
        0.9293333333333333,
        0.9400000000000001,
        0.9186666666666667,
        0.9373333333333334,
        0.9560000000000001,
        0.7613333333333334
    ],
    "GreedyAdditionalNew":[
        0.8066666666666668,
        0.9213333333333333,
        0.9400000000000001,
        0.788,
        0.7400000000000001,
        0.7853333333333333,
        0.9373333333333334,
        0.8946666666666667,
        0.9133333333333333,
        0.7240000000000001,
        0.932,
        0.9666666666666667,
        0.8813333333333334,
        0.9666666666666667,
        0.9,
        0.8253333333333334,
        0.58,
        0.924,
        0.8200000000000001,
        0.7826666666666667,
        0.7746666666666667,
        0.9426666666666667,
        0.804,
        0.9266666666666667,
        0.7773333333333333,
        0.9453333333333334,
        0.892,
        0.9746666666666667,
        0.8573333333333334,
        0.892,
        0.9293333333333333,
        0.9480000000000001,
        0.9133333333333333,
        0.7266666666666667,
        0.8733333333333334,
        0.6386666666666667,
        0.8386666666666667,
        0.7506666666666667,
        0.916,
        0.9426666666666667,
        0.9346666666666668,
        0.772,
        0.7266666666666667,
        0.9213333333333333,
        0.932,
        0.9506666666666667,
        0.8866666666666667,
        0.7773333333333333,
        0.796,
        0.8786666666666667,
        0.9133333333333333,
        0.8893333333333334,
        0.9373333333333334,
        0.9133333333333333,
        0.772,
        0.9800000000000001,
        0.788,
        0.9613333333333334,
        0.9400000000000001,
        0.9853333333333334,
        0.8440000000000001,
        0.7400000000000001,
        0.9346666666666668,
        0.9453333333333334,
        0.9026666666666667,
        0.9213333333333333,
        0.8386666666666667,
        0.636,
        0.9186666666666667,
        0.9133333333333333,
        0.916,
        0.9266666666666667,
        0.9053333333333334,
        0.9293333333333333,
        0.9480000000000001,
        0.812
    ],
    "GreedyTotal":[
        0.7133333333333334,
        0.8146666666666668,
        0.9266666666666667,
        0.7240000000000001,
        0.9186666666666667,
        0.684,
        0.7320000000000001,
        0.7933333333333333,
        0.876,
        0.7186666666666667,
        0.8493333333333334,
        0.908,
        0.8386666666666667,
        0.7426666666666667,
        0.796,
        0.7560000000000001,
        0.5826666666666668,
        0.78,
        0.5693333333333334,
        0.7426666666666667,
        0.6706666666666666,
        0.8493333333333334,
        0.6920000000000001,
        0.8866666666666667,
        0.6893333333333334,
        0.8493333333333334,
        0.8013333333333333,
        0.9373333333333334,
        0.8440000000000001,
        0.868,
        0.9266666666666667,
        0.8973333333333334,
        0.804,
        0.644,
        0.6173333333333334,
        0.58,
        0.7853333333333333,
        0.6920000000000001,
        0.8333333333333334,
        0.46,
        0.6226666666666667,
        0.7106666666666667,
        0.7613333333333334,
        0.7986666666666667,
        0.852,
        0.7240000000000001,
        0.7186666666666667,
        0.9453333333333334,
        0.5640000000000001,
        0.604,
        0.8813333333333334,
        0.7400000000000001,
        0.7266666666666667,
        0.868,
        0.6653333333333334,
        0.924,
        0.924,
        0.684,
        0.8573333333333334,
        0.9533333333333334,
        0.8013333333333333,
        0.6973333333333334,
        0.884,
        0.8653333333333334,
        0.9,
        0.9293333333333333,
        0.788,
        0.6093333333333334,
        0.8066666666666668,
        0.8893333333333334,
        0.7986666666666667,
        0.812,
        0.9026666666666667,
        0.908,
        0.8973333333333334,
        0.556
    ]
}