{
    "AdditionalTotal":[
        0.9173758865248227,
        0.9095744680851063,
        0.8925531914893616,
        0.9039007092198581,
        0.8620567375886524,
        0.8975177304964539,
        0.8726950354609929,
        0.9365248226950355,
        0.9421985815602837,
        0.8897163120567375,
        0.9578014184397163,
        0.9556737588652482,
        0.9663120567375886,
        0.8968085106382978,
        0.9386524822695035,
        0.8996453900709219,
        0.8769503546099291,
        0.9535460992907802,
        0.8819148936170212,
        0.900354609929078,
        0.874822695035461,
        0.9599290780141844,
        0.926595744680851,
        0.9209219858156028,
        0.901063829787234,
        0.9343971631205673,
        0.9095744680851063,
        0.9329787234042553,
        0.9195035460992907,
        0.8953900709219857,
        0.898936170212766,
        0.9450354609929078,
        0.9748226950354609,
        0.8833333333333333,
        0.8819148936170212,
        0.8882978723404256,
        0.9705673758865248,
        0.8882978723404256,
        0.9244680851063829,
        0.8670212765957447,
        0.8918439716312057,
        0.9159574468085107,
        0.8556737588652482,
        0.9485815602836879,
        0.9592198581560284,
        0.8932624113475177,
        0.8847517730496454,
        0.8790780141843971,
        0.8414893617021276,
        0.9088652482269504,
        0.9060283687943262,
        0.8641843971631206,
        0.9053191489361702,
        0.9414893617021276,
        0.8734042553191489,
        0.9152482269503546,
        0.927304964539007,
        0.9124113475177305,
        0.9549645390070922,
        0.9294326241134752,
        0.901063829787234,
        0.9315602836879432,
        0.9322695035460993,
        0.9542553191489361,
        0.9287234042553192,
        0.9209219858156028,
        0.901063829787234,
        0.9046099290780142,
        0.9663120567375886,
        0.900354609929078,
        0.9209219858156028,
        0.925177304964539,
        0.9443262411347517,
        0.9372340425531914,
        0.949290780141844,
        0.8840425531914893
    ],
    "GreedyAdditional":[
        0.9053333333333334,
        0.932,
        0.9426666666666667,
        0.8413333333333334,
        0.66,
        0.8093333333333333,
        0.8893333333333334,
        0.8493333333333334,
        0.9453333333333334,
        0.7826666666666667,
        0.9560000000000001,
        0.9800000000000001,
        0.9400000000000001,
        0.9293333333333333,
        0.8786666666666667,
        0.8946666666666667,
        0.7506666666666667,
        0.868,
        0.7933333333333333,
        0.868,
        0.8200000000000001,
        0.9560000000000001,
        0.8946666666666667,
        0.9213333333333333,
        0.86,
        0.9213333333333333,
        0.7080000000000001,
        0.9853333333333334,
        0.9026666666666667,
        0.876,
        0.9293333333333333,
        0.9560000000000001,
        0.9613333333333334,
        0.7693333333333333,
        0.7480000000000001,
        0.8200000000000001,
        0.9186666666666667,
        0.7613333333333334,
        0.892,
        0.868,
        0.8653333333333334,
        0.8013333333333333,
        0.7213333333333334,
        0.9373333333333334,
        0.9453333333333334,
        0.9026666666666667,
        0.7773333333333333,
        0.8253333333333334,
        0.8146666666666668,
        0.8866666666666667,
        0.8946666666666667,
        0.788,
        0.8946666666666667,
        0.9373333333333334,
        0.7373333333333334,
        0.9533333333333334,
        0.8413333333333334,
        0.9213333333333333,
        0.9613333333333334,
        0.988,
        0.8626666666666667,
        0.8733333333333334,
        0.9400000000000001,
        0.9373333333333334,
        0.924,
        0.852,
        0.7026666666666667,
        0.6813333333333335,
        0.8786666666666667,
        0.9053333333333334,
        0.8973333333333334,
        0.908,
        0.924,
        0.9346666666666668,
        0.9560000000000001,
        0.7826666666666667
    ],
    "GreedyAdditionalNew":[
        0.876,
        0.8973333333333334,
        0.9186666666666667,
        0.7906666666666667,
        0.6466666666666667,
        0.764,
        0.9106666666666667,
        0.8626666666666667,
        0.9213333333333333,
        0.7240000000000001,
        0.932,
        0.9640000000000001,
        0.9053333333333334,
        0.9560000000000001,
        0.8413333333333334,
        0.8653333333333334,
        0.684,
        0.8280000000000001,
        0.796,
        0.8253333333333334,
        0.7746666666666667,
        0.932,
        0.86,
        0.8893333333333334,
        0.812,
        0.892,
        0.652,
        0.9746666666666667,
        0.868,
        0.8413333333333334,
        0.908,
        0.9346666666666668,
        0.932,
        0.7746666666666667,
        0.7453333333333334,
        0.7666666666666667,
        0.8893333333333334,
        0.7053333333333334,
        0.852,
        0.9346666666666668,
        0.8733333333333334,
        0.7586666666666667,
        0.6626666666666667,
        0.908,
        0.9133333333333333,
        0.924,
        0.932,
        0.7933333333333333,
        0.812,
        0.908,
        0.8653333333333334,
        0.804,
        0.9106666666666667,
        0.9053333333333334,
        0.6893333333333334,
        0.9400000000000001,
        0.804,
        0.9426666666666667,
        0.9533333333333334,
        0.9826666666666667,
        0.8253333333333334,
        0.8280000000000001,
        0.9133333333333333,
        0.908,
        0.892,
        0.9720000000000001,
        0.6466666666666667,
        0.6173333333333334,
        0.9,
        0.8733333333333334,
        0.8546666666666667,
        0.8733333333333334,
        0.8866666666666667,
        0.908,
        0.9346666666666668,
        0.7933333333333333
    ],
    "GreedyTotal":[
        0.764,
        0.8173333333333334,
        0.924,
        0.7480000000000001,
        0.8706666666666667,
        0.6733333333333335,
        0.7373333333333334,
        0.8173333333333334,
        0.9106666666666667,
        0.6946666666666667,
        0.8626666666666667,
        0.9186666666666667,
        0.8626666666666667,
        0.7480000000000001,
        0.6706666666666666,
        0.796,
        0.66,
        0.7933333333333333,
        0.5720000000000001,
        0.78,
        0.644,
        0.8626666666666667,
        0.7373333333333334,
        0.9026666666666667,
        0.6013333333333334,
        0.7400000000000001,
        0.7506666666666667,
        0.9480000000000001,
        0.852,
        0.8386666666666667,
        0.9426666666666667,
        0.908,
        0.8333333333333334,
        0.644,
        0.47333333333333333,
        0.66,
        0.8253333333333334,
        0.6946666666666667,
        0.7346666666666667,
        0.4653333333333333,
        0.5133333333333333,
        0.7026666666666667,
        0.764,
        0.8093333333333333,
        0.8493333333333334,
        0.7240000000000001,
        0.7320000000000001,
        0.9400000000000001,
        0.5906666666666668,
        0.6146666666666667,
        0.8653333333333334,
        0.7106666666666667,
        0.7320000000000001,
        0.884,
        0.5266666666666667,
        0.8093333333333333,
        0.9133333333333333,
        0.684,
        0.8866666666666667,
        0.9533333333333334,
        0.8306666666666668,
        0.7746666666666667,
        0.9,
        0.7506666666666667,
        0.8893333333333334,
        0.9400000000000001,
        0.7773333333333333,
        0.4653333333333333,
        0.8440000000000001,
        0.9053333333333334,
        0.6786666666666666,
        0.7080000000000001,
        0.8866666666666667,
        0.9186666666666667,
        0.908,
        0.5533333333333333
    ]
}