{
    "ARTMaxMin":[
        0.8253333333333334,
        0.788,
        0.916,
        0.644,
        0.7480000000000001,
        0.884,
        0.8466666666666667,
        0.788,
        0.8066666666666668,
        0.8200000000000001,
        0.9506666666666667,
        0.9293333333333333,
        0.9560000000000001,
        0.8440000000000001,
        0.7826666666666667,
        0.8386666666666667,
        0.7160000000000001,
        0.8333333333333334,
        0.7240000000000001,
        0.812,
        0.8226666666666668,
        0.9400000000000001,
        0.9346666666666668,
        0.8653333333333334,
        0.8893333333333334,
        0.9133333333333333,
        0.7106666666666667,
        0.9053333333333334,
        0.916,
        0.8146666666666668,
        0.7480000000000001,
        0.8706666666666667,
        0.8813333333333334,
        0.772,
        0.7320000000000001,
        0.9106666666666667,
        0.7480000000000001,
        0.676,
        0.7666666666666667,
        0.8280000000000001,
        0.8466666666666667,
        0.8333333333333334,
        0.7106666666666667,
        0.9480000000000001,
        0.9346666666666668,
        0.8573333333333334,
        0.876,
        0.7506666666666667,
        0.5426666666666667,
        0.8066666666666668,
        0.9026666666666667,
        0.796,
        0.9,
        0.8946666666666667,
        0.8306666666666668,
        0.628,
        0.8653333333333334,
        0.9053333333333334,
        0.9373333333333334,
        0.8493333333333334,
        0.876,
        0.908,
        0.8973333333333334,
        0.7906666666666667,
        0.8626666666666667,
        0.9133333333333333,
        0.676,
        0.764,
        0.8360000000000001,
        0.7133333333333334,
        0.8733333333333334,
        0.8573333333333334,
        0.8440000000000001,
        0.8573333333333334,
        0.9026666666666667,
        0.8466666666666667
    ],
    "Genetic":[
        0.7213333333333334,
        0.78,
        0.9213333333333333,
        0.5426666666666667,
        0.8066666666666668,
        0.8413333333333334,
        0.788,
        0.6893333333333334,
        0.7986666666666667,
        0.796,
        0.8893333333333334,
        0.9800000000000001,
        0.9400000000000001,
        0.9053333333333334,
        0.8333333333333334,
        0.78,
        0.49199999999999994,
        0.9506666666666667,
        0.6013333333333334,
        0.6146666666666667,
        0.7373333333333334,
        0.876,
        0.7053333333333334,
        0.7026666666666667,
        0.8573333333333334,
        0.9266666666666667,
        0.7346666666666667,
        0.9800000000000001,
        0.9106666666666667,
        0.7426666666666667,
        0.7666666666666667,
        0.8333333333333334,
        0.9693333333333334,
        0.788,
        0.9133333333333333,
        0.612,
        0.86,
        0.7560000000000001,
        0.668,
        0.7933333333333333,
        0.796,
        0.796,
        0.8226666666666668,
        0.8413333333333334,
        0.8546666666666667,
        0.7826666666666667,
        0.7453333333333334,
        0.8386666666666667,
        0.37733333333333335,
        0.8573333333333334,
        0.7933333333333333,
        0.8973333333333334,
        0.8893333333333334,
        0.9133333333333333,
        0.8093333333333333,
        0.9613333333333334,
        0.8413333333333334,
        0.9213333333333333,
        0.852,
        0.9800000000000001,
        0.8173333333333334,
        0.7666666666666667,
        0.9053333333333334,
        0.9186666666666667,
        0.7426666666666667,
        0.9026666666666667,
        0.7693333333333333,
        0.6546666666666667,
        0.804,
        0.5640000000000001,
        0.8200000000000001,
        0.9213333333333333,
        0.8733333333333334,
        0.7746666666666667,
        0.86,
        0.8200000000000001
    ],
    "GreedyAdditional":[
        0.7506666666666667,
        0.8626666666666667,
        0.916,
        0.612,
        0.8093333333333333,
        0.8360000000000001,
        0.8226666666666668,
        0.7693333333333333,
        0.8893333333333334,
        0.6866666666666666,
        0.876,
        0.9800000000000001,
        0.9400000000000001,
        0.932,
        0.8413333333333334,
        0.668,
        0.596,
        0.9560000000000001,
        0.7160000000000001,
        0.7160000000000001,
        0.7613333333333334,
        0.9,
        0.7373333333333334,
        0.7986666666666667,
        0.8386666666666667,
        0.9293333333333333,
        0.8226666666666668,
        0.9800000000000001,
        0.9053333333333334,
        0.8333333333333334,
        0.86,
        0.8706666666666667,
        0.9693333333333334,
        0.8386666666666667,
        0.8866666666666667,
        0.644,
        0.796,
        0.7506666666666667,
        0.796,
        0.812,
        0.8333333333333334,
        0.7906666666666667,
        0.668,
        0.86,
        0.8893333333333334,
        0.8440000000000001,
        0.7826666666666667,
        0.8893333333333334,
        0.5826666666666668,
        0.812,
        0.8546666666666667,
        0.8546666666666667,
        0.8786666666666667,
        0.9133333333333333,
        0.8146666666666668,
        0.9640000000000001,
        0.916,
        0.924,
        0.868,
        0.9800000000000001,
        0.8306666666666668,
        0.788,
        0.9346666666666668,
        0.9346666666666668,
        0.8306666666666668,
        0.924,
        0.8360000000000001,
        0.7293333333333334,
        0.876,
        0.7240000000000001,
        0.8493333333333334,
        0.9266666666666667,
        0.8866666666666667,
        0.8653333333333334,
        0.8946666666666667,
        0.8226666666666668
    ],
    "GreedyTotal":[
        0.6946666666666667,
        0.86,
        0.8866666666666667,
        0.7080000000000001,
        0.884,
        0.8306666666666668,
        0.7613333333333334,
        0.7293333333333334,
        0.9133333333333333,
        0.7426666666666667,
        0.804,
        0.932,
        0.9133333333333333,
        0.7746666666666667,
        0.7613333333333334,
        0.6146666666666667,
        0.49733333333333335,
        0.8493333333333334,
        0.62,
        0.7533333333333333,
        0.7160000000000001,
        0.7986666666666667,
        0.6386666666666667,
        0.852,
        0.6573333333333334,
        0.8386666666666667,
        0.6973333333333334,
        0.9426666666666667,
        0.8360000000000001,
        0.892,
        0.9293333333333333,
        0.9133333333333333,
        0.9026666666666667,
        0.6893333333333334,
        0.6733333333333335,
        0.5533333333333333,
        0.764,
        0.6706666666666666,
        0.8386666666666667,
        0.5080000000000001,
        0.6813333333333335,
        0.7853333333333333,
        0.66,
        0.7666666666666667,
        0.8893333333333334,
        0.7400000000000001,
        0.676,
        0.9480000000000001,
        0.5773333333333334,
        0.684,
        0.8626666666666667,
        0.7240000000000001,
        0.7186666666666667,
        0.8973333333333334,
        0.7666666666666667,
        0.884,
        0.9053333333333334,
        0.7293333333333334,
        0.772,
        0.9426666666666667,
        0.7373333333333334,
        0.7053333333333334,
        0.8973333333333334,
        0.8440000000000001,
        0.8706666666666667,
        0.9346666666666668,
        0.7906666666666667,
        0.7053333333333334,
        0.7160000000000001,
        0.8733333333333334,
        0.812,
        0.8573333333333334,
        0.8973333333333334,
        0.908,
        0.916,
        0.7213333333333334
    ]
}