{
    "ARTMaxMin":[
        0.8533333333333334,
        0,
        0.9333333333333333,
        0,
        0.3333333333333333,
        0.8533333333333334,
        0.38666666666666666,
        0.8533333333333334,
        0.6933333333333334,
        0.10666666666666667,
        0.5733333333333334,
        0.8533333333333334,
        0.49333333333333335,
        0.41333333333333333,
        0,
        0.9333333333333333,
        0,
        0.29333333333333333,
        0,
        0.8533333333333334,
        0,
        0.8933333333333333,
        0.9333333333333333,
        0.06666666666666667,
        0.21333333333333335,
        0.38666666666666666,
        0.8533333333333334,
        0.5733333333333334,
        0.14666666666666667,
        0.10666666666666667,
        0.3333333333333333,
        0.06666666666666667,
        0.49333333333333335,
        0,
        0.8533333333333334,
        0,
        0.8533333333333334,
        0.38666666666666666,
        0,
        0.9333333333333333,
        0.5733333333333334,
        0.9733333333333334,
        0,
        0.4533333333333333,
        0.8533333333333334,
        0.9066666666666666,
        0,
        0.6533333333333333,
        0,
        0.8533333333333334,
        0.9066666666666666,
        0,
        0.21333333333333335,
        0.7066666666666667,
        0.6533333333333333,
        0.37333333333333335,
        0,
        0.9733333333333334,
        0.9066666666666666,
        0.37333333333333335,
        0.6533333333333333,
        0.29333333333333333,
        0.84,
        0.9066666666666666,
        0.24,
        0.6533333333333333,
        0.9066666666666666,
        0.29333333333333333,
        0.84,
        0.06666666666666667,
        0.06666666666666667,
        0.16,
        0.8533333333333334,
        0.38666666666666666,
        0.49333333333333335,
        0
    ],
    "Genetic":[
        0.9333333333333333,
        0,
        0.92,
        0,
        0.4,
        0.9733333333333334,
        0.88,
        0.88,
        0.7466666666666667,
        0.5733333333333334,
        0.7333333333333333,
        0.9733333333333334,
        0.4,
        0.2,
        0,
        0.72,
        0,
        0.88,
        0,
        0.88,
        0,
        0.88,
        0.72,
        0.44,
        0.4533333333333333,
        0.88,
        0.88,
        0.88,
        0.09333333333333334,
        0.5733333333333334,
        0.4,
        0.44,
        0.4,
        0,
        0.9733333333333334,
        0,
        0.9733333333333334,
        0.88,
        0,
        0.72,
        0.88,
        0.72,
        0,
        0.18666666666666668,
        0.9733333333333334,
        0.7466666666666667,
        0,
        0.9333333333333333,
        0,
        0.88,
        0.8533333333333334,
        0,
        0.4533333333333333,
        0.6666666666666666,
        0.6133333333333333,
        0.9333333333333333,
        0,
        0.9466666666666667,
        0.6666666666666666,
        0.9333333333333333,
        0.9333333333333333,
        0.32,
        0.8133333333333334,
        0.8533333333333334,
        0.18666666666666668,
        0.6133333333333333,
        0.7466666666666667,
        0.88,
        0.6266666666666667,
        0.44,
        0.44,
        0.88,
        0.88,
        0.88,
        0.4,
        0
    ],
    "GreedyAdditional":[
        0.5466666666666666,
        0,
        0.6666666666666666,
        0,
        0.2,
        0.6,
        0.37333333333333335,
        0.38666666666666666,
        0.49333333333333335,
        0.28,
        0.49333333333333335,
        0.6,
        0.32,
        0.18666666666666668,
        0,
        0.37333333333333335,
        0,
        0.3333333333333333,
        0,
        0.5466666666666666,
        0,
        0.9066666666666666,
        0.37333333333333335,
        0.16,
        0.41333333333333333,
        0.37333333333333335,
        0.5466666666666666,
        0.49333333333333335,
        0.02666666666666667,
        0.28,
        0.2,
        0.16,
        0.32,
        0,
        0.6,
        0,
        0.6,
        0.37333333333333335,
        0,
        0.37333333333333335,
        0.6,
        0.6666666666666666,
        0,
        0.21333333333333335,
        0.6,
        0.52,
        0,
        0.4266666666666667,
        0,
        0.5466666666666666,
        0.9733333333333334,
        0,
        0.41333333333333333,
        0.37333333333333335,
        0.36,
        0.49333333333333335,
        0,
        0.9066666666666666,
        0.37333333333333335,
        0.49333333333333335,
        0.4266666666666667,
        0.24,
        0.6666666666666666,
        0.9733333333333334,
        0.21333333333333335,
        0.36,
        0.52,
        0.3333333333333333,
        0.56,
        0.16,
        0.16,
        0.3333333333333333,
        0.38666666666666666,
        0.37333333333333335,
        0.32,
        0
    ],
    "GreedyTotal":[
        0.25333333333333335,
        0,
        0.38666666666666666,
        0,
        0.09333333333333334,
        0.5466666666666666,
        0.10666666666666667,
        0.21333333333333335,
        0.5466666666666666,
        0.04,
        0.4533333333333333,
        0.5466666666666666,
        0.16,
        0.02666666666666667,
        0,
        0.09333333333333334,
        0,
        0.38666666666666666,
        0,
        0.25333333333333335,
        0,
        0.8,
        0.24,
        0.28,
        0.37333333333333335,
        0.10666666666666667,
        0.25333333333333335,
        0.4533333333333333,
        0.49333333333333335,
        0.04,
        0.09333333333333334,
        0.28,
        0.16,
        0,
        0.5466666666666666,
        0,
        0.5466666666666666,
        0.10666666666666667,
        0,
        0.09333333333333334,
        0.4666666666666667,
        0.4666666666666667,
        0,
        0.26666666666666666,
        0.5466666666666666,
        0.3333333333333333,
        0,
        0.22666666666666666,
        0,
        0.25333333333333335,
        0.9466666666666667,
        0,
        0.37333333333333335,
        0.25333333333333335,
        0.22666666666666666,
        0.21333333333333335,
        0,
        0.8,
        0.25333333333333335,
        0.21333333333333335,
        0.22666666666666666,
        0.013333333333333334,
        0.38666666666666666,
        0.9466666666666667,
        0.26666666666666666,
        0.22666666666666666,
        0.3333333333333333,
        0.38666666666666666,
        0.32,
        0.28,
        0.28,
        0.38666666666666666,
        0.21333333333333335,
        0.10666666666666667,
        0.16,
        0
    ]
}