{
    "ARTMaxMin":[
        0.88,
        0,
        0.96,
        0,
        0.7466666666666667,
        0.9466666666666667,
        0.8,
        0.8533333333333334,
        0.9733333333333334,
        0.8,
        0.68,
        0.9466666666666667,
        0.44,
        0.3466666666666667,
        0,
        0.64,
        0,
        0.8666666666666667,
        0,
        0.88,
        0,
        0.84,
        0.64,
        0.13333333333333333,
        0.6266666666666667,
        0.8,
        0.88,
        0.68,
        0.7733333333333333,
        0.8,
        0.7466666666666667,
        0.13333333333333333,
        0.44,
        0,
        0.9466666666666667,
        0,
        0.9466666666666667,
        0.8,
        0,
        0.64,
        0.68,
        0.92,
        0,
        0.8666666666666667,
        0.9466666666666667,
        0.9066666666666666,
        0,
        0.6,
        0,
        0.88,
        0.9466666666666667,
        0,
        0.6266666666666667,
        0.8666666666666667,
        0.4666666666666667,
        0.5733333333333334,
        0,
        0.9333333333333333,
        0.9066666666666666,
        0.5733333333333334,
        0.6,
        0.36,
        0.96,
        0.9466666666666667,
        0.68,
        0.4666666666666667,
        0.9066666666666666,
        0.8666666666666667,
        0.64,
        0.13333333333333333,
        0.13333333333333333,
        0.68,
        0.8533333333333334,
        0.8,
        0.44,
        0
    ],
    "Genetic":[
        0.7066666666666667,
        0,
        0.7733333333333333,
        0,
        0.7866666666666666,
        0.9466666666666667,
        0.56,
        0.56,
        0.96,
        0.18666666666666668,
        0.9066666666666666,
        0.9466666666666667,
        0.22666666666666666,
        0.9466666666666667,
        0,
        0.7866666666666666,
        0,
        0.8,
        0,
        0.5333333333333333,
        0,
        0.96,
        0.7866666666666666,
        0.36,
        0.68,
        0.56,
        0.5333333333333333,
        0.9066666666666666,
        0.3466666666666667,
        0.18666666666666668,
        0.7866666666666666,
        0.36,
        0.22666666666666666,
        0,
        0.9466666666666667,
        0,
        0.9466666666666667,
        0.56,
        0,
        0.7866666666666666,
        0.9066666666666666,
        0.8933333333333333,
        0,
        0.8,
        0.9466666666666667,
        0.8133333333333334,
        0,
        0.5066666666666667,
        0,
        0.5333333333333333,
        0.9466666666666667,
        0,
        0.68,
        0.7733333333333333,
        0.48,
        0.52,
        0,
        0.96,
        0.7733333333333333,
        0.52,
        0.5066666666666667,
        0.13333333333333333,
        0.7733333333333333,
        0.9466666666666667,
        0.8,
        0.48,
        0.8133333333333334,
        0.8,
        0.7733333333333333,
        0.36,
        0.36,
        0.8,
        0.56,
        0.56,
        0.22666666666666666,
        0
    ],
    "GreedyAdditional":[
        0.9866666666666667,
        0,
        0.88,
        0,
        0.48,
        0.9733333333333334,
        0.7733333333333333,
        0.8533333333333334,
        0.9733333333333334,
        0.6,
        0.8533333333333334,
        0.9733333333333334,
        0.3333333333333333,
        0.64,
        0,
        0.8,
        0,
        0.7866666666666666,
        0,
        0.9866666666666667,
        0,
        0.9333333333333333,
        0.8,
        0.6266666666666667,
        0.6,
        0.7733333333333333,
        0.9866666666666667,
        0.8533333333333334,
        0.16,
        0.6,
        0.48,
        0.6266666666666667,
        0.3333333333333333,
        0,
        0.9733333333333334,
        0,
        0.9733333333333334,
        0.7733333333333333,
        0,
        0.8,
        0.8533333333333334,
        0.8666666666666667,
        0,
        0.4533333333333333,
        0.9733333333333334,
        0.9466666666666667,
        0,
        0.9466666666666667,
        0,
        0.9866666666666667,
        0.9466666666666667,
        0,
        0.6,
        0.88,
        0.9466666666666667,
        0.9066666666666666,
        0,
        0.9333333333333333,
        0.9066666666666666,
        0.9066666666666666,
        0.9466666666666667,
        0.28,
        0.88,
        0.9466666666666667,
        0.4533333333333333,
        0.9466666666666667,
        0.9466666666666667,
        0.7866666666666666,
        0.88,
        0.6266666666666667,
        0.6266666666666667,
        0.7866666666666666,
        0.8533333333333334,
        0.7733333333333333,
        0.3333333333333333,
        0
    ],
    "GreedyTotal":[
        0.5733333333333334,
        0,
        0.9466666666666667,
        0,
        0.02666666666666667,
        0.8533333333333334,
        0.4266666666666667,
        0.4266666666666667,
        0.7333333333333333,
        0.05333333333333334,
        0.21333333333333335,
        0.8533333333333334,
        0.18666666666666668,
        0.02666666666666667,
        0,
        0.14666666666666667,
        0,
        0.72,
        0,
        0.21333333333333335,
        0,
        0.7066666666666667,
        0.18666666666666668,
        0.7866666666666666,
        0.8533333333333334,
        0.4266666666666667,
        0.21333333333333335,
        0.21333333333333335,
        0.41333333333333333,
        0.05333333333333334,
        0.02666666666666667,
        0.7866666666666666,
        0.18666666666666668,
        0,
        0.8533333333333334,
        0,
        0.8533333333333334,
        0.4266666666666667,
        0,
        0.14666666666666667,
        0.41333333333333333,
        0.56,
        0,
        0.72,
        0.8533333333333334,
        0.06666666666666667,
        0,
        0.4666666666666667,
        0,
        0.21333333333333335,
        0.8933333333333333,
        0,
        0.8533333333333334,
        0.49333333333333335,
        0.04,
        0.5333333333333333,
        0,
        0.7066666666666667,
        0.49333333333333335,
        0.5333333333333333,
        0.4666666666666667,
        0.12,
        0.8933333333333333,
        0.8933333333333333,
        0.05333333333333334,
        0.04,
        0.06666666666666667,
        0.72,
        0.38666666666666666,
        0.7866666666666666,
        0.7866666666666666,
        0.09333333333333334,
        0.4266666666666667,
        0.4266666666666667,
        0.18666666666666668,
        0
    ]
}