{
    "ARTMaxMin":[
        0.9066666666666666,
        0,
        0.96,
        0,
        0.26666666666666666,
        0.9733333333333334,
        0.84,
        0.88,
        0.96,
        0.04,
        0.30666666666666664,
        0.9733333333333334,
        0.92,
        0.6666666666666666,
        0,
        0.56,
        0,
        0.4533333333333333,
        0,
        0.9066666666666666,
        0,
        0.8133333333333334,
        0.56,
        0.18666666666666668,
        0.6533333333333333,
        0.84,
        0.9066666666666666,
        0.3466666666666667,
        0.21333333333333335,
        0.04,
        0.26666666666666666,
        0.18666666666666668,
        0.92,
        0,
        0.9733333333333334,
        0,
        0.9733333333333334,
        0.84,
        0,
        0.56,
        0.3466666666666667,
        0.8133333333333334,
        0,
        0.49333333333333335,
        0.9733333333333334,
        0.8933333333333333,
        0,
        0.8666666666666667,
        0,
        0.9066666666666666,
        0.8933333333333333,
        0,
        0.6533333333333333,
        0.88,
        0.6666666666666666,
        0.41333333333333333,
        0,
        0.92,
        0.8933333333333333,
        0.41333333333333333,
        0.8666666666666667,
        0.3333333333333333,
        0.96,
        0.8933333333333333,
        0.3466666666666667,
        0.6666666666666666,
        0.8933333333333333,
        0.4533333333333333,
        0.96,
        0.18666666666666668,
        0.18666666666666668,
        0.30666666666666664,
        0.88,
        0.84,
        0.92,
        0
    ],
    "Genetic":[
        0.9466666666666667,
        0,
        0.9733333333333334,
        0,
        0.2,
        0.9066666666666666,
        0.84,
        0.84,
        0.9333333333333333,
        0.41333333333333333,
        0.48,
        0.9066666666666666,
        0.6533333333333333,
        0.04,
        0,
        0.3333333333333333,
        0,
        0.30666666666666664,
        0,
        0.9066666666666666,
        0,
        0.7733333333333333,
        0.3333333333333333,
        0.64,
        0.9733333333333334,
        0.84,
        0.9066666666666666,
        0.48,
        0.4666666666666667,
        0.41333333333333333,
        0.2,
        0.64,
        0.6533333333333333,
        0,
        0.9066666666666666,
        0,
        0.9066666666666666,
        0.84,
        0,
        0.3333333333333333,
        0.48,
        0.68,
        0,
        0.29333333333333333,
        0.9066666666666666,
        0.49333333333333335,
        0,
        0.9466666666666667,
        0,
        0.9066666666666666,
        0.92,
        0,
        0.9733333333333334,
        0.48,
        0.37333333333333335,
        0.9466666666666667,
        0,
        0.92,
        0.48,
        0.9466666666666667,
        0.9466666666666667,
        0.5333333333333333,
        0.9733333333333334,
        0.92,
        0.29333333333333333,
        0.37333333333333335,
        0.49333333333333335,
        0.30666666666666664,
        0.8666666666666667,
        0.64,
        0.64,
        0.30666666666666664,
        0.84,
        0.84,
        0.6533333333333333,
        0
    ],
    "GreedyAdditional":[
        0.92,
        0,
        0.96,
        0,
        0.13333333333333333,
        0.9466666666666667,
        0.8,
        0.8,
        0.9866666666666667,
        0.52,
        0.5333333333333333,
        0.9466666666666667,
        0.72,
        0.12,
        0,
        0.32,
        0,
        0.3333333333333333,
        0,
        0.8933333333333333,
        0,
        0.7866666666666666,
        0.32,
        0.6666666666666666,
        0.88,
        0.8,
        0.8933333333333333,
        0.5333333333333333,
        0.36,
        0.52,
        0.13333333333333333,
        0.6666666666666666,
        0.72,
        0,
        0.9466666666666667,
        0,
        0.9466666666666667,
        0.8,
        0,
        0.32,
        0.5333333333333333,
        0.68,
        0,
        0.38666666666666666,
        0.9466666666666667,
        0.5066666666666667,
        0,
        0.92,
        0,
        0.8933333333333333,
        0.96,
        0,
        0.88,
        0.4533333333333333,
        0.49333333333333335,
        0.92,
        0,
        0.8933333333333333,
        0.4533333333333333,
        0.92,
        0.92,
        0.13333333333333333,
        0.96,
        0.96,
        0.38666666666666666,
        0.49333333333333335,
        0.5066666666666667,
        0.3333333333333333,
        0.8933333333333333,
        0.6666666666666666,
        0.6666666666666666,
        0.3333333333333333,
        0.8,
        0.8,
        0.72,
        0
    ],
    "GreedyTotal":[
        0.44,
        0,
        0.7333333333333333,
        0,
        0.12,
        0.84,
        0.26666666666666666,
        0.36,
        0.8133333333333334,
        0.02666666666666667,
        0.30666666666666664,
        0.84,
        0.44,
        0.05333333333333334,
        0,
        0.10666666666666667,
        0,
        0.14666666666666667,
        0,
        0.18666666666666668,
        0,
        0.72,
        0.13333333333333333,
        0.7466666666666667,
        0.41333333333333333,
        0.26666666666666666,
        0.18666666666666668,
        0.30666666666666664,
        0.56,
        0.02666666666666667,
        0.12,
        0.7466666666666667,
        0.44,
        0,
        0.84,
        0,
        0.84,
        0.26666666666666666,
        0,
        0.10666666666666667,
        0.30666666666666664,
        0.56,
        0,
        0.14666666666666667,
        0.84,
        0.06666666666666667,
        0,
        0.41333333333333333,
        0,
        0.18666666666666668,
        0.9466666666666667,
        0,
        0.41333333333333333,
        0.92,
        0.06666666666666667,
        0.41333333333333333,
        0,
        0.72,
        0.92,
        0.41333333333333333,
        0.41333333333333333,
        0.21333333333333335,
        0.5066666666666667,
        0.9466666666666667,
        0.12,
        0.06666666666666667,
        0.06666666666666667,
        0.14666666666666667,
        0.25333333333333335,
        0.7466666666666667,
        0.7466666666666667,
        0.13333333333333333,
        0.36,
        0.26666666666666666,
        0.44,
        0
    ]
}