{
    "ARTMaxMin":[
        0.7600000000000001,
        0.27111111111111114,
        0.77,
        0.6333333333333333,
        0.6866666666666668,
        0.46222222222222226,
        0.5533333333333333,
        0.6533333333333334,
        0.5533333333333333,
        0.5519999999999999,
        0.6133333333333333,
        0.7706666666666667,
        0.6373333333333333,
        0.72,
        0.7533333333333333,
        0.69,
        0.7066666666666667,
        0.3433333333333334,
        0.5666666666666667,
        0.6977777777777777,
        0.2866666666666667,
        0.736,
        0.7733333333333332,
        0.4800000000000001,
        0.46222222222222226,
        0.6233333333333333,
        0.7566666666666667,
        0.568,
        0.6799999999999999,
        0.5533333333333333,
        0.6866666666666666,
        0.43466666666666665,
        0.3066666666666667,
        0.6366666666666667,
        0.5066666666666667,
        0.5555555555555555,
        0.6333333333333333,
        0.5511111111111111,
        0.27555555555555555,
        0.8933333333333332,
        0.5155555555555555,
        0.7633333333333334,
        0.5466666666666666,
        0.6933333333333332,
        0.6133333333333334,
        0.5,
        0.6233333333333333,
        0.616,
        0.38666666666666666,
        0.5533333333333333,
        0.5146666666666666,
        0.8222222222222223,
        0.6533333333333334,
        0.552,
        0.4711111111111111,
        0.5244444444444444,
        0.78,
        0.5966666666666667,
        0.8026666666666665,
        0.6053333333333334,
        0.7288888888888888,
        0.51,
        0.528,
        0.65,
        0.6766666666666667,
        0.8,
        0.9066666666666666,
        0.5666666666666667,
        0.9119999999999999,
        0.41,
        0.5533333333333333,
        0.36999999999999994,
        0.744,
        0.7633333333333333,
        0.5333333333333333,
        0.5644444444444444
    ],
    "Genetic":[
        0.6844444444444445,
        0.64,
        0.8566666666666667,
        0.76,
        0.6433333333333333,
        0.68,
        0.7366666666666667,
        0.7466666666666666,
        0.64,
        0.6746666666666666,
        0.632,
        0.8240000000000001,
        0.6826666666666668,
        0.5966666666666667,
        0.62,
        0.7566666666666666,
        0.6133333333333333,
        0.76,
        0.8466666666666667,
        0.9111111111111111,
        0.52,
        0.7706666666666666,
        0.8166666666666667,
        0.6906666666666667,
        0.7555555555555555,
        0.6333333333333333,
        0.53,
        0.7413333333333333,
        0.744,
        0.6666666666666666,
        0.66,
        0.45066666666666666,
        0.6719999999999999,
        0.5366666666666666,
        0.9266666666666667,
        0.5955555555555555,
        0.7033333333333334,
        0.8977777777777778,
        0.5911111111111111,
        0.7999999999999999,
        0.7422222222222222,
        0.8966666666666667,
        0.6977777777777777,
        0.6826666666666666,
        0.8346666666666668,
        0.54,
        0.5233333333333333,
        0.6746666666666666,
        0.88,
        0.7133333333333334,
        0.6213333333333334,
        0.7644444444444445,
        0.7466666666666666,
        0.5866666666666667,
        0.7066666666666667,
        0.8577777777777778,
        0.8400000000000001,
        0.9066666666666667,
        0.752,
        0.6746666666666666,
        0.751111111111111,
        0.5766666666666667,
        0.7146666666666668,
        0.58,
        0.62,
        0.76,
        0.8266666666666667,
        0.7533333333333334,
        0.8053333333333335,
        0.5933333333333333,
        0.7966666666666667,
        0.6533333333333333,
        0.6853333333333332,
        0.8366666666666667,
        0.6426666666666667,
        0.6755555555555556
    ],
    "GreedyAdditional":[
        0.41333333333333333,
        0.31555555555555553,
        0.5266666666666666,
        0.48666666666666664,
        0.35333333333333333,
        0.3822222222222222,
        0.39999999999999997,
        0.4159999999999999,
        0.42333333333333334,
        0.28,
        0.4613333333333333,
        0.5866666666666667,
        0.49066666666666664,
        0.5033333333333333,
        0.4766666666666666,
        0.43,
        0.28,
        0.32999999999999996,
        0.5,
        0.5066666666666667,
        0.31666666666666665,
        0.5733333333333334,
        0.4733333333333333,
        0.40533333333333327,
        0.40444444444444444,
        0.38333333333333336,
        0.42333333333333334,
        0.44266666666666665,
        0.5093333333333334,
        0.36333333333333334,
        0.4066666666666667,
        0.32799999999999996,
        0.312,
        0.38666666666666666,
        0.4666666666666667,
        0.4222222222222222,
        0.4966666666666667,
        0.5377777777777778,
        0.3244444444444445,
        0.7111111111111111,
        0.5688888888888889,
        0.5566666666666666,
        0.4266666666666667,
        0.36533333333333334,
        0.5866666666666667,
        0.3666666666666667,
        0.46,
        0.32,
        0.37333333333333335,
        0.42666666666666664,
        0.4666666666666666,
        0.4488888888888889,
        0.6000000000000001,
        0.35733333333333334,
        0.3555555555555556,
        0.46666666666666673,
        0.5766666666666667,
        0.5599999999999999,
        0.472,
        0.4133333333333333,
        0.3955555555555556,
        0.39666666666666667,
        0.4533333333333333,
        0.5066666666666666,
        0.37333333333333335,
        0.5333333333333333,
        0.7333333333333334,
        0.44666666666666666,
        0.6826666666666666,
        0.30666666666666664,
        0.4666666666666666,
        0.35333333333333333,
        0.4666666666666667,
        0.5033333333333334,
        0.3706666666666667,
        0.39111111111111113
    ],
    "GreedyTotal":[
        0.21777777777777776,
        0.28444444444444444,
        0.27,
        0.44,
        0.21666666666666667,
        0.39999999999999997,
        0.24333333333333335,
        0.2853333333333333,
        0.31333333333333335,
        0.16,
        0.3813333333333333,
        0.43466666666666665,
        0.33066666666666666,
        0.3433333333333333,
        0.39666666666666667,
        0.21333333333333335,
        0.18666666666666668,
        0.33,
        0.38666666666666666,
        0.3022222222222222,
        0.14333333333333334,
        0.4693333333333333,
        0.33666666666666667,
        0.3306666666666667,
        0.37777777777777777,
        0.25666666666666665,
        0.20666666666666667,
        0.2586666666666667,
        0.47733333333333333,
        0.19,
        0.22666666666666668,
        0.32,
        0.26666666666666666,
        0.20999999999999996,
        0.4666666666666667,
        0.35111111111111115,
        0.2833333333333333,
        0.43111111111111117,
        0.21333333333333337,
        0.52,
        0.528888888888889,
        0.4,
        0.2888888888888889,
        0.25866666666666666,
        0.5786666666666667,
        0.2966666666666667,
        0.35,
        0.15999999999999998,
        0.10666666666666667,
        0.35333333333333333,
        0.3626666666666667,
        0.2577777777777778,
        0.45,
        0.32,
        0.16444444444444442,
        0.2088888888888889,
        0.39666666666666667,
        0.49,
        0.27466666666666667,
        0.23466666666666666,
        0.14666666666666664,
        0.32,
        0.376,
        0.4966666666666667,
        0.26666666666666666,
        0.4053333333333334,
        0.5866666666666667,
        0.35333333333333333,
        0.48,
        0.26,
        0.46,
        0.2633333333333333,
        0.32533333333333336,
        0.32999999999999996,
        0.29866666666666664,
        0.2933333333333333
    ]
}