{
    "AdditionalTotal":[
        0.3280141843971631,
        0.2198581560283688,
        0.30851063829787234,
        0.375,
        0.2220744680851064,
        0.2553191489361702,
        0.2726063829787234,
        0.31063829787234043,
        0.2752659574468085,
        0.25638297872340426,
        0.26276595744680853,
        0.3457446808510638,
        0.3021276595744681,
        0.2712765957446809,
        0.3164893617021276,
        0.29521276595744683,
        0.2978723404255319,
        0.2553191489361702,
        0.28191489361702127,
        0.3457446808510638,
        0.1502659574468085,
        0.3276595744680851,
        0.32313829787234044,
        0.2712765957446809,
        0.26595744680851063,
        0.22606382978723405,
        0.2859042553191489,
        0.2904255319148936,
        0.34468085106382984,
        0.24867021276595747,
        0.2579787234042553,
        0.20744680851063832,
        0.23510638297872338,
        0.25398936170212766,
        0.3377659574468085,
        0.26418439716312053,
        0.25930851063829785,
        0.299645390070922,
        0.20035460992907797,
        0.3670212765957446,
        0.2695035460992908,
        0.3563829787234043,
        0.1950354609929078,
        0.29574468085106387,
        0.3351063829787234,
        0.21276595744680848,
        0.30186170212765956,
        0.17127659574468082,
        0.23404255319148937,
        0.29388297872340424,
        0.23085106382978723,
        0.3280141843971631,
        0.2832446808510638,
        0.2276595744680851,
        0.2163120567375886,
        0.22340425531914895,
        0.36436170212765956,
        0.3204787234042553,
        0.31489361702127666,
        0.24042553191489363,
        0.28191489361702127,
        0.25132978723404253,
        0.26595744680851063,
        0.2367021276595745,
        0.26861702127659576,
        0.35851063829787233,
        0.30319148936170215,
        0.28191489361702127,
        0.35212765957446807,
        0.23936170212765956,
        0.30319148936170215,
        0.2300531914893617,
        0.31063829787234043,
        0.3151595744680851,
        0.25212765957446803,
        0.26595744680851063
    ],
    "GreedyAdditional":[
        0.41333333333333333,
        0.31555555555555553,
        0.5266666666666666,
        0.48666666666666664,
        0.35333333333333333,
        0.3822222222222222,
        0.39999999999999997,
        0.4159999999999999,
        0.42333333333333334,
        0.28,
        0.4613333333333333,
        0.5866666666666667,
        0.49066666666666664,
        0.5033333333333333,
        0.4766666666666666,
        0.43,
        0.28,
        0.32999999999999996,
        0.5,
        0.5066666666666667,
        0.31666666666666665,
        0.5733333333333334,
        0.4733333333333333,
        0.40533333333333327,
        0.40444444444444444,
        0.38333333333333336,
        0.42333333333333334,
        0.44266666666666665,
        0.5093333333333334,
        0.36333333333333334,
        0.4066666666666667,
        0.32799999999999996,
        0.312,
        0.38666666666666666,
        0.4666666666666667,
        0.4222222222222222,
        0.4966666666666667,
        0.5377777777777778,
        0.3244444444444445,
        0.7111111111111111,
        0.5688888888888889,
        0.5566666666666666,
        0.4266666666666667,
        0.36533333333333334,
        0.5866666666666667,
        0.3666666666666667,
        0.46,
        0.32,
        0.37333333333333335,
        0.42666666666666664,
        0.4666666666666666,
        0.4488888888888889,
        0.6000000000000001,
        0.35733333333333334,
        0.3555555555555556,
        0.46666666666666673,
        0.5766666666666667,
        0.5599999999999999,
        0.472,
        0.4133333333333333,
        0.3955555555555556,
        0.39666666666666667,
        0.4533333333333333,
        0.5066666666666666,
        0.37333333333333335,
        0.5333333333333333,
        0.7333333333333334,
        0.44666666666666666,
        0.6826666666666666,
        0.30666666666666664,
        0.4666666666666666,
        0.35333333333333333,
        0.4666666666666667,
        0.5033333333333334,
        0.3706666666666667,
        0.39111111111111113
    ],
    "GreedyAdditionalNew":[
        0.4266666666666667,
        0.3688888888888889,
        0.5633333333333334,
        0.6333333333333333,
        0.4266666666666667,
        0.45777777777777784,
        0.42333333333333334,
        0.37333333333333335,
        0.3,
        0.31200000000000006,
        0.48533333333333334,
        0.6293333333333333,
        0.49866666666666665,
        0.4533333333333333,
        0.3833333333333333,
        0.4233333333333334,
        0.29333333333333333,
        0.4066666666666666,
        0.5466666666666666,
        0.5466666666666666,
        0.19333333333333333,
        0.576,
        0.4833333333333333,
        0.4106666666666666,
        0.44,
        0.44666666666666666,
        0.3566666666666667,
        0.41866666666666674,
        0.528,
        0.24666666666666667,
        0.34,
        0.29333333333333333,
        0.336,
        0.37,
        0.5466666666666666,
        0.4177777777777778,
        0.45666666666666667,
        0.5644444444444444,
        0.37333333333333335,
        0.6444444444444445,
        0.5777777777777778,
        0.5833333333333334,
        0.43111111111111117,
        0.38666666666666666,
        0.608,
        0.4,
        0.5233333333333333,
        0.29066666666666663,
        0.4,
        0.44999999999999996,
        0.34933333333333333,
        0.5111111111111111,
        0.6166666666666667,
        0.4,
        0.18666666666666665,
        0.49333333333333335,
        0.6333333333333333,
        0.5966666666666667,
        0.5066666666666666,
        0.48533333333333334,
        0.3955555555555555,
        0.34333333333333327,
        0.4826666666666667,
        0.5,
        0.44,
        0.552,
        0.7733333333333333,
        0.5133333333333334,
        0.6293333333333333,
        0.20666666666666667,
        0.48333333333333334,
        0.4,
        0.4826666666666667,
        0.58,
        0.4373333333333333,
        0.48
    ],