{
    "AdditionalTotal":[
        0.6533333333333333,
        0.31555555555555553,
        0.79,
        0.44666666666666666,
        0.5566666666666666,
        0.5555555555555555,
        0.7166666666666668,
        0.608,
        0.5366666666666666,
        0.4693333333333333,
        0.5973333333333334,
        0.7626666666666667,
        0.584,
        0.6000000000000001,
        0.59,
        0.6933333333333332,
        0.44,
        0.42999999999999994,
        0.6466666666666666,
        0.8799999999999999,
        0.52,
        0.6613333333333333,
        0.5433333333333333,
        0.7439999999999999,
        0.688888888888889,
        0.4733333333333334,
        0.73,
        0.712,
        0.6746666666666666,
        0.6166666666666667,
        0.5066666666666667,
        0.5466666666666666,
        0.37066666666666664,
        0.4100000000000001,
        0.64,
        0.6311111111111111,
        0.58,
        0.64,
        0.7688888888888888,
        0.6666666666666666,
        0.7022222222222222,
        0.8433333333333334,
        0.6577777777777777,
        0.48,
        0.736,
        0.5633333333333334,
        0.77,
        0.4960000000000001,
        0.8,
        0.6033333333333333,
        0.7066666666666667,
        0.6222222222222222,
        0.7266666666666666,
        0.4293333333333333,
        0.6444444444444445,
        0.7066666666666667,
        0.8166666666666667,
        0.6433333333333333,
        0.4933333333333333,
        0.616,
        0.6311111111111112,
        0.5066666666666667,
        0.5893333333333334,
        0.55,
        0.5233333333333333,
        0.7626666666666666,
        0.7066666666666667,
        0.6133333333333333,
        0.672,
        0.6799999999999999,
        0.66,
        0.4133333333333333,
        0.664,
        0.69,
        0.5466666666666666,
        0.5199999999999999
    ],
    "GreedyAdditional":[
        0.6533333333333333,
        0.31555555555555553,
        0.79,
        0.44666666666666666,
        0.5566666666666666,
        0.5555555555555555,
        0.7166666666666668,
        0.608,
        0.5366666666666666,
        0.4693333333333333,
        0.5973333333333334,
        0.7626666666666667,
        0.584,
        0.6000000000000001,
        0.59,
        0.6933333333333332,
        0.44,
        0.42999999999999994,
        0.6466666666666666,
        0.8799999999999999,
        0.52,
        0.6613333333333333,
        0.5433333333333333,
        0.7439999999999999,
        0.688888888888889,
        0.4733333333333334,
        0.73,
        0.712,
        0.6746666666666666,
        0.6166666666666667,
        0.5066666666666667,
        0.5466666666666666,
        0.37066666666666664,
        0.4100000000000001,
        0.64,
        0.6311111111111111,
        0.58,
        0.64,
        0.7688888888888888,
        0.6666666666666666,
        0.7022222222222222,
        0.8433333333333334,
        0.6577777777777777,
        0.48,
        0.736,
        0.5633333333333334,
        0.77,
        0.4960000000000001,
        0.8,
        0.6033333333333333,
        0.7066666666666667,
        0.6222222222222222,
        0.7266666666666666,
        0.4293333333333333,
        0.6444444444444445,
        0.7066666666666667,
        0.8166666666666667,
        0.6433333333333333,
        0.4933333333333333,
        0.616,
        0.6311111111111112,
        0.5066666666666667,
        0.5893333333333334,
        0.55,
        0.5233333333333333,
        0.7626666666666666,
        0.7066666666666667,
        0.6133333333333333,
        0.672,
        0.6799999999999999,
        0.66,
        0.4133333333333333,
        0.664,
        0.69,
        0.5466666666666666,
        0.5199999999999999
    ],
    "GreedyAdditionalSimilarity":[
        0.36000000000000004,
        0.44,
        0.47000000000000003,
        0.4333333333333333,
        0.29666666666666663,
        0.48444444444444446,
        0.37999999999999995,
        0.5120000000000001,
        0.5133333333333333,
        0.264,
        0.46399999999999997,
        0.6693333333333333,
        0.4853333333333333,
        0.4333333333333333,
        0.5,
        0.44333333333333336,
        0.04,
        0.51,
        0.7533333333333334,
        0.5244444444444444,
        0.15333333333333332,
        0.6426666666666667,
        0.4866666666666667,
        0.6746666666666667,
        0.648888888888889,
        0.18666666666666665,
        0.43000000000000005,
        0.42400000000000004,
        0.6826666666666666,
        0.2866666666666666,
        0.2633333333333333,
        0.2853333333333333,
        0.4693333333333333,
        0.30333333333333334,
        0.7133333333333334,
        0.4666666666666666,
        0.5833333333333334,
        0.5111111111111112,
        0.48,
        0.5466666666666666,
        0.7377777777777778,
        0.6200000000000001,
        0.6711111111111112,
        0.23466666666666666,
        0.7226666666666667,
        0.5133333333333333,
        0.73,
        0.23199999999999998,
        0.2,
        0.4933333333333334,
        0.4986666666666667,
        0.25777777777777783,
        0.7966666666666666,
        0.5199999999999999,
        0.16444444444444442,
        0.35111111111111115,
        0.7566666666666667,
        0.7133333333333334,
        0.44799999999999995,
        0.3413333333333333,
        0.30666666666666664,
        0.42666666666666664,
        0.7093333333333334,
        0.5566666666666666,
        0.26999999999999996,
        0.5306666666666666,
        0.5533333333333333,
        0.7333333333333334,
        0.6826666666666668,
        0.42333333333333334,
        0.6366666666666667,
        0.5166666666666666,
        0.392,
        0.37999999999999995,
        0.392,
        0.38222222222222224
    ],
    "GreedyTotal":[
        0.3377777777777778,
        0.15111111111111108,
        0.31333333333333335,
        0.38666666666666666,
        0.17666666666666667,
        0.3688888888888889,
        0.31666666666666665,
        0.392,
        0.35,
        0.29333333333333333,
        0.392,
        0.4666666666666666,
        0.40800000000000003,
        0.2733333333333333,
        0.42000000000000004,
        0.4333333333333333,
        0.04,
        0.22000000000000003,
        0.32666666666666666,
        0.43111111111111117,
        0.11333333333333334,
        0.48266666666666663,
        0.26666666666666666,
        0.4986666666666667,
        0.46222222222222226,
        0.13666666666666666,
        0.16333333333333333,
        0.2826666666666667,
        0.5226666666666666,
        0.3033333333333333,
        0.11,
        0.336,
        0.21600000000000003,
        0.16666666666666666,
        0.48666666666666664,
        0.5022222222222222,
        0.39666666666666667,
        0.37777777777777777,
        0.5333333333333333,
        0.5777777777777777,
        0.6088888888888889,
        0.6633333333333333,
        0.5866666666666666,
        0.16266666666666665,
        0.6693333333333333,
        0.37000000000000005,
        0.33666666666666667,
        0.2053333333333333,
        0.26666666666666666,
        0.3066666666666667,
        0.40800000000000003,
        0.18222222222222226,
        0.49999999999999994,
        0.4666666666666666,
        0.1688888888888889,
        0.28444444444444444,
        0.39666666666666667,
        0.43,
        0.336,
        0.2693333333333333,
        0.26666666666666666,
        0.43000000000000005,
        0.3786666666666667,
        0.69,
        0.3666666666666667,
        0.4373333333333334,
        0.42,
        0.2,
        0.44000000000000006,
        0.43666666666666665,
        0.61,
        0.20333333333333334,
        0.5413333333333333,
        0.31,
        0.29333333333333333,
        0.21777777777777776
    ]
}