{
    "ARTMaxMin":[
        0.8088888888888889,
        0.56,
        0.8833333333333333,
        0.7066666666666667,
        0.6533333333333333,
        0.7200000000000001,
        0.6799999999999999,
        0.7253333333333333,
        0.6966666666666667,
        0.7253333333333333,
        0.7466666666666667,
        0.8640000000000001,
        0.7466666666666668,
        0.7933333333333333,
        0.6033333333333334,
        0.8400000000000001,
        0.76,
        0.8,
        0.9066666666666667,
        0.8755555555555555,
        0.7266666666666667,
        0.8373333333333333,
        0.8366666666666667,
        0.5786666666666667,
        0.7111111111111112,
        0.8633333333333333,
        0.73,
        0.664,
        0.7733333333333332,
        0.73,
        0.7466666666666666,
        0.5013333333333333,
        0.6933333333333335,
        0.48333333333333334,
        0.7666666666666666,
        0.5555555555555556,
        0.7999999999999999,
        0.8577777777777778,
        0.4444444444444444,
        0.8444444444444444,
        0.5733333333333334,
        0.8133333333333334,
        0.8266666666666667,
        0.8186666666666665,
        0.696,
        0.6933333333333334,
        0.7966666666666666,
        0.5013333333333334,
        0.7866666666666666,
        0.69,
        0.6666666666666667,
        0.84,
        0.81,
        0.8400000000000001,
        0.6177777777777778,
        0.6133333333333333,
        0.8899999999999999,
        0.76,
        0.8960000000000001,
        0.7866666666666667,
        0.7555555555555555,
        0.5966666666666667,
        0.8133333333333332,
        0.8733333333333334,
        0.7566666666666667,
        0.7893333333333332,
        0.86,
        0.9066666666666667,
        0.9386666666666666,
        0.4166666666666667,
        0.6133333333333333,
        0.7066666666666667,
        0.8026666666666668,
        0.89,
        0.6906666666666668,
        0.7999999999999999
    ],
    "Genetic":[
        0.8177777777777777,
        0.88,
        0.7733333333333333,
        0.8066666666666666,
        0.51,
        0.8666666666666667,
        0.6666666666666667,
        0.6426666666666667,
        0.69,
        0.5120000000000001,
        0.8213333333333332,
        0.8640000000000001,
        0.6933333333333334,
        0.8466666666666667,
        0.7733333333333333,
        0.7566666666666667,
        0.84,
        0.87,
        0.86,
        0.7466666666666667,
        0.6900000000000001,
        0.8720000000000001,
        0.8466666666666667,
        0.6693333333333333,
        0.6622222222222223,
        0.7966666666666667,
        0.5966666666666667,
        0.7653333333333332,
        0.7253333333333334,
        0.6933333333333334,
        0.6799999999999999,
        0.7493333333333334,
        0.736,
        0.6000000000000001,
        0.86,
        0.7111111111111111,
        0.5333333333333333,
        0.8044444444444445,
        0.5866666666666668,
        0.8577777777777778,
        0.7288888888888888,
        0.7433333333333333,
        0.5866666666666667,
        0.8053333333333332,
        0.7893333333333332,
        0.7466666666666667,
        0.65,
        0.5573333333333335,
        0.6,
        0.6666666666666667,
        0.6826666666666668,
        0.7955555555555556,
        0.76,
        0.7413333333333333,
        0.7022222222222222,
        0.5822222222222223,
        0.8433333333333333,
        0.8833333333333333,
        0.8533333333333333,
        0.7973333333333333,
        0.8266666666666668,
        0.5966666666666667,
        0.7493333333333333,
        0.7033333333333334,
        0.7933333333333333,
        0.72,
        0.8666666666666667,
        0.86,
        0.7866666666666666,
        0.6066666666666667,
        0.6833333333333333,
        0.7233333333333333,
        0.6426666666666667,
        0.7866666666666667,
        0.768,
        0.8577777777777778
    ],
    "GreedyAdditional":[
        0.7066666666666667,
        0.68,
        0.8966666666666666,
        0.5866666666666667,
        0.6733333333333333,
        0.7377777777777778,
        0.8333333333333334,
        0.7466666666666667,
        0.7633333333333334,
        0.656,
        0.7706666666666667,
        0.8800000000000001,
        0.6506666666666667,
        0.85,
        0.8666666666666667,
        0.7933333333333334,
        0.88,
        0.6733333333333333,
        0.8333333333333333,
        0.9111111111111111,
        0.59,
        0.8213333333333332,
        0.8533333333333333,
        0.7946666666666667,
        0.7644444444444445,
        0.7666666666666667,
        0.7000000000000001,
        0.7466666666666668,
        0.768,
        0.7633333333333333,
        0.84,
        0.64,
        0.5946666666666667,
        0.65,
        0.88,
        0.8133333333333334,
        0.71,
        0.831111111111111,
        0.5244444444444444,
        0.8977777777777778,
        0.6755555555555556,
        0.9133333333333333,
        0.6977777777777777,
        0.768,
        0.8560000000000001,
        0.7400000000000001,
        0.66,
        0.6666666666666667,
        0.7733333333333333,
        0.76,
        0.8,
        0.9377777777777778,
        0.7866666666666667,
        0.7173333333333333,
        0.831111111111111,
        0.8533333333333334,
        0.9233333333333333,
        0.8466666666666667,
        0.8426666666666666,
        0.7786666666666667,
        0.7999999999999999,
        0.6800000000000002,
        0.7946666666666667,
        0.7466666666666667,
        0.7833333333333333,
        0.8160000000000001,
        0.7466666666666666,
        0.8333333333333333,
        0.8160000000000001,
        0.7966666666666666,
        0.8133333333333335,
        0.6933333333333334,
        0.728,
        0.91,
        0.728,
        0.6888888888888888
    ],
    "GreedyTotal":[
        0.3155555555555556,
        0.11111111111111112,
        0.41333333333333333,
        0.38,
        0.15333333333333332,
        0.5422222222222223,
        0.37333333333333335,
        0.48266666666666663,
        0.32666666666666666,
        0.29866666666666664,
        0.36266666666666664,
        0.42400000000000004,
        0.368,
        0.29,
        0.43333333333333335,
        0.4433333333333334,
        0.05333333333333334,
        0.5866666666666667,
        0.8066666666666666,
        0.4977777777777778,
        0.07333333333333333,
        0.39733333333333337,
        0.32333333333333336,
        0.5786666666666667,
        0.5733333333333334,
        0.32,
        0.22333333333333333,
        0.22666666666666666,
        0.5039999999999999,
        0.2533333333333333,
        0.08666666666666667,
        0.2613333333333333,
        0.368,
        0.19333333333333333,
        0.4733333333333334,
        0.5155555555555554,
        0.4733333333333334,
        0.6177777777777779,
        0.4844444444444444,
        0.5599999999999999,
        0.6488888888888888,
        0.6833333333333333,
        0.6311111111111111,
        0.2906666666666667,
        0.6533333333333333,
        0.4666666666666666,
        0.49,
        0.20266666666666663,
        0.4266666666666667,
        0.32333333333333336,
        0.43200000000000005,
        0.23111111111111113,
        0.6733333333333333,
        0.4613333333333333,
        0.18666666666666668,
        0.3422222222222222,
        0.4666666666666667,
        0.45999999999999996,
        0.2506666666666667,
        0.4053333333333334,
        0.2488888888888889,
        0.41666666666666663,
        0.5573333333333332,
        0.6833333333333333,
        0.25666666666666665,
        0.4693333333333333,
        0.4066666666666667,
        0.5533333333333333,
        0.5546666666666666,
        0.45666666666666667,
        0.59,
        0.10333333333333333,
        0.40266666666666673,
        0.35333333333333333,
        0.36533333333333334,
        0.3244444444444445
    ]
}