{
    "ARTMaxMin":[
        0.791111111111111,
        0.4711111111111111,
        0.7666666666666666,
        0.7666666666666667,
        0.3833333333333333,
        0.6088888888888889,
        0.63,
        0.5973333333333334,
        0.5233333333333333,
        0.5706666666666667,
        0.7466666666666667,
        0.632,
        0.696,
        0.5933333333333334,
        0.6233333333333333,
        0.7266666666666667,
        0.92,
        0.5066666666666667,
        0.68,
        0.7022222222222222,
        0.7833333333333333,
        0.8320000000000001,
        0.8,
        0.5226666666666667,
        0.5866666666666667,
        0.7733333333333333,
        0.48000000000000004,
        0.5493333333333333,
        0.4533333333333333,
        0.62,
        0.41666666666666663,
        0.5866666666666667,
        0.4693333333333333,
        0.49,
        0.66,
        0.7333333333333334,
        0.6433333333333333,
        0.7466666666666667,
        0.6222222222222222,
        0.8666666666666666,
        0.6177777777777779,
        0.78,
        0.6133333333333334,
        0.7333333333333334,
        0.7333333333333333,
        0.6466666666666667,
        0.6966666666666667,
        0.2693333333333333,
        0.88,
        0.49333333333333335,
        0.6799999999999999,
        0.9066666666666667,
        0.8133333333333334,
        0.5733333333333334,
        0.5377777777777778,
        0.43555555555555553,
        0.6866666666666666,
        0.7266666666666668,
        0.8293333333333333,
        0.6026666666666667,
        0.5422222222222223,
        0.6333333333333333,
        0.5413333333333333,
        0.6333333333333333,
        0.8200000000000001,
        0.6559999999999999,
        0.9,
        0.68,
        0.8,
        0.35,
        0.5700000000000001,
        0.36333333333333334,
        0.76,
        0.9,
        0.6719999999999999,
        0.688888888888889
    ],
    "Genetic":[
        0.6,
        0.5866666666666667,
        0.75,
        0.6533333333333333,
        0.61,
        0.6266666666666666,
        0.5933333333333333,
        0.6106666666666666,
        0.6233333333333334,
        0.5946666666666667,
        0.6266666666666667,
        0.8560000000000001,
        0.6666666666666667,
        0.6200000000000001,
        0.6433333333333333,
        0.71,
        0.22666666666666666,
        0.7166666666666666,
        0.7733333333333333,
        0.8088888888888889,
        0.5366666666666666,
        0.808,
        0.6566666666666666,
        0.6053333333333333,
        0.7599999999999999,
        0.49333333333333335,
        0.5766666666666667,
        0.712,
        0.6719999999999999,
        0.6566666666666666,
        0.6266666666666667,
        0.4693333333333333,
        0.632,
        0.44000000000000006,
        0.8266666666666667,
        0.48,
        0.5633333333333332,
        0.8044444444444444,
        0.5333333333333333,
        0.7333333333333334,
        0.688888888888889,
        0.71,
        0.7555555555555555,
        0.5333333333333334,
        0.7466666666666667,
        0.44,
        0.6699999999999999,
        0.6373333333333334,
        0.72,
        0.67,
        0.6266666666666667,
        0.5333333333333333,
        0.8733333333333333,
        0.6613333333333333,
        0.6711111111111112,
        0.5377777777777778,
        0.8400000000000001,
        0.8400000000000001,
        0.688,
        0.5599999999999999,
        0.6844444444444444,
        0.43333333333333335,
        0.752,
        0.6799999999999999,
        0.57,
        0.712,
        0.74,
        0.7733333333333333,
        0.768,
        0.48333333333333334,
        0.6766666666666667,
        0.6599999999999999,
        0.744,
        0.6833333333333333,
        0.5493333333333335,
        0.6355555555555555
    ],
    "GreedyAdditional":[
        0.41333333333333333,
        0.31555555555555553,
        0.5266666666666666,
        0.48666666666666664,
        0.35333333333333333,
        0.3822222222222222,
        0.39999999999999997,
        0.4159999999999999,
        0.42333333333333334,
        0.28,
        0.4613333333333333,
        0.5866666666666667,
        0.49066666666666664,
        0.5033333333333333,
        0.4766666666666666,
        0.43,
        0.28,
        0.32999999999999996,
        0.5,
        0.5066666666666667,
        0.31666666666666665,
        0.5733333333333334,
        0.4733333333333333,
        0.40533333333333327,
        0.40444444444444444,
        0.38333333333333336,
        0.42333333333333334,
        0.44266666666666665,
        0.5093333333333334,
        0.36333333333333334,
        0.4066666666666667,
        0.32799999999999996,
        0.312,
        0.38666666666666666,
        0.4666666666666667,
        0.4222222222222222,
        0.4966666666666667,
        0.5377777777777778,
        0.3244444444444445,
        0.7111111111111111,
        0.5688888888888889,
        0.5566666666666666,
        0.4266666666666667,
        0.36533333333333334,
        0.5866666666666667,
        0.3666666666666667,
        0.46,
        0.32,
        0.37333333333333335,
        0.42666666666666664,
        0.4666666666666666,
        0.4488888888888889,
        0.6000000000000001,
        0.35733333333333334,
        0.3555555555555556,
        0.46666666666666673,
        0.5766666666666667,
        0.5599999999999999,
        0.472,
        0.4133333333333333,
        0.3955555555555556,
        0.39666666666666667,
        0.4533333333333333,
        0.5066666666666666,
        0.37333333333333335,
        0.5333333333333333,
        0.7333333333333334,
        0.44666666666666666,
        0.6826666666666666,
        0.30666666666666664,
        0.4666666666666666,
        0.35333333333333333,
        0.4666666666666667,
        0.5033333333333334,
        0.3706666666666667,
        0.39111111111111113
    ],
    "GreedyTotal":[
        0.21777777777777776,
        0.28444444444444444,
        0.27,
        0.44,
        0.21666666666666667,
        0.39999999999999997,
        0.24333333333333335,
        0.2853333333333333,
        0.31333333333333335,
        0.16,
        0.3813333333333333,
        0.43466666666666665,
        0.33066666666666666,
        0.3433333333333333,
        0.39666666666666667,
        0.21333333333333335,
        0.18666666666666668,
        0.33,
        0.38666666666666666,
        0.3022222222222222,
        0.14333333333333334,
        0.4693333333333333,
        0.33666666666666667,
        0.3306666666666667,
        0.37777777777777777,
        0.25666666666666665,
        0.20666666666666667,
        0.2586666666666667,
        0.47733333333333333,
        0.19,
        0.22666666666666668,
        0.32,
        0.26666666666666666,
        0.20999999999999996,
        0.4666666666666667,
        0.35111111111111115,
        0.2833333333333333,
        0.43111111111111117,
        0.21333333333333337,
        0.52,
        0.528888888888889,
        0.4,
        0.2888888888888889,
        0.25866666666666666,
        0.5786666666666667,
        0.2966666666666667,
        0.35,
        0.15999999999999998,
        0.10666666666666667,
        0.35333333333333333,
        0.3626666666666667,
        0.2577777777777778,
        0.45,
        0.32,
        0.16444444444444442,
        0.2088888888888889,
        0.39666666666666667,
        0.49,
        0.27466666666666667,
        0.23466666666666666,
        0.14666666666666664,
        0.32,
        0.376,
        0.4966666666666667,
        0.26666666666666666,
        0.4053333333333334,
        0.5866666666666667,
        0.35333333333333333,
        0.48,
        0.26,
        0.46,
        0.2633333333333333,
        0.32533333333333336,
        0.32999999999999996,
        0.29866666666666664,
        0.2933333333333333
    ]
}