{
    "ARTMaxMin":[
        0.7955555555555556,
        0.32,
        0.8999999999999999,
        0.64,
        0.6466666666666667,
        0.5911111111111111,
        0.7066666666666667,
        0.5866666666666667,
        0.5766666666666667,
        0.504,
        0.632,
        0.784,
        0.6586666666666667,
        0.8033333333333333,
        0.6333333333333333,
        0.79,
        0.6133333333333333,
        0.57,
        0.7066666666666667,
        0.9066666666666667,
        0.3466666666666667,
        0.7386666666666667,
        0.6900000000000001,
        0.5173333333333333,
        0.6222222222222222,
        0.7699999999999999,
        0.6599999999999999,
        0.6506666666666666,
        0.6293333333333334,
        0.6266666666666667,
        0.6833333333333332,
        0.6506666666666666,
        0.49333333333333335,
        0.4033333333333333,
        0.64,
        0.5111111111111111,
        0.72,
        0.7022222222222222,
        0.5066666666666667,
        0.7422222222222222,
        0.3288888888888889,
        0.77,
        0.6755555555555555,
        0.6346666666666667,
        0.6506666666666667,
        0.5866666666666667,
        0.7233333333333334,
        0.5573333333333333,
        0.84,
        0.59,
        0.5493333333333332,
        0.7955555555555556,
        0.6066666666666667,
        0.576,
        0.5244444444444444,
        0.6311111111111111,
        0.7966666666666667,
        0.6333333333333333,
        0.7306666666666667,
        0.712,
        0.7822222222222223,
        0.48666666666666664,
        0.5893333333333334,
        0.7566666666666666,
        0.75,
        0.8426666666666668,
        0.6733333333333333,
        0.7066666666666667,
        0.7813333333333333,
        0.48666666666666664,
        0.5533333333333333,
        0.45999999999999996,
        0.8400000000000001,
        0.8999999999999999,
        0.6693333333333333,
        0.7555555555555555
    ],
    "Genetic":[
        0.6444444444444444,
        0.29333333333333333,
        0.8033333333333332,
        0.5,
        0.5800000000000001,
        0.5022222222222222,
        0.72,
        0.5946666666666667,
        0.5800000000000001,
        0.48533333333333334,
        0.584,
        0.7413333333333333,
        0.6453333333333333,
        0.55,
        0.55,
        0.7166666666666667,
        0.48,
        0.3933333333333333,
        0.64,
        0.8844444444444445,
        0.4333333333333333,
        0.6346666666666667,
        0.5266666666666667,
        0.728,
        0.7111111111111112,
        0.48,
        0.5433333333333333,
        0.6719999999999999,
        0.696,
        0.56,
        0.4933333333333333,
        0.52,
        0.4213333333333333,
        0.36,
        0.6066666666666667,
        0.6311111111111111,
        0.6566666666666667,
        0.648888888888889,
        0.7466666666666667,
        0.6755555555555556,
        0.6844444444444444,
        0.8566666666666667,
        0.7155555555555555,
        0.4533333333333333,
        0.7146666666666667,
        0.5533333333333333,
        0.79,
        0.5066666666666666,
        0.84,
        0.5966666666666667,
        0.6426666666666667,
        0.64,
        0.7466666666666668,
        0.43200000000000005,
        0.5777777777777777,
        0.7022222222222222,
        0.79,
        0.6266666666666667,
        0.48,
        0.6186666666666667,
        0.6311111111111111,
        0.6066666666666667,
        0.5786666666666667,
        0.5399999999999999,
        0.5066666666666667,
        0.736,
        0.7133333333333334,
        0.5866666666666667,
        0.6799999999999999,
        0.64,
        0.65,
        0.39999999999999997,
        0.6746666666666666,
        0.6833333333333333,
        0.5173333333333334,
        0.48444444444444446
    ],
    "GreedyAdditional":[
        0.6533333333333333,
        0.31555555555555553,
        0.79,
        0.44666666666666666,
        0.5566666666666666,
        0.5555555555555555,
        0.7166666666666668,
        0.608,
        0.5366666666666666,
        0.4693333333333333,
        0.5973333333333334,
        0.7626666666666667,
        0.584,
        0.6000000000000001,
        0.59,
        0.6933333333333332,
        0.44,
        0.42999999999999994,
        0.6466666666666666,
        0.8799999999999999,
        0.52,
        0.6613333333333333,
        0.5433333333333333,
        0.7439999999999999,
        0.688888888888889,
        0.4733333333333334,
        0.73,
        0.712,
        0.6746666666666666,
        0.6166666666666667,
        0.5066666666666667,
        0.5466666666666666,
        0.37066666666666664,
        0.4100000000000001,
        0.64,
        0.6311111111111111,
        0.58,
        0.64,
        0.7688888888888888,
        0.6666666666666666,
        0.7022222222222222,
        0.8433333333333334,
        0.6577777777777777,
        0.48,
        0.736,
        0.5633333333333334,
        0.77,
        0.4960000000000001,
        0.8,
        0.6033333333333333,
        0.7066666666666667,
        0.6222222222222222,
        0.7266666666666666,
        0.4293333333333333,
        0.6444444444444445,
        0.7066666666666667,
        0.8166666666666667,
        0.6433333333333333,
        0.4933333333333333,
        0.616,
        0.6311111111111112,
        0.5066666666666667,
        0.5893333333333334,
        0.55,
        0.5233333333333333,
        0.7626666666666666,
        0.7066666666666667,
        0.6133333333333333,
        0.672,
        0.6799999999999999,
        0.66,
        0.4133333333333333,
        0.664,
        0.69,
        0.5466666666666666,
        0.5199999999999999
    ],
    "GreedyTotal":[
        0.3377777777777778,
        0.15111111111111108,
        0.31333333333333335,
        0.38666666666666666,
        0.17666666666666667,
        0.3688888888888889,
        0.31666666666666665,
        0.392,
        0.35,
        0.29333333333333333,
        0.392,
        0.4666666666666666,
        0.40800000000000003,
        0.2733333333333333,
        0.42000000000000004,
        0.4333333333333333,
        0.04,
        0.22000000000000003,
        0.32666666666666666,
        0.43111111111111117,
        0.11333333333333334,
        0.48266666666666663,
        0.26666666666666666,
        0.4986666666666667,
        0.46222222222222226,
        0.13666666666666666,
        0.16333333333333333,
        0.2826666666666667,
        0.5226666666666666,
        0.3033333333333333,
        0.11,
        0.336,
        0.21600000000000003,
        0.16666666666666666,
        0.48666666666666664,
        0.5022222222222222,
        0.39666666666666667,
        0.37777777777777777,
        0.5333333333333333,
        0.5777777777777777,
        0.6088888888888889,
        0.6633333333333333,
        0.5866666666666666,
        0.16266666666666665,
        0.6693333333333333,
        0.37000000000000005,
        0.33666666666666667,
        0.2053333333333333,
        0.26666666666666666,
        0.3066666666666667,
        0.40800000000000003,
        0.18222222222222226,
        0.49999999999999994,
        0.4666666666666666,
        0.1688888888888889,
        0.28444444444444444,
        0.39666666666666667,
        0.43,
        0.336,
        0.2693333333333333,
        0.26666666666666666,
        0.43000000000000005,
        0.3786666666666667,
        0.69,
        0.3666666666666667,
        0.4373333333333334,
        0.42,
        0.2,
        0.44000000000000006,
        0.43666666666666665,
        0.61,
        0.20333333333333334,
        0.5413333333333333,
        0.31,
        0.29333333333333333,
        0.21777777777777776
    ]
}