{
    "AdditionalTotal":[
        0.20803782505910165,
        0.13711583924349882,
        0.18617021276595747,
        0.24468085106382978,
        0.13652482269503544,
        0.16784869976359337,
        0.16046099290780141,
        0.18297872340425533,
        0.20301418439716312,
        0.14609929078014186,
        0.17163120567375884,
        0.21347517730496451,
        0.21134751773049648,
        0.17819148936170212,
        0.2127659574468085,
        0.17730496453900707,
        0.20212765957446807,
        0.18882978723404256,
        0.19148936170212766,
        0.2033096926713948,
        0.0975177304964539,
        0.20638297872340425,
        0.20567375886524825,
        0.1574468085106383,
        0.13238770685579196,
        0.15159574468085107,
        0.17198581560283688,
        0.18226950354609928,
        0.16737588652482266,
        0.14716312056737588,
        0.15159574468085105,
        0.14680851063829786,
        0.19361702127659575,
        0.1631205673758865,
        0.22872340425531917,
        0.1773049645390071,
        0.20301418439716312,
        0.19503546099290778,
        0.1524822695035461,
        0.23286052009456268,
        0.15721040189125293,
        0.2154255319148936,
        0.13238770685579196,
        0.16879432624113475,
        0.20921985815602837,
        0.14450354609929078,
        0.1631205673758865,
        0.11205673758865249,
        0.1524822695035461,
        0.17907801418439717,
        0.15390070921985816,
        0.19739952718676124,
        0.18351063829787234,
        0.15390070921985816,
        0.14184397163120566,
        0.14775413711583923,
        0.21631205673758866,
        0.20390070921985815,
        0.20283687943262413,
        0.14680851063829786,
        0.18321513002364065,
        0.19148936170212763,
        0.17304964539007092,
        0.16046099290780141,
        0.15780141843971632,
        0.1900709219858156,
        0.1879432624113475,
        0.19148936170212766,
        0.2276595744680851,
        0.13652482269503546,
        0.1631205673758865,
        0.1471631205673759,
        0.18794326241134754,
        0.21187943262411346,
        0.18226950354609928,
        0.20094562647754136
    ],
    "GreedyAdditional":[
        0.7066666666666667,
        0.68,
        0.8966666666666666,
        0.5866666666666667,
        0.6733333333333333,
        0.7377777777777778,
        0.8333333333333334,
        0.7466666666666667,
        0.7633333333333334,
        0.656,
        0.7706666666666667,
        0.8800000000000001,
        0.6506666666666667,
        0.85,
        0.8666666666666667,
        0.7933333333333334,
        0.88,
        0.6733333333333333,
        0.8333333333333333,
        0.9111111111111111,
        0.59,
        0.8213333333333332,
        0.8533333333333333,
        0.7946666666666667,
        0.7644444444444445,
        0.7666666666666667,
        0.7000000000000001,
        0.7466666666666668,
        0.768,
        0.7633333333333333,
        0.84,
        0.64,
        0.5946666666666667,
        0.65,
        0.88,
        0.8133333333333334,
        0.71,
        0.831111111111111,
        0.5244444444444444,
        0.8977777777777778,
        0.6755555555555556,
        0.9133333333333333,
        0.6977777777777777,
        0.768,
        0.8560000000000001,
        0.7400000000000001,
        0.66,
        0.6666666666666667,
        0.7733333333333333,
        0.76,
        0.8,
        0.9377777777777778,
        0.7866666666666667,
        0.7173333333333333,
        0.831111111111111,
        0.8533333333333334,
        0.9233333333333333,
        0.8466666666666667,
        0.8426666666666666,
        0.7786666666666667,
        0.7999999999999999,
        0.6800000000000002,
        0.7946666666666667,
        0.7466666666666667,
        0.7833333333333333,
        0.8160000000000001,
        0.7466666666666666,
        0.8333333333333333,
        0.8160000000000001,
        0.7966666666666666,
        0.8133333333333335,
        0.6933333333333334,
        0.728,
        0.91,
        0.728,
        0.6888888888888888
    ],
    "GreedyAdditionalNew":[
        0.6311111111111111,
        0.7288888888888888,
        0.7933333333333334,
        0.5933333333333334,
        0.5566666666666666,
        0.7466666666666666,
        0.74,
        0.7493333333333333,
        0.49,
        0.4773333333333333,
        0.7466666666666667,
        0.7813333333333334,
        0.624,
        0.6399999999999999,
        0.5633333333333334,
        0.7699999999999999,
        0.8933333333333333,
        0.7466666666666667,
        0.88,
        0.7200000000000001,
        0.33000000000000007,
        0.8480000000000001,
        0.8566666666666666,
        0.784,
        0.7688888888888888,
        0.7233333333333333,
        0.6000000000000001,
        0.5546666666666666,
        0.7093333333333333,
        0.37000000000000005,
        0.5766666666666667,
        0.488,
        0.6613333333333333,
        0.4633333333333333,
        0.8533333333333333,
        0.8355555555555556,
        0.5333333333333333,
        0.7733333333333334,
        0.5911111111111111,
        0.8355555555555556,
        0.7200000000000001,
        0.79,
        0.7466666666666667,
        0.736,
        0.8373333333333333,
        0.7766666666666667,
        0.7999999999999999,
        0.3946666666666667,
        0.52,
        0.71,
        0.512,
        0.8844444444444445,
        0.8066666666666668,
        0.6586666666666666,
        0.24444444444444444,
        0.4977777777777777,
        0.8499999999999999,
        0.8900000000000001,
        0.8480000000000001,
        0.736,
        0.7244444444444444,
        0.7066666666666667,
        0.784,
        0.57,
        0.75,
        0.6666666666666667,
        0.7866666666666666,
        0.88,
        0.8533333333333333,
        0.5433333333333333,
        0.81,
        0.6833333333333333,
        0.5146666666666666,
        0.82,
        0.7706666666666667,
        0.7377777777777778
    ],