{
    "AdditionalTotal":[
        0.7777777777777777,
        0.5733333333333334,
        0.8666666666666667,
        0.7866666666666666,
        0.6933333333333334,
        0.6533333333333333,
        0.7166666666666668,
        0.672,
        0.8633333333333333,
        0.7120000000000001,
        0.624,
        0.8986666666666666,
        0.8133333333333332,
        0.7233333333333334,
        0.8600000000000001,
        0.6966666666666667,
        0.6533333333333333,
        0.76,
        0.8066666666666666,
        0.8933333333333332,
        0.6033333333333333,
        0.7946666666666667,
        0.7833333333333333,
        0.6346666666666667,
        0.6444444444444445,
        0.6699999999999999,
        0.7966666666666666,
        0.8666666666666666,
        0.7253333333333334,
        0.8033333333333332,
        0.8366666666666667,
        0.5973333333333334,
        0.752,
        0.63,
        0.8733333333333333,
        0.6133333333333334,
        0.7933333333333333,
        0.8044444444444444,
        0.6177777777777779,
        0.831111111111111,
        0.6,
        0.8533333333333334,
        0.6133333333333334,
        0.6613333333333334,
        0.7786666666666667,
        0.5366666666666667,
        0.5633333333333334,
        0.6613333333333333,
        0.72,
        0.72,
        0.7333333333333333,
        0.8488888888888889,
        0.7366666666666667,
        0.6453333333333333,
        0.8533333333333334,
        0.8044444444444444,
        0.9133333333333333,
        0.8266666666666667,
        0.7786666666666667,
        0.7306666666666667,
        0.7599999999999999,
        0.64,
        0.792,
        0.6233333333333333,
        0.6733333333333333,
        0.8240000000000001,
        0.8133333333333334,
        0.8066666666666666,
        0.8346666666666668,
        0.6,
        0.7000000000000001,
        0.7233333333333334,
        0.7573333333333334,
        0.8866666666666667,
        0.7226666666666667,
        0.8133333333333335
    ],
    "GreedyAdditional":[
        0.41333333333333333,
        0.31555555555555553,
        0.5266666666666666,
        0.48666666666666664,
        0.35333333333333333,
        0.3822222222222222,
        0.39999999999999997,
        0.4159999999999999,
        0.42333333333333334,
        0.28,
        0.4613333333333333,
        0.5866666666666667,
        0.49066666666666664,
        0.5033333333333333,
        0.4766666666666666,
        0.43,
        0.28,
        0.32999999999999996,
        0.5,
        0.5066666666666667,
        0.31666666666666665,
        0.5733333333333334,
        0.4733333333333333,
        0.40533333333333327,
        0.40444444444444444,
        0.38333333333333336,
        0.42333333333333334,
        0.44266666666666665,
        0.5093333333333334,
        0.36333333333333334,
        0.4066666666666667,
        0.32799999999999996,
        0.312,
        0.38666666666666666,
        0.4666666666666667,
        0.4222222222222222,
        0.4966666666666667,
        0.5377777777777778,
        0.3244444444444445,
        0.7111111111111111,
        0.5688888888888889,
        0.5566666666666666,
        0.4266666666666667,
        0.36533333333333334,
        0.5866666666666667,
        0.3666666666666667,
        0.46,
        0.32,
        0.37333333333333335,
        0.42666666666666664,
        0.4666666666666666,
        0.4488888888888889,
        0.6000000000000001,
        0.35733333333333334,
        0.3555555555555556,
        0.46666666666666673,
        0.5766666666666667,
        0.5599999999999999,
        0.472,
        0.4133333333333333,
        0.3955555555555556,
        0.39666666666666667,
        0.4533333333333333,
        0.5066666666666666,
        0.37333333333333335,
        0.5333333333333333,
        0.7333333333333334,
        0.44666666666666666,
        0.6826666666666666,
        0.30666666666666664,
        0.4666666666666666,
        0.35333333333333333,
        0.4666666666666667,
        0.5033333333333334,
        0.3706666666666667,
        0.39111111111111113
    ],
    "GreedyAdditionalNew":[
        0.4266666666666667,
        0.3688888888888889,
        0.5633333333333334,
        0.6333333333333333,
        0.4266666666666667,
        0.45777777777777784,
        0.42333333333333334,
        0.37333333333333335,
        0.3,
        0.31200000000000006,
        0.48533333333333334,
        0.6293333333333333,
        0.49866666666666665,
        0.4533333333333333,
        0.3833333333333333,
        0.4233333333333334,
        0.29333333333333333,
        0.4066666666666666,
        0.5466666666666666,
        0.5466666666666666,
        0.19333333333333333,
        0.576,
        0.4833333333333333,
        0.4106666666666666,
        0.44,
        0.44666666666666666,
        0.3566666666666667,
        0.41866666666666674,
        0.528,
        0.24666666666666667,
        0.34,
        0.29333333333333333,
        0.336,
        0.37,
        0.5466666666666666,
        0.4177777777777778,
        0.45666666666666667,
        0.5644444444444444,
        0.37333333333333335,
        0.6444444444444445,
        0.5777777777777778,
        0.5833333333333334,
        0.43111111111111117,
        0.38666666666666666,
        0.608,
        0.4,
        0.5233333333333333,
        0.29066666666666663,
        0.4,
        0.44999999999999996,
        0.34933333333333333,
        0.5111111111111111,
        0.6166666666666667,
        0.4,
        0.18666666666666665,
        0.49333333333333335,
        0.6333333333333333,
        0.5966666666666667,
        0.5066666666666666,
        0.48533333333333334,
        0.3955555555555555,
        0.34333333333333327,
        0.4826666666666667,
        0.5,
        0.44,
        0.552,
        0.7733333333333333,
        0.5133333333333334,
        0.6293333333333333,
        0.20666666666666667,
        0.48333333333333334,
        0.4,
        0.4826666666666667,
        0.58,
        0.4373333333333333,
        0.48
    ],
    "GreedyTotal":[
        0.21777777777777776,
        0.28444444444444444,
        0.27,
        0.44,
        0.21666666666666667,
        0.39999999999999997,
        0.24333333333333335,
        0.2853333333333333,
        0.31333333333333335,
        0.16,
        0.3813333333333333,
        0.43466666666666665,
        0.33066666666666666,
        0.3433333333333333,
        0.39666666666666667,
        0.21333333333333335,
        0.18666666666666668,
        0.33,
        0.38666666666666666,
        0.3022222222222222,
        0.14333333333333334,
        0.4693333333333333,
        0.33666666666666667,
        0.3306666666666667,
        0.37777777777777777,
        0.25666666666666665,
        0.20666666666666667,
        0.2586666666666667,
        0.47733333333333333,
        0.19,
        0.22666666666666668,
        0.32,
        0.26666666666666666,
        0.20999999999999996,
        0.4666666666666667,
        0.35111111111111115,
        0.2833333333333333,
        0.43111111111111117,
        0.21333333333333337,
        0.52,
        0.528888888888889,
        0.4,
        0.2888888888888889,
        0.25866666666666666,
        0.5786666666666667,
        0.2966666666666667,
        0.35,
        0.15999999999999998,
        0.10666666666666667,
        0.35333333333333333,
        0.3626666666666667,
        0.2577777777777778,
        0.45,
        0.32,
        0.16444444444444442,
        0.2088888888888889,
        0.39666666666666667,
        0.49,
        0.27466666666666667,
        0.23466666666666666,
        0.14666666666666664,
        0.32,
        0.376,
        0.4966666666666667,
        0.26666666666666666,
        0.4053333333333334,
        0.5866666666666667,
        0.35333333333333333,
        0.48,
        0.26,
        0.46,
        0.2633333333333333,
        0.32533333333333336,
        0.32999999999999996,
        0.29866666666666664,
        0.2933333333333333
    ]
}