{
    "AdditionalTotal":[
        0.04545454545454545,
        0.03310886644219978,
        0.04503367003367003,
        0.058922558922558925,
        0.03282828282828283,
        0.03675645342312009,
        0.03893097643097643,
        0.044276094276094274,
        0.0422979797979798,
        0.03518518518518519,
        0.04141414141414142,
        0.04932659932659932,
        0.04276094276094276,
        0.043139730639730645,
        0.05134680134680135,
        0.04292929292929293,
        0.04882154882154882,
        0.04208754208754208,
        0.046296296296296294,
        0.04545454545454545,
        0.023358585858585856,
        0.049831649831649824,
        0.04966329966329966,
        0.038215488215488216,
        0.03198653198653199,
        0.036616161616161616,
        0.041456228956228955,
        0.041245791245791245,
        0.0404040404040404,
        0.03556397306397307,
        0.036616161616161616,
        0.03265993265993266,
        0.03855218855218855,
        0.039351851851851846,
        0.04966329966329966,
        0.04292929292929293,
        0.03956228956228956,
        0.04713804713804714,
        0.03226711560044893,
        0.05611672278338945,
        0.038159371492704826,
        0.04924242424242424,
        0.03198653198653199,
        0.04074074074074074,
        0.04831649831649832,
        0.03493265993265993,
        0.03935185185185185,
        0.02710437710437711,
        0.037037037037037035,
        0.0404040404040404,
        0.0372053872053872,
        0.04769921436588104,
        0.0444023569023569,
        0.034848484848484844,
        0.03423120089786757,
        0.03591470258136925,
        0.04945286195286195,
        0.04924242424242424,
        0.048989898989898986,
        0.035521885521885524,
        0.044332210998877665,
        0.03956228956228956,
        0.04175084175084175,
        0.03598484848484849,
        0.03808922558922559,
        0.0436026936026936,
        0.045454545454545456,
        0.046296296296296294,
        0.054882154882154886,
        0.03324915824915825,
        0.03935185185185185,
        0.03556397306397306,
        0.04259259259259259,
        0.048400673400673395,
        0.04124579124579124,
        0.043771043771043766
    ],
    "GreedyAdditional":[
        0.6533333333333333,
        0.31555555555555553,
        0.79,
        0.44666666666666666,
        0.5566666666666666,
        0.5555555555555555,
        0.7166666666666668,
        0.608,
        0.5366666666666666,
        0.4693333333333333,
        0.5973333333333334,
        0.7626666666666667,
        0.584,
        0.6000000000000001,
        0.59,
        0.6933333333333332,
        0.44,
        0.42999999999999994,
        0.6466666666666666,
        0.8799999999999999,
        0.52,
        0.6613333333333333,
        0.5433333333333333,
        0.7439999999999999,
        0.688888888888889,
        0.4733333333333334,
        0.73,
        0.712,
        0.6746666666666666,
        0.6166666666666667,
        0.5066666666666667,
        0.5466666666666666,
        0.37066666666666664,
        0.4100000000000001,
        0.64,
        0.6311111111111111,
        0.58,
        0.64,
        0.7688888888888888,
        0.6666666666666666,
        0.7022222222222222,
        0.8433333333333334,
        0.6577777777777777,
        0.48,
        0.736,
        0.5633333333333334,
        0.77,
        0.4960000000000001,
        0.8,
        0.6033333333333333,
        0.7066666666666667,
        0.6222222222222222,
        0.7266666666666666,
        0.4293333333333333,
        0.6444444444444445,
        0.7066666666666667,
        0.8166666666666667,
        0.6433333333333333,
        0.4933333333333333,
        0.616,
        0.6311111111111112,
        0.5066666666666667,
        0.5893333333333334,
        0.55,
        0.5233333333333333,
        0.7626666666666666,
        0.7066666666666667,
        0.6133333333333333,
        0.672,
        0.6799999999999999,
        0.66,
        0.4133333333333333,
        0.664,
        0.69,
        0.5466666666666666,
        0.5199999999999999
    ],
    "GreedyAdditionalNew":[
        0.6711111111111112,
        0.3466666666666667,
        0.8033333333333332,
        0.44,
        0.5766666666666667,
        0.5777777777777778,
        0.73,
        0.6666666666666666,
        0.49,
        0.37333333333333335,
        0.6239999999999999,
        0.7626666666666667,
        0.5973333333333333,
        0.6133333333333334,
        0.5166666666666667,
        0.7133333333333333,
        0.4666666666666667,
        0.48,
        0.6799999999999999,
        0.8622222222222223,
        0.29000000000000004,
        0.6826666666666666,
        0.58,
        0.752,
        0.7111111111111111,
        0.49333333333333335,
        0.7233333333333333,
        0.7306666666666666,
        0.6693333333333333,
        0.5066666666666667,
        0.5433333333333332,
        0.5759999999999998,
        0.4213333333333334,
        0.3033333333333334,
        0.64,
        0.64,
        0.5933333333333333,
        0.6622222222222222,
        0.7733333333333334,
        0.68,
        0.7111111111111111,
        0.8300000000000001,
        0.6755555555555556,
        0.5226666666666666,
        0.736,
        0.5766666666666667,
        0.7633333333333333,
        0.52,
        0.8,
        0.5933333333333334,
        0.616,
        0.648888888888889,
        0.7366666666666666,
        0.4373333333333333,
        0.49333333333333335,
        0.7377777777777778,
        0.8099999999999999,
        0.6766666666666666,
        0.5253333333333334,
        0.6346666666666667,
        0.6577777777777778,
        0.5266666666666666,
        0.5573333333333333,
        0.55,
        0.5533333333333333,
        0.7546666666666667,
        0.7266666666666666,
        0.6466666666666667,
        0.7253333333333334,
        0.6933333333333332,
        0.6766666666666666,
        0.4566666666666668,
        0.6746666666666666,
        0.6933333333333334,
        0.576,
        0.5555555555555555
    ],