{
    "ARTMaxMin":[
        0.90625,
        0.86875,
        0.73125,
        0.64375,
        0.65625,
        0.79375,
        0.74375,
        0.78125,
        0.84375,
        0.90625,
        0.76875,
        0.94375,
        0.91875,
        0.76875,
        0.88125,
        0.61875,
        0.86875,
        0.80625,
        0.83125,
        0.89375
    ],
    "Genetic":[
        0.74375,
        0.90625,
        0.90625,
        0.61875,
        0.91875,
        0.81875,
        0.88125,
        0.94375,
        0.83125,
        0.84375,
        0.84375,
        0.89375,
        0.94375,
        0.84375,
        0.90625,
        0.86875,
        0.78125,
        0.55625,
        0.86875,
        0.86875
    ],
    "GreedyAdditional":[
        0.68125,
        0.90625,
        0.93125,
        0.50625,
        0.95625,
        0.71875,
        0.84375,
        0.94375,
        0.86875,
        0.88125,
        0.93125,
        0.83125,
        0.90625,
        0.94375,
        0.88125,
        0.76875,
        0.86875,
        0.86875,
        0.88125,
        0.91875
    ],
    "GreedyTotal":[
        0.68125,
        0.90625,
        0.93125,
        0.50625,
        0.95625,
        0.71875,
        0.84375,
        0.94375,
        0.86875,
        0.88125,
        0.93125,
        0.83125,
        0.90625,
        0.94375,
        0.88125,
        0.76875,
        0.86875,
        0.86875,
        0.88125,
        0.91875
    ]
}