{
    "ARTMaxMin":[
        0.73125,
        0.74375,
        0.43125,
        0.66875,
        0.25625,
        0.83125,
        0.34375,
        0.58125,
        0.69375,
        0.90625,
        0.56875,
        0.89375,
        0.91875,
        0.56875,
        0.91875,
        0.53125,
        0.76875,
        0.75625,
        0.76875,
        0.89375
    ],
    "Genetic":[
        0.85625,
        0.90625,
        0.93125,
        0.73125,
        0.95625,
        0.73125,
        0.91875,
        0.94375,
        0.89375,
        0.86875,
        0.91875,
        0.86875,
        0.90625,
        0.93125,
        0.86875,
        0.81875,
        0.85625,
        0.80625,
        0.86875,
        0.90625
    ],
    "GreedyAdditional":[
        0.68125,
        0.90625,
        0.93125,
        0.50625,
        0.95625,
        0.71875,
        0.84375,
        0.94375,
        0.86875,
        0.88125,
        0.93125,
        0.83125,
        0.90625,
        0.94375,
        0.88125,
        0.76875,
        0.86875,
        0.86875,
        0.88125,
        0.91875
    ],
    "GreedyTotal":[
        0.68125,
        0.90625,
        0.93125,
        0.50625,
        0.95625,
        0.71875,
        0.84375,
        0.94375,
        0.86875,
        0.88125,
        0.93125,
        0.83125,
        0.90625,
        0.94375,
        0.88125,
        0.76875,
        0.86875,
        0.86875,
        0.88125,
        0.91875
    ]
}