{
    "AdditionalTotal":[
        0.68125,
        0.91875,
        0.93125,
        0.50625,
        0.94375,
        0.70625,
        0.84375,
        0.91875,
        0.86875,
        0.86875,
        0.93125,
        0.83125,
        0.88125,
        0.95625,
        0.83125,
        0.76875,
        0.91875,
        0.91875,
        0.86875,
        0.90625
    ],
    "GreedyAdditional":[
        0.68125,
        0.91875,
        0.93125,
        0.50625,
        0.94375,
        0.70625,
        0.84375,
        0.91875,
        0.86875,
        0.86875,
        0.93125,
        0.83125,
        0.88125,
        0.95625,
        0.83125,
        0.76875,
        0.91875,
        0.91875,
        0.86875,
        0.90625
    ],
    "GreedyAdditionalNew":[
        0.81875,
        0.89375,
        0.93125,
        0.65625,
        0.95625,
        0.76875,
        0.89375,
        0.94375,
        0.84375,
        0.83125,
        0.88125,
        0.85625,
        0.90625,
        0.89375,
        0.89375,
        0.89375,
        0.81875,
        0.71875,
        0.89375,
        0.86875
    ],
    "GreedyTotal":[
        0.68125,
        0.90625,
        0.93125,
        0.50625,
        0.95625,
        0.71875,
        0.84375,
        0.94375,
        0.86875,
        0.88125,
        0.93125,
        0.83125,
        0.90625,
        0.94375,
        0.88125,
        0.76875,
        0.86875,
        0.86875,
        0.88125,
        0.91875
    ]
}