{
    "AdditionalTotal":[
        0.8166666666666668,
        0.8833333333333334,
        0.9166666666666667,
        0.8166666666666668,
        0.9500000000000001,
        0.6833333333333333,
        0.65,
        0.9833333333333334,
        0.7833333333333333,
        0.9500000000000001,
        0.9166666666666667,
        0.7833333333333333,
        0.9833333333333334,
        0.8833333333333334,
        0.9833333333333334,
        0.9500000000000001,
        0.7833333333333333,
        0.7833333333333333,
        0.8833333333333334,
        0.9500000000000001
    ],
    "GreedyAdditional":[
        0.68125,
        0.90625,
        0.93125,
        0.50625,
        0.95625,
        0.71875,
        0.84375,
        0.94375,
        0.86875,
        0.88125,
        0.93125,
        0.83125,
        0.90625,
        0.94375,
        0.88125,
        0.76875,
        0.86875,
        0.86875,
        0.88125,
        0.91875
    ],
    "GreedyAdditionalNew":[
        0.64375,
        0.89375,
        0.93125,
        0.46875,
        0.94375,
        0.76875,
        0.81875,
        0.91875,
        0.83125,
        0.84375,
        0.90625,
        0.81875,
        0.88125,
        0.93125,
        0.85625,
        0.76875,
        0.89375,
        0.84375,
        0.89375,
        0.88125
    ],
    "GreedyTotal":[
        0.68125,
        0.90625,
        0.93125,
        0.50625,
        0.95625,
        0.71875,
        0.84375,
        0.94375,
        0.86875,
        0.88125,
        0.93125,
        0.83125,
        0.90625,
        0.94375,
        0.88125,
        0.76875,
        0.86875,
        0.86875,
        0.88125,
        0.91875
    ]
}