{
    "GreedyAdditionalSelection_0.0_0.0":[
        0.68125,
        0.91875,
        0.93125,
        0.50625,
        0.94375,
        0.70625,
        0.84375,
        0.91875,
        0.86875,
        0.86875,
        0.93125,
        0.83125,
        0.88125,
        0.95625,
        0.83125,
        0.76875,
        0.91875,
        0.91875,
        0.86875,
        0.90625
    ],
    "GreedyAdditionalSelection_0.0_0.05":[
        0.68125,
        0.88125,
        0.93125,
        0.49375,
        0.95625,
        0.75625,
        0.86875,
        0.94375,
        0.83125,
        0.83125,
        0.88125,
        0.84375,
        0.90625,
        0.89375,
        0.89375,
        0.78125,
        0.81875,
        0.60625,
        0.89375,
        0.86875
    ],
    "GreedyAdditionalSelection_0.0_0.1":[
        0.70625,
        0.90625,
        0.93125,
        0.54375,
        0.95625,
        0.75625,
        0.86875,
        0.94375,
        0.88125,
        0.88125,
        0.93125,
        0.84375,
        0.90625,
        0.94375,
        0.88125,
        0.78125,
        0.86875,
        0.86875,
        0.88125,
        0.91875
    ],
    "GreedyAdditionalSelection_0.0_0.15":[
        0.70625,
        0.90625,
        0.93125,
        0.54375,
        0.95625,
        0.75625,
        0.86875,
        0.94375,
        0.88125,
        0.88125,
        0.93125,
        0.84375,
        0.90625,
        0.94375,
        0.88125,
        0.78125,
        0.86875,
        0.86875,
        0.88125,
        0.91875
    ],
    "GreedyAdditionalSelection_0.0_0.2":[
        0.70625,
        0.90625,
        0.93125,
        0.54375,
        0.95625,
        0.75625,
        0.86875,
        0.94375,
        0.88125,
        0.88125,
        0.93125,
        0.84375,
        0.90625,
        0.94375,
        0.88125,
        0.78125,
        0.86875,
        0.86875,
        0.88125,
        0.91875
    ],
    "GreedyAdditionalSelection_0.0_0.25":[
        0.69375,
        0.90625,
        0.93125,
        0.54375,
        0.95625,
        0.68125,
        0.84375,
        0.94375,
        0.86875,
        0.88125,
        0.93125,
        0.83125,
        0.90625,
        0.94375,
        0.88125,
        0.78125,
        0.86875,
        0.86875,
        0.88125,
        0.91875
    ],
    "GreedyAdditionalSelection_0.0_0.3":[
        0.68125,
        0.90625,
        0.93125,
        0.50625,
        0.95625,
        0.71875,
        0.84375,
        0.94375,
        0.86875,
        0.88125,
        0.93125,
        0.83125,
        0.90625,
        0.94375,
        0.88125,
        0.76875,
        0.86875,
        0.86875,
        0.88125,
        0.91875
    ],
    "GreedyAdditionalSelection_0.0_0.35":[
        0.68125,
        0.90625,
        0.93125,
        0.50625,
        0.95625,
        0.71875,
        0.84375,
        0.94375,
        0.86875,
        0.88125,
        0.93125,
        0.83125,
        0.90625,
        0.94375,
        0.88125,
        0.76875,
        0.86875,
        0.86875,
        0.88125,
        0.91875
    ],
    "GreedyAdditionalSelection_0.0_0.4":[
        0.68125,
        0.90625,
        0.93125,
        0.50625,
        0.95625,
        0.71875,
        0.84375,
        0.94375,
        0.86875,
        0.88125,
        0.93125,
        0.83125,
        0.90625,
        0.94375,
        0.88125,
        0.76875,
        0.86875,
        0.86875,
        0.88125,
        0.91875
    ],
    "GreedyAdditionalSelection_0.0_0.45":[
        0.68125,
        0.90625,
        0.93125,
        0.50625,
        0.95625,
        0.71875,
        0.84375,
        0.94375,
        0.86875,
        0.88125,
        0.93125,
        0.83125,
        0.90625,
        0.94375,
        0.88125,
        0.76875,
        0.86875,
        0.86875,
        0.88125,
        0.91875
    ],
    "GreedyAdditionalSelection_0.0_0.5":[
        0.68125,
        0.90625,
        0.93125,
        0.50625,
        0.95625,
        0.71875,
        0.84375,
        0.94375,
        0.86875,
        0.88125,
        0.93125,
        0.83125,
        0.90625,
        0.94375,
        0.88125,
        0.76875,
        0.86875,
        0.86875,
        0.88125,
        0.91875
    ],
    "GreedyAdditionalSelection_0.0_0.55":[
        0.68125,
        0.90625,
        0.93125,
        0.50625,
        0.95625,
        0.71875,
        0.84375,
        0.94375,
        0.86875,
        0.88125,
        0.93125,
        0.83125,
        0.90625,
        0.94375,
        0.88125,
        0.76875,
        0.86875,
        0.86875,
        0.88125,
        0.91875
    ],
    "GreedyAdditionalSelection_0.0_0.6":[
        0.68125,
        0.90625,
        0.93125,
        0.50625,
        0.95625,
        0.71875,
        0.84375,
        0.94375,
        0.86875,
        0.88125,
        0.93125,
        0.83125,
        0.90625,
        0.94375,
        0.88125,
        0.76875,
        0.86875,
        0.86875,
        0.88125,
        0.91875
    ],
    "GreedyAdditionalSelection_0.0_0.65":[
        0.68125,
        0.90625,
        0.93125,
        0.50625,
        0.95625,
        0.71875,
        0.84375,
        0.94375,
        0.86875,
        0.88125,
        0.93125,
        0.83125,
        0.90625,
        0.94375,
        0.88125,
        0.76875,
        0.86875,
        0.86875,
        0.88125,
        0.91875
    ],
    "GreedyAdditionalSelection_0.0_0.7":[
        0.68125,
        0.90625,
        0.93125,
        0.50625,
        0.95625,
        0.71875,
        0.84375,
        0.94375,
        0.86875,
        0.88125,
        0.93125,
        0.83125,
        0.90625,
        0.94375,
        0.88125,
        0.76875,
        0.86875,
        0.86875,
        0.88125,
        0.91875
    ],
    "GreedyAdditionalSelection_0.0_0.75":[
        0.68125,
        0.90625,
        0.93125,
        0.50625,
        0.95625,
        0.71875,
        0.84375,
        0.94375,
        0.86875,
        0.88125,
        0.93125,
        0.83125,
        0.90625,
        0.94375,
        0.88125,
        0.76875,
        0.86875,
        0.86875,
        0.88125,
        0.91875
    ],
    "GreedyAdditionalSelection_0.0_0.8":[
        0.68125,
        0.90625,
        0.93125,
        0.50625,
        0.95625,
        0.71875,
        0.84375,
        0.94375,
        0.86875,
        0.88125,
        0.93125,
        0.83125,
        0.90625,
        0.94375,
        0.88125,
        0.76875,
        0.86875,
        0.86875,
        0.88125,
        0.91875
    ],
    "GreedyAdditionalSelection_0.0_0.85":[
        0.68125,
        0.90625,
        0.93125,
        0.50625,
        0.95625,
        0.71875,
        0.84375,
        0.94375,
        0.86875,
        0.88125,
        0.93125,
        0.83125,
        0.90625,
        0.94375,
        0.88125,
        0.76875,
        0.86875,
        0.86875,
        0.88125,
        0.91875
    ],
    "GreedyAdditionalSelection_0.0_0.9":[
        0.68125,
        0.90625,
        0.93125,
        0.50625,
        0.95625,
        0.71875,
        0.84375,
        0.94375,
        0.86875,
        0.88125,
        0.93125,
        0.83125,
        0.90625,
        0.94375,
        0.88125,
        0.76875,
        0.86875,
        0.86875,
        0.88125,
        0.91875
    ],
    "GreedyAdditionalSelection_0.0_0.95":[
        0.68125,
        0.90625,
        0.93125,
        0.50625,
        0.95625,
        0.71875,
        0.84375,
        0.94375,
        0.86875,
        0.88125,
        0.93125,
        0.83125,
        0.90625,
        0.94375,
        0.88125,
        0.76875,
        0.86875,
        0.86875,
        0.88125,
        0.91875
    ],