{
    "AdditionalTotal":[
        0.9045977011494253,
        0.939080459770115,
        0.9252873563218391,
        0.8816091954022989,
        0.9114942528735632,
        0.906896551724138,
        0.9298850574712644,
        0.8977011494252874,
        0.9275862068965518,
        0.9114942528735632,
        0.9252873563218391,
        0.9275862068965518,
        0.8977011494252874,
        0.939080459770115,
        0.8770114942528736,
        0.906896551724138,
        0.9804597701149426,
        0.9758620689655173,
        0.9183908045977012,
        0.9114942528735632
    ],
    "GreedyAdditional":[
        0.68125,
        0.90625,
        0.93125,
        0.50625,
        0.95625,
        0.71875,
        0.84375,
        0.94375,
        0.86875,
        0.88125,
        0.93125,
        0.83125,
        0.90625,
        0.94375,
        0.88125,
        0.76875,
        0.86875,
        0.86875,
        0.88125,
        0.91875
    ],
    "GreedyAdditionalNew":[
        0.80625,
        0.86875,
        0.89375,
        0.63125,
        0.90625,
        0.74375,
        0.91875,
        0.84375,
        0.80625,
        0.69375,
        0.83125,
        0.79375,
        0.76875,
        0.89375,
        0.70625,
        0.86875,
        0.85625,
        0.73125,
        0.81875,
        0.76875
    ],
    "GreedyTotal":[
        0.68125,
        0.90625,
        0.93125,
        0.50625,
        0.95625,
        0.71875,
        0.84375,
        0.94375,
        0.86875,
        0.88125,
        0.93125,
        0.83125,
        0.90625,
        0.94375,
        0.88125,
        0.76875,
        0.86875,
        0.86875,
        0.88125,
        0.91875
    ]
}