{
    "AdditionalTotal":[
        0.68125,
        0.90625,
        0.93125,
        0.50625,
        0.95625,
        0.71875,
        0.84375,
        0.94375,
        0.86875,
        0.88125,
        0.93125,
        0.83125,
        0.90625,
        0.94375,
        0.88125,
        0.76875,
        0.86875,
        0.86875,
        0.88125,
        0.91875
    ],
    "GreedyAdditional":[
        0.68125,
        0.90625,
        0.93125,
        0.50625,
        0.95625,
        0.71875,
        0.84375,
        0.94375,
        0.86875,
        0.88125,
        0.93125,
        0.83125,
        0.90625,
        0.94375,
        0.88125,
        0.76875,
        0.86875,
        0.86875,
        0.88125,
        0.91875
    ],
    "GreedyAdditionalSimilarity":[
        0.68125,
        0.90625,
        0.93125,
        0.50625,
        0.95625,
        0.71875,
        0.84375,
        0.94375,
        0.86875,
        0.88125,
        0.93125,
        0.83125,
        0.90625,
        0.94375,
        0.88125,
        0.76875,
        0.86875,
        0.86875,
        0.88125,
        0.91875
    ],
    "GreedyTotal":[
        0.68125,
        0.90625,
        0.93125,
        0.50625,
        0.95625,
        0.71875,
        0.84375,
        0.94375,
        0.86875,
        0.88125,
        0.93125,
        0.83125,
        0.90625,
        0.94375,
        0.88125,
        0.76875,
        0.86875,
        0.86875,
        0.88125,
        0.91875
    ]
}