{
    "AdditionalTotal":[
        0.7848484848484848,
        0.8515151515151516,
        0.8212121212121212,
        0.6818181818181819,
        0.7909090909090909,
        0.796969696969697,
        0.8939393939393939,
        0.7484848484848485,
        0.8393939393939394,
        0.7545454545454545,
        0.8090909090909091,
        0.8393939393939394,
        0.7363636363636363,
        0.8515151515151516,
        0.6757575757575758,
        0.7666666666666666,
        0.9424242424242424,
        0.9181818181818182,
        0.7909090909090909,
        0.7666666666666666
    ],
    "GreedyAdditional":[
        0.68125,
        0.91875,
        0.93125,
        0.50625,
        0.94375,
        0.70625,
        0.84375,
        0.91875,
        0.86875,
        0.86875,
        0.93125,
        0.83125,
        0.88125,
        0.95625,
        0.83125,
        0.76875,
        0.91875,
        0.91875,
        0.86875,
        0.90625
    ],
    "GreedyAdditionalNew":[
        0.81875,
        0.89375,
        0.93125,
        0.65625,
        0.95625,
        0.76875,
        0.89375,
        0.94375,
        0.84375,
        0.83125,
        0.88125,
        0.85625,
        0.90625,
        0.89375,
        0.89375,
        0.89375,
        0.81875,
        0.71875,
        0.89375,
        0.86875
    ],
    "GreedyTotal":[
        0.68125,
        0.90625,
        0.93125,
        0.50625,
        0.95625,
        0.71875,
        0.84375,
        0.94375,
        0.86875,
        0.88125,
        0.93125,
        0.83125,
        0.90625,
        0.94375,
        0.88125,
        0.76875,
        0.86875,
        0.86875,
        0.88125,
        0.91875
    ]
}