{
    "AdditionalTotal":[
        0.68125,
        0.91875,
        0.93125,
        0.50625,
        0.94375,
        0.70625,
        0.84375,
        0.91875,
        0.86875,
        0.86875,
        0.93125,
        0.83125,
        0.88125,
        0.95625,
        0.83125,
        0.76875,
        0.91875,
        0.91875,
        0.86875,
        0.90625
    ],
    "GreedyAdditional":[
        0.68125,
        0.91875,
        0.93125,
        0.50625,
        0.94375,
        0.70625,
        0.84375,
        0.91875,
        0.86875,
        0.86875,
        0.93125,
        0.83125,
        0.88125,
        0.95625,
        0.83125,
        0.76875,
        0.91875,
        0.91875,
        0.86875,
        0.90625
    ],
    "GreedyAdditionalSimilarity":[
        0.54375,
        0.75625,
        0.76875,
        0.38125,
        0.78125,
        0.58125,
        0.86875,
        0.59375,
        0.71875,
        0.38125,
        0.76875,
        0.51875,
        0.39375000000000004,
        0.95625,
        0.19374999999999998,
        0.61875,
        0.91875,
        0.91875,
        0.55625,
        0.58125
    ],
    "GreedyTotal":[
        0.68125,
        0.90625,
        0.93125,
        0.50625,
        0.95625,
        0.71875,
        0.84375,
        0.94375,
        0.86875,
        0.88125,
        0.93125,
        0.83125,
        0.90625,
        0.94375,
        0.88125,
        0.76875,
        0.86875,
        0.86875,
        0.88125,
        0.91875
    ]
}