{
    "AdditionalTotal":[
        0.4166666666666667,
        0.5208333333333334,
        0.8125,
        0.40625,
        0.0,
        0.3125,
        0.5,
        0.0625,
        0.3541666666666667,
        0.65625,
        0.25,
        0.7083333333333334,
        0.4375,
        0.20833333333333334,
        0.75,
        0.8125,
        0.734375,
        0.46875,
        0.78125,
        0.1875
    ],
    "GreedyAdditional":[
        0.4166666666666667,
        0.5208333333333334,
        0.8125,
        0.40625,
        0.0,
        0.3125,
        0.5,
        0.0625,
        0.3541666666666667,
        0.65625,
        0.25,
        0.7083333333333334,
        0.4375,
        0.20833333333333334,
        0.75,
        0.8125,
        0.734375,
        0.46875,
        0.78125,
        0.1875
    ],
    "GreedyAdditionalSimilarity":[
        0.4166666666666667,
        0.5208333333333334,
        0.8125,
        0.40625,
        0.0,
        0.3125,
        0.5,
        0.0625,
        0.3541666666666667,
        0.65625,
        0.25,
        0.7083333333333334,
        0.4375,
        0.20833333333333334,
        0.75,
        0.8125,
        0.734375,
        0.46875,
        0.78125,
        0.1875
    ],
    "GreedyTotal":[
        0.4166666666666667,
        0.5208333333333334,
        0.8125,
        0.40625,
        0.0,
        0.3125,
        0.5,
        0.0625,
        0.3541666666666667,
        0.65625,
        0.25,
        0.7083333333333334,
        0.4375,
        0.20833333333333334,
        0.75,
        0.8125,
        0.734375,
        0.46875,
        0.78125,
        0.1875
    ]
}