{
    "AdditionalTotal":[
        0.41666666666666663,
        0.6666666666666666,
        0.6666666666666666,
        0.0,
        0.0,
        0.0,
        0.16666666666666666,
        0.0,
        0.16666666666666666,
        0.6666666666666666,
        0.0,
        0.5,
        0.6666666666666666,
        0.0,
        0.16666666666666666,
        0.6666666666666666,
        0.6666666666666666,
        0.6666666666666666,
        0.41666666666666663,
        0.0
    ],
    "GreedyAdditional":[
        0.4166666666666667,
        0.5208333333333334,
        0.8125,
        0.40625,
        0.0,
        0.3125,
        0.5,
        0.0625,
        0.3541666666666667,
        0.65625,
        0.25,
        0.7083333333333334,
        0.4375,
        0.20833333333333334,
        0.75,
        0.8125,
        0.734375,
        0.46875,
        0.78125,
        0.1875
    ],
    "GreedyAdditionalNew":[
        0.3958333333333333,
        0.5416666666666666,
        0.875,
        0.40625,
        0.0,
        0.4583333333333333,
        0.4375,
        0.125,
        0.3541666666666667,
        0.6875,
        0.28125,
        0.7291666666666666,
        0.5,
        0.25,
        0.875,
        0.875,
        0.78125,
        0.5,
        0.875,
        0.22916666666666666
    ],
    "GreedyTotal":[
        0.4166666666666667,
        0.5208333333333334,
        0.8125,
        0.40625,
        0.0,
        0.3125,
        0.5,
        0.0625,
        0.3541666666666667,
        0.65625,
        0.25,
        0.7083333333333334,
        0.4375,
        0.20833333333333334,
        0.75,
        0.8125,
        0.734375,
        0.46875,
        0.78125,
        0.1875
    ]
}