{
    "GreedyAdditionalSelection_0.0_0.0":[
        0.4166666666666667,
        0.5208333333333334,
        0.8125,
        0.40625,
        0.0,
        0.3125,
        0.5,
        0.0625,
        0.3541666666666667,
        0.65625,
        0.25,
        0.7083333333333334,
        0.4375,
        0.20833333333333334,
        0.75,
        0.8125,
        0.734375,
        0.46875,
        0.78125,
        0.1875
    ],
    "GreedyAdditionalSelection_0.0_0.05":[
        0.4166666666666667,
        0.5208333333333334,
        0.8125,
        0.40625,
        0.0,
        0.3125,
        0.5,
        0.0625,
        0.3541666666666667,
        0.65625,
        0.25,
        0.7083333333333334,
        0.4375,
        0.20833333333333334,
        0.75,
        0.8125,
        0.734375,
        0.46875,
        0.78125,
        0.1875
    ],
    "GreedyAdditionalSelection_0.0_0.1":[
        0.4375,
        0.5416666666666666,
        0.8125,
        0.4375,
        0.0,
        0.3125,
        0.5,
        0.0625,
        0.375,
        0.6875,
        0.28125,
        0.7083333333333334,
        0.4375,
        0.22916666666666666,
        0.6875,
        0.8125,
        0.75,
        0.4125,
        0.75,
        0.20833333333333334
    ],
    "GreedyAdditionalSelection_0.0_0.15":[
        0.4583333333333333,
        0.5625,
        0.8125,
        0.46875,
        0.0,
        0.2708333333333333,
        0.5,
        0.0625,
        0.3958333333333333,
        0.71875,
        0.3125,
        0.7083333333333334,
        0.4375,
        0.25,
        0.6875,
        0.8125,
        0.765625,
        0.45,
        0.75,
        0.22916666666666666
    ],
    "GreedyAdditionalSelection_0.0_0.2":[
        0.4583333333333333,
        0.5625,
        0.8125,
        0.46875,
        0.0,
        0.2708333333333333,
        0.5,
        0.0625,
        0.3958333333333333,
        0.71875,
        0.3125,
        0.7083333333333334,
        0.4375,
        0.25,
        0.6875,
        0.8125,
        0.765625,
        0.45,
        0.75,
        0.22916666666666666
    ],
    "GreedyAdditionalSelection_0.0_0.25":[
        0.3958333333333333,
        0.5416666666666666,
        0.8125,
        0.5,
        0.0,
        0.22916666666666666,
        0.375,
        0.0625,
        0.375,
        0.75,
        0.34375,
        0.6666666666666666,
        0.4375,
        0.2708333333333333,
        0.75,
        0.8125,
        0.78125,
        0.4875,
        0.78125,
        0.25
    ],
    "GreedyAdditionalSelection_0.0_0.3":[
        0.5,
        0.5625,
        0.8125,
        0.53125,
        0.0,
        0.2708333333333333,
        0.625,
        0.0625,
        0.4791666666666667,
        0.78125,
        0.375,
        0.75,
        0.4375,
        0.2916666666666667,
        0.5625,
        0.8125,
        0.796875,
        0.525,
        0.6875,
        0.2708333333333333
    ],
    "GreedyAdditionalSelection_0.0_0.35":[
        0.4166666666666667,
        0.5625,
        0.8125,
        0.5625,
        0.0,
        0.203125,
        0.375,
        0.0625,
        0.4166666666666667,
        0.8125,
        0.40625,
        0.6666666666666666,
        0.4375,
        0.3125,
        0.625,
        0.8125,
        0.8125,
        0.5625,
        0.71875,
        0.2916666666666667
    ],
    "GreedyAdditionalSelection_0.0_0.4":[
        0.4166666666666667,
        0.5625,
        0.8125,
        0.5625,
        0.0,
        0.203125,
        0.375,
        0.0625,
        0.4166666666666667,
        0.8125,
        0.40625,
        0.6666666666666666,
        0.4375,
        0.3125,
        0.625,
        0.8125,
        0.8125,
        0.5625,
        0.71875,
        0.2916666666666667
    ],
    "GreedyAdditionalSelection_0.0_0.45":[
        0.4375,
        0.5625,
        0.8125,
        0.59375,
        0.0,
        0.2708333333333333,
        0.4375,
        0.0625,
        0.4375,
        0.8125,
        0.4375,
        0.6875,
        0.4375,
        0.3125,
        0.6875,
        0.8125,
        0.8125,
        0.575,
        0.75,
        0.3125
    ],
    "GreedyAdditionalSelection_0.0_0.5":[
        0.4375,
        0.5416666666666666,
        0.8125,
        0.59375,
        0.0,
        0.34375,
        0.5,
        0.0625,
        0.4375,
        0.78125,
        0.40625,
        0.7083333333333334,
        0.4375,
        0.2916666666666667,
        0.75,
        0.8125,
        0.796875,
        0.5625,
        0.78125,
        0.2916666666666667
    ],
    "GreedyAdditionalSelection_0.0_0.55":[
        0.4791666666666667,
        0.5625,
        0.8125,
        0.65625,
        0.0,
        0.3541666666666667,
        0.5625,
        0.0625,
        0.4791666666666667,
        0.8125,
        0.4375,
        0.7291666666666666,
        0.4375,
        0.3125,
        0.5625,
        0.8125,
        0.8125,
        0.6,
        0.6875,
        0.3125
    ],
    "GreedyAdditionalSelection_0.0_0.6":[
        0.4791666666666667,
        0.5625,
        0.8125,
        0.65625,
        0.0,
        0.3541666666666667,
        0.5625,
        0.0625,
        0.4791666666666667,
        0.8125,
        0.4375,
        0.7291666666666666,
        0.4375,
        0.3125,
        0.5625,
        0.8125,
        0.8125,
        0.6,
        0.6875,
        0.3125
    ],
    "GreedyAdditionalSelection_0.0_0.65":[
        0.5,
        0.5625,
        0.8125,
        0.5625,
        0.0,
        0.328125,
        0.625,
        0.0625,
        0.4166666666666667,
        0.6875,
        0.3125,
        0.75,
        0.4375,
        0.22916666666666666,
        0.625,
        0.8125,
        0.75,
        0.5125,
        0.71875,
        0.22916666666666666
    ],
    "GreedyAdditionalSelection_0.0_0.7":[
        0.5,
        0.5625,
        0.8125,
        0.46875,
        0.0,
        0.2708333333333333,
        0.625,
        0.0625,
        0.4375,
        0.71875,
        0.34375,
        0.75,
        0.4375,
        0.25,
        0.6875,
        0.8125,
        0.765625,
        0.55,
        0.75,
        0.25
    ],
    "GreedyAdditionalSelection_0.0_0.75":[
        0.375,
        0.5208333333333334,
        0.8125,
        0.5,
        0.0,
        0.22916666666666666,
        0.375,
        0.0625,
        0.375,
        0.75,
        0.375,
        0.6666666666666666,
        0.4375,
        0.2708333333333333,
        0.75,
        0.8125,
        0.78125,
        0.5875,
        0.78125,
        0.2708333333333333
    ],
    "GreedyAdditionalSelection_0.0_0.8":[
        0.375,
        0.5208333333333334,
        0.8125,
        0.5,
        0.0,
        0.22916666666666666,
        0.375,
        0.0625,
        0.375,
        0.75,
        0.375,
        0.6666666666666666,
        0.4375,
        0.2708333333333333,
        0.75,
        0.8125,
        0.78125,
        0.5875,
        0.78125,
        0.2708333333333333
    ],
    "GreedyAdditionalSelection_0.0_0.85":[
        0.4375,
        0.5416666666666666,
        0.8125,
        0.53125,
        0.0,
        0.2708333333333333,
        0.5,
        0.0625,
        0.4375,
        0.78125,
        0.40625,
        0.7083333333333334,
        0.4375,
        0.2916666666666667,
        0.75,
        0.8125,
        0.796875,
        0.625,
        0.78125,
        0.2916666666666667
    ],
    "GreedyAdditionalSelection_0.0_0.9":[
        0.4583333333333333,
        0.5625,
        0.8125,
        0.5625,
        0.0,
        0.3125,
        0.5,
        0.0625,
        0.4583333333333333,
        0.8125,
        0.4375,
        0.7083333333333334,
        0.4375,
        0.3125,
        0.6875,
        0.8125,
        0.8125,
        0.6625,
        0.75,
        0.3125
    ],