{
    "AdditionalTotal":[
        0.35353535353535354,
        0.3737373737373737,
        0.48484848484848486,
        0.19696969696969696,
        0.0,
        0.2828282828282828,
        0.42424242424242425,
        0.21212121212121213,
        0.292929292929293,
        0.36363636363636365,
        0.21212121212121213,
        0.4646464646464647,
        0.3484848484848485,
        0.22222222222222224,
        0.3939393939393939,
        0.48484848484848486,
        0.42424242424242425,
        0.29545454545454547,
        0.4393939393939394,
        0.21212121212121213
    ],
    "GreedyAdditional":[
        0.4583333333333333,
        0.5833333333333334,
        0.875,
        0.4375,
        0.0,
        0.3333333333333333,
        0.5,
        0.125,
        0.3958333333333333,
        0.71875,
        0.3125,
        0.75,
        0.5,
        0.2708333333333333,
        0.75,
        0.875,
        0.796875,
        0.53125,
        0.8125,
        0.25
    ],
    "GreedyAdditionalNew":[
        0.5208333333333334,
        0.5416666666666666,
        0.8125,
        0.40625,
        0.0,
        0.5208333333333334,
        0.75,
        0.0625,
        0.4375,
        0.65625,
        0.25,
        0.7916666666666666,
        0.4375,
        0.20833333333333334,
        0.625,
        0.8125,
        0.734375,
        0.46875,
        0.71875,
        0.1875
    ],
    "GreedyTotal":[
        0.4166666666666667,
        0.5208333333333334,
        0.8125,
        0.40625,
        0.0,
        0.3125,
        0.5,
        0.0625,
        0.3541666666666667,
        0.65625,
        0.25,
        0.7083333333333334,
        0.4375,
        0.20833333333333334,
        0.75,
        0.8125,
        0.734375,
        0.46875,
        0.78125,
        0.1875
    ]
}