{
    "GreedyAdditionalSelection_0.0_0.0":[
        0.4166666666666667,
        0.5208333333333334,
        0.8125,
        0.40625,
        0.0,
        0.3125,
        0.5,
        0.0625,
        0.3541666666666667,
        0.65625,
        0.25,
        0.7083333333333334,
        0.4375,
        0.20833333333333334,
        0.75,
        0.8125,
        0.734375,
        0.46875,
        0.78125,
        0.1875
    ],
    "GreedyAdditionalSelection_0.0_0.05":[
        0.4166666666666667,
        0.5208333333333334,
        0.8125,
        0.4375,
        0.0,
        0.3125,
        0.5,
        0.0625,
        0.375,
        0.6875,
        0.3125,
        0.7083333333333334,
        0.4375,
        0.22916666666666666,
        0.75,
        0.8125,
        0.75,
        0.5,
        0.78125,
        0.22916666666666666
    ],
    "GreedyAdditionalSelection_0.0_0.1":[
        0.3958333333333333,
        0.5,
        0.8125,
        0.375,
        0.0,
        0.3125,
        0.5,
        0.0625,
        0.3333333333333333,
        0.625,
        0.21875,
        0.7083333333333334,
        0.4375,
        0.1875,
        0.75,
        0.8125,
        0.71875,
        0.4375,
        0.78125,
        0.16666666666666666
    ],
    "GreedyAdditionalSelection_0.0_0.15":[
        0.3958333333333333,
        0.5,
        0.8125,
        0.375,
        0.0,
        0.3125,
        0.5,
        0.0625,
        0.3333333333333333,
        0.625,
        0.21875,
        0.7083333333333334,
        0.4375,
        0.1875,
        0.75,
        0.8125,
        0.71875,
        0.4375,
        0.78125,
        0.16666666666666666
    ],
    "GreedyAdditionalSelection_0.0_0.2":[
        0.3958333333333333,
        0.5,
        0.8125,
        0.375,
        0.0,
        0.3125,
        0.5,
        0.0625,
        0.3333333333333333,
        0.625,
        0.21875,
        0.7083333333333334,
        0.4375,
        0.1875,
        0.75,
        0.8125,
        0.71875,
        0.4375,
        0.78125,
        0.16666666666666666
    ],
    "GreedyAdditionalSelection_0.0_0.25":[
        0.5,
        0.5625,
        0.8125,
        0.375,
        0.0,
        0.25,
        0.625,
        0.0625,
        0.375,
        0.625,
        0.21875,
        0.75,
        0.4375,
        0.1875,
        0.6875,
        0.8125,
        0.71875,
        0.4375,
        0.75,
        0.16666666666666666
    ],
    "GreedyAdditionalSelection_0.0_0.3":[
        0.4166666666666667,
        0.5208333333333334,
        0.8125,
        0.40625,
        0.0,
        0.3125,
        0.5,
        0.0625,
        0.3541666666666667,
        0.65625,
        0.25,
        0.7083333333333334,
        0.4375,
        0.20833333333333334,
        0.75,
        0.8125,
        0.734375,
        0.46875,
        0.78125,
        0.1875
    ],
    "GreedyAdditionalSelection_0.0_0.35":[
        0.4166666666666667,
        0.5208333333333334,
        0.8125,
        0.40625,
        0.0,
        0.3125,
        0.5,
        0.0625,
        0.3541666666666667,
        0.65625,
        0.25,
        0.7083333333333334,
        0.4375,
        0.20833333333333334,
        0.75,
        0.8125,
        0.734375,
        0.46875,
        0.78125,
        0.1875
    ],
    "GreedyAdditionalSelection_0.0_0.4":[
        0.4166666666666667,
        0.5208333333333334,
        0.8125,
        0.40625,
        0.0,
        0.3125,
        0.5,
        0.0625,
        0.3541666666666667,
        0.65625,
        0.25,
        0.7083333333333334,
        0.4375,
        0.20833333333333334,
        0.75,
        0.8125,
        0.734375,
        0.46875,
        0.78125,
        0.1875
    ],
    "GreedyAdditionalSelection_0.0_0.45":[
        0.4166666666666667,
        0.5208333333333334,
        0.8125,
        0.40625,
        0.0,
        0.3125,
        0.5,
        0.0625,
        0.3541666666666667,
        0.65625,
        0.25,
        0.7083333333333334,
        0.4375,
        0.20833333333333334,
        0.75,
        0.8125,
        0.734375,
        0.46875,
        0.78125,
        0.1875
    ],
    "GreedyAdditionalSelection_0.0_0.5":[
        0.4166666666666667,
        0.5208333333333334,
        0.8125,
        0.40625,
        0.0,
        0.3125,
        0.5,
        0.0625,
        0.3541666666666667,
        0.65625,
        0.25,
        0.7083333333333334,
        0.4375,
        0.20833333333333334,
        0.75,
        0.8125,
        0.734375,
        0.46875,
        0.78125,
        0.1875
    ],
    "GreedyAdditionalSelection_0.0_0.55":[
        0.4166666666666667,
        0.5208333333333334,
        0.8125,
        0.40625,
        0.0,
        0.3125,
        0.5,
        0.0625,
        0.3541666666666667,
        0.65625,
        0.25,
        0.7083333333333334,
        0.4375,
        0.20833333333333334,
        0.75,
        0.8125,
        0.734375,
        0.46875,
        0.78125,
        0.1875
    ],
    "GreedyAdditionalSelection_0.0_0.6":[
        0.4166666666666667,
        0.5208333333333334,
        0.8125,
        0.40625,
        0.0,
        0.3125,
        0.5,
        0.0625,
        0.3541666666666667,
        0.65625,
        0.25,
        0.7083333333333334,
        0.4375,
        0.20833333333333334,
        0.75,
        0.8125,
        0.734375,
        0.46875,
        0.78125,
        0.1875
    ],
    "GreedyAdditionalSelection_0.0_0.65":[
        0.4166666666666667,
        0.5208333333333334,
        0.8125,
        0.40625,
        0.0,
        0.3125,
        0.5,
        0.0625,
        0.3541666666666667,
        0.65625,
        0.25,
        0.7083333333333334,
        0.4375,
        0.20833333333333334,
        0.75,
        0.8125,
        0.734375,
        0.46875,
        0.78125,
        0.1875
    ],
    "GreedyAdditionalSelection_0.0_0.7":[
        0.4166666666666667,
        0.5208333333333334,
        0.8125,
        0.40625,
        0.0,
        0.3125,
        0.5,
        0.0625,
        0.3541666666666667,
        0.65625,
        0.25,
        0.7083333333333334,
        0.4375,
        0.20833333333333334,
        0.75,
        0.8125,
        0.734375,
        0.46875,
        0.78125,
        0.1875
    ],
    "GreedyAdditionalSelection_0.0_0.75":[
        0.4166666666666667,
        0.5208333333333334,
        0.8125,
        0.40625,
        0.0,
        0.3125,
        0.5,
        0.0625,
        0.3541666666666667,
        0.65625,
        0.25,
        0.7083333333333334,
        0.4375,
        0.20833333333333334,
        0.75,
        0.8125,
        0.734375,
        0.46875,
        0.78125,
        0.1875
    ],
    "GreedyAdditionalSelection_0.0_0.8":[
        0.4166666666666667,
        0.5208333333333334,
        0.8125,
        0.40625,
        0.0,
        0.3125,
        0.5,
        0.0625,
        0.3541666666666667,
        0.65625,
        0.25,
        0.7083333333333334,
        0.4375,
        0.20833333333333334,
        0.75,
        0.8125,
        0.734375,
        0.46875,
        0.78125,
        0.1875
    ],
    "GreedyAdditionalSelection_0.0_0.85":[
        0.4166666666666667,
        0.5208333333333334,
        0.8125,
        0.40625,
        0.0,
        0.3125,
        0.5,
        0.0625,
        0.3541666666666667,
        0.65625,
        0.25,
        0.7083333333333334,
        0.4375,
        0.20833333333333334,
        0.75,
        0.8125,
        0.734375,
        0.46875,
        0.78125,
        0.1875
    ],
    "GreedyAdditionalSelection_0.0_0.9":[
        0.4166666666666667,
        0.5208333333333334,
        0.8125,
        0.40625,
        0.0,
        0.3125,
        0.5,
        0.0625,
        0.3541666666666667,
        0.65625,
        0.25,
        0.7083333333333334,
        0.4375,
        0.20833333333333334,
        0.75,
        0.8125,
        0.734375,
        0.46875,
        0.78125,
        0.1875
    ],