{
    "AdditionalTotal":[
        0.4583333333333333,
        0.5833333333333334,
        0.875,
        0.4375,
        0.0,
        0.3333333333333333,
        0.5,
        0.125,
        0.3958333333333333,
        0.71875,
        0.3125,
        0.75,
        0.5,
        0.2708333333333333,
        0.75,
        0.875,
        0.796875,
        0.53125,
        0.8125,
        0.25
    ],
    "GreedyAdditional":[
        0.4583333333333333,
        0.5833333333333334,
        0.875,
        0.4375,
        0.0,
        0.3333333333333333,
        0.5,
        0.125,
        0.3958333333333333,
        0.71875,
        0.3125,
        0.75,
        0.5,
        0.2708333333333333,
        0.75,
        0.875,
        0.796875,
        0.53125,
        0.8125,
        0.25
    ],
    "GreedyAdditionalSimilarity":[
        0.7083333333333334,
        0.8125,
        0.8125,
        0.40625,
        0.0,
        0.6041666666666666,
        0.5,
        0.9375,
        0.6458333333333334,
        0.65625,
        0.6875,
        0.7083333333333334,
        0.875,
        0.7916666666666666,
        0.75,
        0.8125,
        0.734375,
        0.6875,
        0.78125,
        0.7708333333333334
    ],
    "GreedyTotal":[
        0.4166666666666667,
        0.5208333333333334,
        0.8125,
        0.40625,
        0.0,
        0.3125,
        0.5,
        0.0625,
        0.3541666666666667,
        0.65625,
        0.25,
        0.7083333333333334,
        0.4375,
        0.20833333333333334,
        0.75,
        0.8125,
        0.734375,
        0.46875,
        0.78125,
        0.1875
    ]
}