{
    "AdditionalTotal":[
        0.1111111111111111,
        0.13793103448275862,
        0.1839080459770115,
        0.08045977011494253,
        0.0,
        0.08429118773946359,
        0.10344827586206896,
        0.06896551724137931,
        0.09578544061302681,
        0.14942528735632182,
        0.08620689655172414,
        0.15708812260536398,
        0.12643678160919541,
        0.0842911877394636,
        0.14942528735632185,
        0.1839080459770115,
        0.16666666666666666,
        0.12068965517241378,
        0.16666666666666669,
        0.08045977011494253
    ],
    "GreedyAdditional":[
        0.4166666666666667,
        0.5208333333333334,
        0.8125,
        0.40625,
        0.0,
        0.3125,
        0.5,
        0.0625,
        0.3541666666666667,
        0.65625,
        0.25,
        0.7083333333333334,
        0.4375,
        0.20833333333333334,
        0.75,
        0.8125,
        0.734375,
        0.46875,
        0.78125,
        0.1875
    ],
    "GreedyAdditionalNew":[
        0.6458333333333334,
        0.6666666666666666,
        0.875,
        0.40625,
        0.0,
        0.6458333333333334,
        0.8125,
        0.3125,
        0.5416666666666666,
        0.6875,
        0.375,
        0.8541666666666666,
        0.59375,
        0.375,
        0.6875,
        0.875,
        0.78125,
        0.546875,
        0.78125,
        0.3541666666666667
    ],
    "GreedyTotal":[
        0.4166666666666667,
        0.5208333333333334,
        0.8125,
        0.40625,
        0.0,
        0.3125,
        0.5,
        0.0625,
        0.3541666666666667,
        0.65625,
        0.25,
        0.7083333333333334,
        0.4375,
        0.20833333333333334,
        0.75,
        0.8125,
        0.734375,
        0.46875,
        0.78125,
        0.1875
    ]
}