{
    "ARTMaxMin":[
        0.6041666666666666,
        0.6458333333333334,
        0.9375,
        0.59375,
        0.0,
        0.2708333333333333,
        0.8125,
        0.0625,
        0.5,
        0.78125,
        0.34375,
        0.8958333333333334,
        0.5,
        0.25,
        0.6875,
        0.9375,
        0.859375,
        0.5625,
        0.8125,
        0.25
    ],
    "Genetic":[
        0.5416666666666666,
        0.5625,
        0.8125,
        0.5625,
        0.0,
        0.5208333333333334,
        0.75,
        0.0625,
        0.5,
        0.75,
        0.21875,
        0.7916666666666666,
        0.4375,
        0.2708333333333333,
        0.625,
        0.8125,
        0.78125,
        0.5625,
        0.71875,
        0.16666666666666666
    ],
    "GreedyAdditional":[
        0.4166666666666667,
        0.5208333333333334,
        0.8125,
        0.40625,
        0.0,
        0.3125,
        0.5,
        0.0625,
        0.3541666666666667,
        0.65625,
        0.25,
        0.7083333333333334,
        0.4375,
        0.20833333333333334,
        0.75,
        0.8125,
        0.734375,
        0.46875,
        0.78125,
        0.1875
    ],
    "GreedyTotal":[
        0.4166666666666667,
        0.5208333333333334,
        0.8125,
        0.40625,
        0.0,
        0.3125,
        0.5,
        0.0625,
        0.3541666666666667,
        0.65625,
        0.25,
        0.7083333333333334,
        0.4375,
        0.20833333333333334,
        0.75,
        0.8125,
        0.734375,
        0.46875,
        0.78125,
        0.1875
    ]
}