{
    "ARTMaxMin":[
        0.6049382716049383,
        0.7901234567901234,
        0,
        0.7654320987654321,
        0.2345679012345679,
        0.8271604938271605,
        0.9012345679012346,
        0.6296296296296297,
        0.7654320987654321,
        0,
        0.7654320987654321,
        0.8271604938271605,
        0.2345679012345679,
        0,
        0.6049382716049383,
        0.5061728395061729,
        0.8271604938271605,
        0.6296296296296297,
        0,
        0.7283950617283951,
        0.9382716049382716,
        0,
        0,
        0,
        0,
        0.6049382716049383,
        0.9876543209876543,
        0.8271604938271605,
        0,
        0.2345679012345679,
        0.6049382716049383,
        0.48148148148148145,
        0,
        0,
        0.6419753086419753,
        0,
        0.6049382716049383,
        0,
        0.7654320987654321,
        0.8518518518518519,
        0.8518518518518519,
        0.9012345679012346,
        0,
        0.012345679012345678,
        0.12345679012345678,
        0.6049382716049383,
        0.9012345679012346,
        0,
        0,
        0.7654320987654321,
        0.6049382716049383,
        0,
        0.7283950617283951,
        0.2345679012345679,
        0.7407407407407407,
        0.6296296296296297,
        0,
        0,
        0.6419753086419753,
        0.8271604938271605,
        0.8271604938271605,
        0,
        0.9012345679012346,
        0.8271604938271605,
        0.7407407407407407,
        0.8518518518518519,
        0.9135802469135802,
        0.6419753086419753,
        0.6049382716049383,
        0.7654320987654321,
        0.6049382716049383,
        0,
        0.7654320987654321,
        0.8518518518518519,
        0,
        0,
        0.8024691358024691,
        0.7654320987654321,
        0.9012345679012346,
        0,
        0.9753086419753086,
        0,
        0.7901234567901234,
        0.8148148148148148,
        0.6296296296296297,
        0.7283950617283951,
        0.9012345679012346,
        0.8271604938271605,
        0.7283950617283951,
        0.6296296296296297,
        0,
        0.8518518518518519,
        0.7901234567901234,
        0,
        0,
        0.6419753086419753,
        0.7283950617283951,
        0.9012345679012346,
        0.7654320987654321,
        0
    ],
    "Genetic":[
        0.32098765432098764,
        0.9382716049382716,
        0,
        0.35802469135802467,
        0.5925925925925926,
        0.8395061728395061,
        0.9629629629629629,
        0.8395061728395061,
        0.49382716049382713,
        0,
        0.41975308641975306,
        0.8395061728395061,
        0.5925925925925926,
        0,
        0.32098765432098764,
        0.19753086419753085,
        0.8395061728395061,
        0.8395061728395061,
        0,
        0.13580246913580246,
        0.8395061728395061,
        0,
        0,
        0,
        0,
        0.32098765432098764,
        0.9876543209876543,
        0.7654320987654321,
        0,
        0.5925925925925926,
        0.32098765432098764,
        0.5185185185185185,
        0,
        0,
        0.7407407407407407,
        0,
        0.37037037037037035,
        0,
        0.35802469135802467,
        0.8395061728395061,
        0.9629629629629629,
        0.9629629629629629,
        0,
        0.5555555555555556,
        0.18518518518518517,
        0.32098765432098764,
        0.9629629629629629,
        0,
        0,
        0.35802469135802467,
        0.32098765432098764,
        0,
        0.37037037037037035,
        0.5925925925925926,
        0.8765432098765432,
        0.8395061728395061,
        0,
        0,
        0.7407407407407407,
        0.7654320987654321,
        0.8395061728395061,
        0,
        0.9629629629629629,
        0.7654320987654321,
        0.8765432098765432,
        0.8395061728395061,
        0.9629629629629629,
        0.7407407407407407,
        0.49382716049382713,
        0.35802469135802467,
        0.32098765432098764,
        0,
        0.9012345679012346,
        0.9629629629629629,
        0,
        0,
        0.9506172839506173,
        0.35802469135802467,
        0.9629629629629629,
        0,
        0.9135802469135802,
        0,
        0.9506172839506173,
        0.32098765432098764,
        0.8395061728395061,
        0.13580246913580246,
        0.9629629629629629,
        0.7654320987654321,
        0.37037037037037035,
        0.8395061728395061,
        0,
        0.8395061728395061,
        0.9382716049382716,
        0,
        0,
        0.9135802469135802,
        0.37037037037037035,
        0.9629629629629629,
        0.9012345679012346,
        0
    ],
    "GreedyAdditional":[
        0.32098765432098764,
        0.8765432098765432,
        0,
        0.24691358024691357,
        0.5432098765432098,
        0.9506172839506173,
        0.9629629629629629,
        0.7037037037037037,
        0.8395061728395061,
        0,
        0.7037037037037037,
        0.9506172839506173,
        0.5432098765432098,
        0,
        0.32098765432098764,
        0.24691358024691357,
        0.9506172839506173,
        0.7037037037037037,
        0,
        0.5555555555555556,
        0.7037037037037037,
        0,
        0,
        0,
        0,
        0.32098765432098764,
        0.9753086419753086,
        0.9506172839506173,
        0,
        0.5432098765432098,
        0.32098765432098764,
        0.41975308641975306,
        0,
        0,
        0.16049382716049382,
        0,
        0.7037037037037037,
        0,
        0.24691358024691357,
        0.8148148148148148,
        0.9629629629629629,
        0.9629629629629629,
        0,
        0.5802469135802469,
        0.48148148148148145,
        0.32098765432098764,
        0.9629629629629629,
        0,
        0,
        0.24691358024691357,
        0.32098765432098764,
        0,
        0.7037037037037037,
        0.5432098765432098,
        0.9506172839506173,
        0.7037037037037037,
        0,
        0,
        0.16049382716049382,
        0.9506172839506173,
        0.9506172839506173,
        0,
        0.9629629629629629,
        0.9506172839506173,
        0.9506172839506173,
        0.9876543209876543,
        0.9629629629629629,
        0.16049382716049382,
        0.8395061728395061,
        0.24691358024691357,
        0.32098765432098764,
        0,
        0.8395061728395061,
        0.9629629629629629,
        0,
        0,
        0.9506172839506173,
        0.24691358024691357,
        0.9629629629629629,
        0,
        0.9506172839506173,
        0,
        0.8765432098765432,
        0.3950617283950617,
        0.7037037037037037,
        0.5555555555555556,
        0.9629629629629629,
        0.9506172839506173,
        0.7037037037037037,
        0.7037037037037037,
        0,
        0.9876543209876543,
        0.8765432098765432,
        0,
        0,
        0.7283950617283951,
        0.7037037037037037,
        0.9629629629629629,
        0.8395061728395061,
        0
    ],