{
    "ARTMaxMin":[
        0.2839506172839506,
        0.5185185185185185,
        0,
        0.20987654320987653,
        0.13580246913580246,
        0.9135802469135802,
        0.9259259259259259,
        0.5308641975308642,
        0.48148148148148145,
        0,
        0.41975308641975306,
        0.9135802469135802,
        0.13580246913580246,
        0,
        0.2839506172839506,
        0.09876543209876543,
        0.9135802469135802,
        0.5308641975308642,
        0,
        0.8765432098765432,
        0.5308641975308642,
        0,
        0,
        0,
        0,
        0.2839506172839506,
        0.9876543209876543,
        0.9135802469135802,
        0,
        0.13580246913580246,
        0.2839506172839506,
        0.2345679012345679,
        0,
        0,
        0.7037037037037037,
        0,
        0.3950617283950617,
        0,
        0.20987654320987653,
        0.8024691358024691,
        0.9135802469135802,
        0.9259259259259259,
        0,
        0.09876543209876543,
        0.4074074074074074,
        0.2839506172839506,
        0.9259259259259259,
        0,
        0,
        0.20987654320987653,
        0.2839506172839506,
        0,
        0.8765432098765432,
        0.13580246913580246,
        0.7654320987654321,
        0.5308641975308642,
        0,
        0,
        0.7037037037037037,
        0.9135802469135802,
        0.9135802469135802,
        0,
        0.9259259259259259,
        0.9135802469135802,
        0.7654320987654321,
        0.8024691358024691,
        0.9259259259259259,
        0.7037037037037037,
        0.48148148148148145,
        0.20987654320987653,
        0.2839506172839506,
        0,
        0.5308641975308642,
        0.9135802469135802,
        0,
        0,
        0.9382716049382716,
        0.20987654320987653,
        0.9259259259259259,
        0,
        0.9135802469135802,
        0,
        0.7901234567901234,
        0.9135802469135802,
        0.5308641975308642,
        0.8765432098765432,
        0.9259259259259259,
        0.9135802469135802,
        0.8765432098765432,
        0.5308641975308642,
        0,
        0.8024691358024691,
        0.9135802469135802,
        0,
        0,
        0.3333333333333333,
        0.8765432098765432,
        0.9259259259259259,
        0.5185185185185185,
        0
    ],
    "Genetic":[
        0.345679012345679,
        0.6666666666666666,
        0,
        0.6049382716049383,
        0.4444444444444444,
        0.9629629629629629,
        0.9753086419753086,
        0.4444444444444444,
        0.6049382716049383,
        0,
        0.6049382716049383,
        0.9629629629629629,
        0.4444444444444444,
        0,
        0.345679012345679,
        0.16049382716049382,
        0.9629629629629629,
        0.4444444444444444,
        0,
        0.5308641975308642,
        0.9259259259259259,
        0,
        0,
        0,
        0,
        0.345679012345679,
        0.9876543209876543,
        0.9012345679012346,
        0,
        0.4444444444444444,
        0.345679012345679,
        0.19753086419753085,
        0,
        0,
        0.8888888888888888,
        0,
        0.32098765432098764,
        0,
        0.6049382716049383,
        0.49382716049382713,
        0.9506172839506173,
        0.9753086419753086,
        0,
        0.25925925925925924,
        0.2345679012345679,
        0.345679012345679,
        0.9753086419753086,
        0,
        0,
        0.6049382716049383,
        0.345679012345679,
        0,
        0.5308641975308642,
        0.4444444444444444,
        0.7037037037037037,
        0.7777777777777778,
        0,
        0,
        0.8888888888888888,
        0.9012345679012346,
        0.9629629629629629,
        0,
        0.9753086419753086,
        0.9012345679012346,
        0.7037037037037037,
        0.8024691358024691,
        0.9753086419753086,
        0.8888888888888888,
        0.5308641975308642,
        0.6049382716049383,
        0.345679012345679,
        0,
        0.5308641975308642,
        0.9506172839506173,
        0,
        0,
        0.7654320987654321,
        0.6049382716049383,
        0.9753086419753086,
        0,
        0.9629629629629629,
        0,
        0.7901234567901234,
        0.9012345679012346,
        0.4444444444444444,
        0.5308641975308642,
        0.9753086419753086,
        0.9012345679012346,
        0.5308641975308642,
        0.4444444444444444,
        0,
        0.8024691358024691,
        0.6666666666666666,
        0,
        0,
        0.6666666666666666,
        0.5308641975308642,
        0.9753086419753086,
        0.5308641975308642,
        0
    ],
    "GreedyAdditional":[
        0.32098765432098764,
        0.4567901234567901,
        0,
        0.3333333333333333,
        0.20987654320987653,
        0.6049382716049383,
        0.5802469135802469,
        0.345679012345679,
        0.49382716049382713,
        0,
        0.49382716049382713,
        0.6049382716049383,
        0.20987654320987653,
        0,
        0.32098765432098764,
        0.024691358024691357,
        0.6049382716049383,
        0.345679012345679,
        0,
        0.024691358024691357,
        0.5679012345679012,
        0,
        0,
        0,
        0,
        0.32098765432098764,
        0.9506172839506173,
        0.49382716049382713,
        0,
        0.20987654320987653,
        0.32098765432098764,
        0.16049382716049382,
        0,
        0,
        0.2839506172839506,
        0,
        0.16049382716049382,
        0,
        0.3333333333333333,
        0.5432098765432098,
        0.5432098765432098,
        0.5802469135802469,
        0,
        0.18518518518518517,
        0.43209876543209874,
        0.32098765432098764,
        0.5802469135802469,
        0,
        0,
        0.3333333333333333,
        0.32098765432098764,
        0,
        0.16049382716049382,
        0.20987654320987653,
        0.6049382716049383,
        0.5061728395061729,
        0,
        0,
        0.2839506172839506,
        0.49382716049382713,
        0.6049382716049383,
        0,
        0.8765432098765432,
        0.49382716049382713,
        0.6049382716049383,
        0.6666666666666666,
        0.654320987654321,
        0.2839506172839506,
        0.4691358024691358,
        0.3333333333333333,
        0.32098765432098764,
        0,
        0.3950617283950617,
        0.5432098765432098,
        0,
        0,
        0.8765432098765432,
        0.3333333333333333,
        0.8765432098765432,
        0,
        0.6049382716049383,
        0,
        0.9382716049382716,
        0.49382716049382713,
        0.345679012345679,
        0.024691358024691357,
        0.5802469135802469,
        0.49382716049382713,
        0.16049382716049382,
        0.345679012345679,
        0,
        0.6666666666666666,
        0.4567901234567901,
        0,
        0,
        0.25925925925925924,
        0.16049382716049382,
        0.8765432098765432,
        0.3950617283950617,
        0
    ],