{
    "ARTMaxMin":[
        0.5555555555555556,
        0.654320987654321,
        0,
        0.7901234567901234,
        0.41975308641975306,
        0.691358024691358,
        0.7407407407407407,
        0.41975308641975306,
        0.7901234567901234,
        0,
        0.7901234567901234,
        0.691358024691358,
        0.41975308641975306,
        0,
        0.5555555555555556,
        0.49382716049382713,
        0.691358024691358,
        0.41975308641975306,
        0,
        0.7037037037037037,
        0.8518518518518519,
        0,
        0,
        0,
        0,
        0.5555555555555556,
        0.9753086419753086,
        0.691358024691358,
        0,
        0.41975308641975306,
        0.5555555555555556,
        0.5432098765432098,
        0,
        0,
        0.5185185185185185,
        0,
        0.14814814814814814,
        0,
        0.7901234567901234,
        0.5555555555555556,
        0.5925925925925926,
        0.7407407407407407,
        0,
        0.13580246913580246,
        0.04938271604938271,
        0.5555555555555556,
        0.7407407407407407,
        0,
        0,
        0.7901234567901234,
        0.5555555555555556,
        0,
        0.7037037037037037,
        0.41975308641975306,
        0.7654320987654321,
        0.7901234567901234,
        0,
        0,
        0.5185185185185185,
        0.691358024691358,
        0.691358024691358,
        0,
        0.9135802469135802,
        0.691358024691358,
        0.7654320987654321,
        0.8395061728395061,
        0.8395061728395061,
        0.5185185185185185,
        0.5555555555555556,
        0.7901234567901234,
        0.5555555555555556,
        0,
        0.6172839506172839,
        0.5925925925925926,
        0,
        0,
        0.7777777777777778,
        0.7901234567901234,
        0.9135802469135802,
        0,
        0.9382716049382716,
        0,
        0.8518518518518519,
        0.691358024691358,
        0.41975308641975306,
        0.7037037037037037,
        0.7407407407407407,
        0.691358024691358,
        0.7037037037037037,
        0.41975308641975306,
        0,
        0.8395061728395061,
        0.654320987654321,
        0,
        0,
        0.654320987654321,
        0.7037037037037037,
        0.9135802469135802,
        0.4074074074074074,
        0
    ],
    "Genetic":[
        0.32098765432098764,
        0.4074074074074074,
        0,
        0.49382716049382713,
        0.5308641975308642,
        0.7283950617283951,
        0.7407407407407407,
        0.5308641975308642,
        0.7160493827160493,
        0,
        0.5432098765432098,
        0.7283950617283951,
        0.5308641975308642,
        0,
        0.32098765432098764,
        0.48148148148148145,
        0.7283950617283951,
        0.5308641975308642,
        0,
        0.04938271604938271,
        0.5308641975308642,
        0,
        0,
        0,
        0,
        0.32098765432098764,
        0.9876543209876543,
        0.7283950617283951,
        0,
        0.5308641975308642,
        0.32098765432098764,
        0.024691358024691357,
        0,
        0,
        0.3950617283950617,
        0,
        0.08641975308641975,
        0,
        0.49382716049382713,
        0.37037037037037035,
        0.5308641975308642,
        0.7407407407407407,
        0,
        0.5061728395061729,
        0.24691358024691357,
        0.32098765432098764,
        0.7407407407407407,
        0,
        0,
        0.49382716049382713,
        0.32098765432098764,
        0,
        0.19753086419753085,
        0.5308641975308642,
        0.8271604938271605,
        0.5308641975308642,
        0,
        0,
        0.3950617283950617,
        0.7283950617283951,
        0.7283950617283951,
        0,
        0.7407407407407407,
        0.7283950617283951,
        0.8395061728395061,
        0.48148148148148145,
        0.7407407407407407,
        0.3950617283950617,
        0.32098765432098764,
        0.49382716049382713,
        0.32098765432098764,
        0,
        0.6172839506172839,
        0.5308641975308642,
        0,
        0,
        0.9012345679012346,
        0.49382716049382713,
        0.7407407407407407,
        0,
        0.7283950617283951,
        0,
        0.6666666666666666,
        0.2962962962962963,
        0.5308641975308642,
        0.04938271604938271,
        0.7407407407407407,
        0.7283950617283951,
        0.19753086419753085,
        0.5308641975308642,
        0,
        0.48148148148148145,
        0.4074074074074074,
        0,
        0,
        0.4074074074074074,
        0.19753086419753085,
        0.7407407407407407,
        0.32098765432098764,
        0
    ],
    "GreedyAdditional":[
        0.4074074074074074,
        0.4074074074074074,
        0,
        0.5925925925925926,
        0.37037037037037035,
        0.6666666666666666,
        0.5925925925925926,
        0.6049382716049383,
        0.6790123456790124,
        0,
        0.5925925925925926,
        0.6666666666666666,
        0.37037037037037035,
        0,
        0.4074074074074074,
        0.4074074074074074,
        0.6666666666666666,
        0.6049382716049383,
        0,
        0.1111111111111111,
        0.6049382716049383,
        0,
        0,
        0,
        0,
        0.4074074074074074,
        0.9876543209876543,
        0.5925925925925926,
        0,
        0.37037037037037035,
        0.4074074074074074,
        0.5061728395061729,
        0,
        0,
        0.1111111111111111,
        0,
        0.2839506172839506,
        0,
        0.5925925925925926,
        0.4074074074074074,
        0.5308641975308642,
        0.5925925925925926,
        0,
        0.5432098765432098,
        0.25925925925925924,
        0.4074074074074074,
        0.5925925925925926,
        0,
        0,
        0.5925925925925926,
        0.4074074074074074,
        0,
        0.2839506172839506,
        0.37037037037037035,
        0.7530864197530864,
        0.6049382716049383,
        0,
        0,
        0.1111111111111111,
        0.5925925925925926,
        0.6666666666666666,
        0,
        0.5925925925925926,
        0.5925925925925926,
        0.7530864197530864,
        0.5432098765432098,
        0.6666666666666666,
        0.1111111111111111,
        0.43209876543209874,
        0.5925925925925926,
        0.4074074074074074,
        0,
        0.4567901234567901,
        0.5308641975308642,
        0,
        0,
        0.9382716049382716,
        0.5925925925925926,
        0.5925925925925926,
        0,
        0.6666666666666666,
        0,
        0.6419753086419753,
        0.5925925925925926,
        0.6049382716049383,
        0.1111111111111111,
        0.5925925925925926,
        0.5925925925925926,
        0.2839506172839506,
        0.6049382716049383,
        0,
        0.5432098765432098,
        0.4074074074074074,
        0,
        0,
        0.38271604938271603,
        0.2839506172839506,
        0.5925925925925926,
        0.3333333333333333,
        0
    ],