{
    "AdditionalTotal":[
        0.7477611940298508,
        0.9597014925373134,
        0.9567164179104478,
        0.9358208955223881,
        0.7626865671641792,
        0.8164179104477612,
        0.9686567164179105,
        0.9507462686567164,
        0.8582089552238806,
        0.7955223880597015,
        0.8582089552238806,
        0.753731343283582,
        0.9298507462686567,
        0.7417910447761195,
        0.9626865671641791,
        0.9119402985074627,
        0.917910447761194,
        0.9567164179104478,
        0.7626865671641792,
        0.8373134328358209,
        0.891044776119403,
        0.9119402985074627,
        0.9388059701492537,
        0.6910447761194031,
        0.8223880597014925,
        0.873134328358209,
        0.873134328358209,
        0.7686567164179104,
        0.9328358208955224,
        0.8164179104477612,
        0.8940298507462686,
        0.9298507462686567,
        0.873134328358209,
        0.9656716417910448,
        0.8313432835820896,
        0.9567164179104478,
        0.7985074626865672,
        0.917910447761194,
        0.9895522388059702,
        0.6910447761194031,
        0.9208955223880597,
        0.8343283582089552,
        0.8611940298507462,
        0.9149253731343284,
        0.7985074626865672,
        0.6313432835820896,
        0.9059701492537314,
        0.9328358208955224,
        0.9656716417910448,
        0.6313432835820896,
        0.8164179104477612,
        0.7716417910447761,
        0.9597014925373134,
        0.8432835820895522,
        0.9238805970149254,
        0.8850746268656716,
        0.926865671641791,
        0.8104477611940298,
        0.9059701492537314,
        0.9238805970149254,
        0.9686567164179105,
        0.9835820895522388,
        0.8462686567164179,
        0.8880597014925373,
        0.882089552238806,
        0.7626865671641792,
        0.9537313432835821,
        0.9328358208955224,
        0.891044776119403
    ],
    "GreedyAdditional":[
        0.7477611940298508,
        0.9597014925373134,
        0.9567164179104478,
        0.9358208955223881,
        0.7626865671641792,
        0.8164179104477612,
        0.9686567164179105,
        0.9507462686567164,
        0.8582089552238806,
        0.7955223880597015,
        0.8582089552238806,
        0.753731343283582,
        0.9298507462686567,
        0.7417910447761195,
        0.9626865671641791,
        0.9119402985074627,
        0.917910447761194,
        0.9567164179104478,
        0.7626865671641792,
        0.8373134328358209,
        0.891044776119403,
        0.9119402985074627,
        0.9388059701492537,
        0.6910447761194031,
        0.8223880597014925,
        0.873134328358209,
        0.873134328358209,
        0.7686567164179104,
        0.9328358208955224,
        0.8164179104477612,
        0.8940298507462686,
        0.9298507462686567,
        0.873134328358209,
        0.9656716417910448,
        0.8313432835820896,
        0.9567164179104478,
        0.7985074626865672,
        0.917910447761194,
        0.9895522388059702,
        0.6910447761194031,
        0.9208955223880597,
        0.8343283582089552,
        0.8611940298507462,
        0.9149253731343284,
        0.7985074626865672,
        0.6313432835820896,
        0.9059701492537314,
        0.9328358208955224,
        0.9656716417910448,
        0.6313432835820896,
        0.8164179104477612,
        0.7716417910447761,
        0.9597014925373134,
        0.8432835820895522,
        0.9238805970149254,
        0.8850746268656716,
        0.926865671641791,
        0.8104477611940298,
        0.9059701492537314,
        0.9238805970149254,
        0.9686567164179105,
        0.9835820895522388,
        0.8462686567164179,
        0.8880597014925373,
        0.882089552238806,
        0.7626865671641792,
        0.9537313432835821,
        0.9328358208955224,
        0.891044776119403
    ],
    "GreedyAdditionalSimilarity":[
        0.7059701492537314,
        0.9298507462686567,
        0.8970149253731343,
        0.8373134328358209,
        0.6194029850746269,
        0.8164179104477612,
        0.926865671641791,
        0.9328358208955224,
        0.7179104477611941,
        0.5626865671641791,
        0.7746268656716419,
        0.7328358208955225,
        0.8462686567164179,
        0.6522388059701493,
        0.908955223880597,
        0.8104477611940298,
        0.8283582089552239,
        0.891044776119403,
        0.6462686567164179,
        0.7776119402985074,
        0.7865671641791044,
        0.8641791044776119,
        0.8373134328358209,
        0.482089552238806,
        0.6701492537313433,
        0.8074626865671642,
        0.8134328358208955,
        0.6432835820895523,
        0.8880597014925373,
        0.735820895522388,
        0.7626865671641792,
        0.8194029850746268,
        0.7597014925373134,
        0.9149253731343284,
        0.7149253731343284,
        0.9238805970149254,
        0.6522388059701493,
        0.8432835820895522,
        0.9865671641791045,
        0.735820895522388,
        0.8522388059701492,
        0.6402985074626866,
        0.8850746268656716,
        0.8164179104477612,
        0.7149253731343284,
        0.6850746268656717,
        0.7925373134328358,
        0.8522388059701492,
        0.9149253731343284,
        0.6820895522388061,
        0.8104477611940298,
        0.8164179104477612,
        0.9029850746268657,
        0.7119402985074627,
        0.8074626865671642,
        0.7328358208955225,
        0.8791044776119403,
        0.7805970149253731,
        0.7925373134328358,
        0.8880597014925373,
        0.926865671641791,
        0.9686567164179105,
        0.7805970149253731,
        0.8701492537313433,
        0.8641791044776119,
        0.7805970149253731,
        0.9447761194029851,
        0.8880597014925373,
        0.9149253731343284
    ],
    "GreedyTotal":[
        0.7328358208955225,
        0.9149253731343284,
        0.9298507462686567,
        0.8492537313432836,
        0.6820895522388061,
        0.7388059701492538,
        0.8343283582089552,
        0.9417910447761194,
        0.8104477611940298,
        0.5149253731343284,
        0.7298507462686568,
        0.6283582089552239,
        0.8313432835820896,
        0.5925373134328359,
        0.8940298507462686,
        0.7328358208955225,
        0.7746268656716419,
        0.8522388059701492,
        0.5895522388059702,
        0.673134328358209,
        0.7835820895522388,
        0.7626865671641792,
        0.7626865671641792,
        0.464179104477612,
        0.5805970149253731,
        0.8104477611940298,
        0.8134328358208955,
        0.5805970149253731,
        0.9358208955223881,
        0.7477611940298508,
        0.7328358208955225,
        0.8074626865671642,
        0.7925373134328358,
        0.8492537313432836,
        0.7388059701492538,
        0.9477611940298508,
        0.6701492537313433,
        0.8164179104477612,
        0.9895522388059702,
        0.7567164179104479,
        0.8253731343283582,
        0.5597014925373135,
        0.7865671641791044,
        0.7149253731343284,
        0.5507462686567165,
        0.5925373134328359,
        0.7805970149253731,
        0.8492537313432836,
        0.9059701492537314,
        0.6164179104477613,
        0.7626865671641792,
        0.8014925373134328,
        0.8582089552238806,
        0.6462686567164179,
        0.8044776119402985,
        0.7208955223880597,
        0.8641791044776119,
        0.8373134328358209,
        0.7268656716417911,
        0.8611940298507462,
        0.882089552238806,
        0.9328358208955224,
        0.8014925373134328,
        0.8313432835820896,
        0.8164179104477612,
        0.7865671641791044,
        0.9537313432835821,
        0.8701492537313433,
        0.8343283582089552
    ]
}