{
    "AdditionalTotal":[
        0.8958646616541353,
        0.9304511278195489,
        0.9710526315789473,
        0.9364661654135338,
        0.9086466165413534,
        0.9477443609022556,
        0.943984962406015,
        0.9266917293233082,
        0.9281954887218045,
        0.8981203007518797,
        0.9304511278195489,
        0.893609022556391,
        0.9409774436090225,
        0.9026315789473683,
        0.937218045112782,
        0.9221804511278195,
        0.8921052631578947,
        0.9394736842105262,
        0.9146616541353383,
        0.9041353383458646,
        0.9146616541353383,
        0.956766917293233,
        0.9289473684210526,
        0.8184210526315789,
        0.925187969924812,
        0.9281954887218045,
        0.9492481203007519,
        0.894360902255639,
        0.9364661654135338,
        0.9071428571428571,
        0.8951127819548872,
        0.9387218045112782,
        0.93796992481203,
        0.9184210526315789,
        0.9116541353383458,
        0.9447368421052631,
        0.8928571428571428,
        0.9221804511278195,
        0.9454887218045113,
        0.9078947368421052,
        0.9266917293233082,
        0.8560150375939849,
        0.9402255639097744,
        0.9011278195488721,
        0.9342105263157894,
        0.8830827067669172,
        0.9454887218045113,
        0.9522556390977444,
        0.9221804511278195,
        0.8793233082706766,
        0.8928571428571428,
        0.9071428571428571,
        0.9770676691729323,
        0.900375939849624,
        0.9334586466165413,
        0.8868421052631579,
        0.9447368421052631,
        0.8875939849624059,
        0.8718045112781955,
        0.9612781954887217,
        0.9672932330827068,
        0.9612781954887217,
        0.8890977443609023,
        0.9342105263157894,
        0.9522556390977444,
        0.8620300751879699,
        0.9304511278195489,
        0.9552631578947368,
        0.9334586466165413
    ],
    "GreedyAdditional":[
        0.7089552238805971,
        0.9477611940298508,
        0.9477611940298508,
        0.9149253731343284,
        0.7388059701492538,
        0.8194029850746268,
        0.9656716417910448,
        0.9447761194029851,
        0.8880597014925373,
        0.8074626865671642,
        0.7149253731343284,
        0.8253731343283582,
        0.9,
        0.7417910447761195,
        0.9537313432835821,
        0.9328358208955224,
        0.9388059701492537,
        0.9477611940298508,
        0.7477611940298508,
        0.7716417910447761,
        0.8522388059701492,
        0.9388059701492537,
        0.9238805970149254,
        0.6701492537313433,
        0.8701492537313433,
        0.8014925373134328,
        0.8074626865671642,
        0.753731343283582,
        0.9328358208955224,
        0.8791044776119403,
        0.9059701492537314,
        0.908955223880597,
        0.908955223880597,
        0.9537313432835821,
        0.735820895522388,
        0.9507462686567164,
        0.8373134328358209,
        0.8940298507462686,
        0.9835820895522388,
        0.753731343283582,
        0.8432835820895522,
        0.8492537313432836,
        0.8940298507462686,
        0.9298507462686567,
        0.7985074626865672,
        0.664179104477612,
        0.9029850746268657,
        0.917910447761194,
        0.9656716417910448,
        0.6432835820895523,
        0.6283582089552239,
        0.7955223880597015,
        0.9656716417910448,
        0.8880597014925373,
        0.8970149253731343,
        0.8850746268656716,
        0.8970149253731343,
        0.6402985074626866,
        0.908955223880597,
        0.917910447761194,
        0.9686567164179105,
        0.9776119402985075,
        0.891044776119403,
        0.8850746268656716,
        0.8552238805970149,
        0.7208955223880597,
        0.9298507462686567,
        0.9388059701492537,
        0.8074626865671642
    ],
    "GreedyAdditionalNew":[
        0.6671641791044777,
        0.9149253731343284,
        0.9149253731343284,
        0.8641791044776119,
        0.6582089552238807,
        0.753731343283582,
        0.9477611940298508,
        0.9119402985074627,
        0.8343283582089552,
        0.7925373134328358,
        0.6462686567164179,
        0.8313432835820896,
        0.8462686567164179,
        0.6701492537313433,
        0.9298507462686567,
        0.9656716417910448,
        0.9776119402985075,
        0.917910447761194,
        0.6671641791044777,
        0.9238805970149254,
        0.7865671641791044,
        0.8940298507462686,
        0.8761194029850746,
        0.6343283582089553,
        0.8074626865671642,
        0.744776119402985,
        0.7477611940298508,
        0.7477611940298508,
        0.8880597014925373,
        0.8164179104477612,
        0.926865671641791,
        0.8522388059701492,
        0.8582089552238806,
        0.9208955223880597,
        0.655223880597015,
        0.917910447761194,
        0.7567164179104479,
        0.8373134328358209,
        0.9746268656716418,
        0.6761194029850747,
        0.7895522388059701,
        0.9119402985074627,
        0.9,
        0.9626865671641791,
        0.7417910447761195,
        0.6373134328358209,
        0.8582089552238806,
        0.8701492537313433,
        0.9417910447761194,
        0.7805970149253731,
        0.7597014925373134,
        0.7268656716417911,
        0.9328358208955224,
        0.891044776119403,
        0.8402985074626866,
        0.8940298507462686,
        0.8940298507462686,
        0.5507462686567165,
        0.926865671641791,
        0.9029850746268657,
        0.9417910447761194,
        0.9626865671641791,
        0.8611940298507462,
        0.891044776119403,
        0.8014925373134328,
        0.8552238805970149,
        0.8850746268656716,
        0.8940298507462686,
        0.908955223880597
    ],
    "GreedyTotal":[
        0.6820895522388061,
        0.908955223880597,
        0.9358208955223881,
        0.8701492537313433,
        0.6970149253731344,
        0.7626865671641792,
        0.8582089552238806,
        0.9477611940298508,
        0.8373134328358209,
        0.5567164179104478,
        0.7208955223880597,
        0.6194029850746269,
        0.8074626865671642,
        0.6522388059701493,
        0.908955223880597,
        0.7417910447761195,
        0.7776119402985074,
        0.873134328358209,
        0.6074626865671642,
        0.6850746268656717,
        0.7716417910447761,
        0.8164179104477612,
        0.7805970149253731,
        0.4164179104477612,
        0.6611940298507463,
        0.7925373134328358,
        0.7895522388059701,
        0.5955223880597015,
        0.9059701492537314,
        0.7626865671641792,
        0.7417910447761195,
        0.8343283582089552,
        0.8223880597014925,
        0.8522388059701492,
        0.6910447761194031,
        0.9388059701492537,
        0.7328358208955225,
        0.8432835820895522,
        0.9895522388059702,
        0.7597014925373134,
        0.8462686567164179,
        0.5597014925373135,
        0.8343283582089552,
        0.7238805970149255,
        0.5865671641791045,
        0.5776119402985075,
        0.8402985074626866,
        0.8522388059701492,
        0.8970149253731343,
        0.6880597014925373,
        0.753731343283582,
        0.7955223880597015,
        0.882089552238806,
        0.6791044776119403,
        0.8313432835820896,
        0.6940298507462687,
        0.882089552238806,
        0.8014925373134328,
        0.7149253731343284,
        0.8701492537313433,
        0.9,
        0.9417910447761194,
        0.7686567164179104,
        0.8611940298507462,
        0.8402985074626866,
        0.8164179104477612,
        0.9597014925373134,
        0.8671641791044776,
        0.8552238805970149
    ]
}