{
    "AdditionalTotal":[
        0.8226744186046512,
        0.8691860465116279,
        0.9029069767441861,
        0.8784883720930232,
        0.8203488372093023,
        0.9145348837209303,
        0.8994186046511627,
        0.866860465116279,
        0.8656976744186047,
        0.8203488372093023,
        0.8773255813953489,
        0.8133720930232559,
        0.888953488372093,
        0.8284883720930233,
        0.8796511627906977,
        0.8691860465116279,
        0.811046511627907,
        0.883139534883721,
        0.8552325581395349,
        0.8156976744186046,
        0.8308139534883721,
        0.9552325581395349,
        0.8680232558139535,
        0.7005813953488372,
        0.8761627906976744,
        0.8691860465116279,
        0.9133720930232558,
        0.8156976744186046,
        0.8808139534883721,
        0.8343023255813954,
        0.8180232558139535,
        0.8819767441860465,
        0.8808139534883721,
        0.8563953488372094,
        0.8540697674418605,
        0.8936046511627906,
        0.8226744186046512,
        0.8622093023255815,
        0.8761627906976744,
        0.8808139534883721,
        0.866860465116279,
        0.7563953488372093,
        0.9226744186046512,
        0.8343023255813954,
        0.8808139534883721,
        0.7982558139534883,
        0.9017441860465116,
        0.897093023255814,
        0.8598837209302326,
        0.8017441860465117,
        0.7982558139534883,
        0.8354651162790698,
        0.9552325581395349,
        0.8598837209302326,
        0.8784883720930232,
        0.8029069767441861,
        0.9005813953488372,
        0.7901162790697674,
        0.7808139534883721,
        0.9191860465116279,
        0.9377906976744186,
        0.9029069767441861,
        0.8098837209302325,
        0.8796511627906977,
        0.9145348837209303,
        0.7668604651162791,
        0.8703488372093023,
        0.9098837209302326,
        0.875
    ],
    "GreedyAdditional":[
        0.655223880597015,
        0.9208955223880597,
        0.8791044776119403,
        0.8432835820895522,
        0.5567164179104478,
        0.8552238805970149,
        0.891044776119403,
        0.891044776119403,
        0.7417910447761195,
        0.6432835820895523,
        0.8402985074626866,
        0.7686567164179104,
        0.8641791044776119,
        0.7507462686567165,
        0.8791044776119403,
        0.9358208955223881,
        0.9388059701492537,
        0.8761194029850746,
        0.6671641791044777,
        0.8492537313432836,
        0.7895522388059701,
        0.9,
        0.8671641791044776,
        0.6402985074626866,
        0.5746268656716419,
        0.8432835820895522,
        0.8671641791044776,
        0.8134328358208955,
        0.9388059701492537,
        0.753731343283582,
        0.8432835820895522,
        0.7985074626865672,
        0.8761194029850746,
        0.882089552238806,
        0.7865671641791044,
        0.926865671641791,
        0.5746268656716419,
        0.7089552238805971,
        0.9507462686567164,
        0.753731343283582,
        0.9238805970149254,
        0.744776119402985,
        0.8462686567164179,
        0.9298507462686567,
        0.7477611940298508,
        0.6791044776119403,
        0.9,
        0.8552238805970149,
        0.9716417910447761,
        0.5686567164179105,
        0.8253731343283582,
        0.8074626865671642,
        0.9507462686567164,
        0.8970149253731343,
        0.673134328358209,
        0.8313432835820896,
        0.8223880597014925,
        0.7477611940298508,
        0.8970149253731343,
        0.926865671641791,
        0.9208955223880597,
        0.9477611940298508,
        0.8104477611940298,
        0.8432835820895522,
        0.8343283582089552,
        0.6611940298507463,
        0.8552238805970149,
        0.8970149253731343,
        0.8432835820895522
    ],
    "GreedyAdditionalNew":[
        0.6373134328358209,
        0.9029850746268657,
        0.8522388059701492,
        0.7955223880597015,
        0.4761194029850746,
        0.8014925373134328,
        0.8611940298507462,
        0.8432835820895522,
        0.6910447761194031,
        0.7208955223880597,
        0.7925373134328358,
        0.7656716417910449,
        0.8074626865671642,
        0.6701492537313433,
        0.8492537313432836,
        0.9656716417910448,
        0.9716417910447761,
        0.8432835820895522,
        0.6014925373134329,
        0.9298507462686567,
        0.7268656716417911,
        0.8582089552238806,
        0.8283582089552239,
        0.6014925373134329,
        0.5358208955223881,
        0.8014925373134328,
        0.8134328358208955,
        0.8492537313432836,
        0.926865671641791,
        0.7746268656716419,
        0.8641791044776119,
        0.735820895522388,
        0.8253731343283582,
        0.8253731343283582,
        0.7238805970149255,
        0.9149253731343284,
        0.5328358208955224,
        0.6343283582089553,
        0.926865671641791,
        0.6910447761194031,
        0.8850746268656716,
        0.7865671641791044,
        0.8014925373134328,
        0.9537313432835821,
        0.6791044776119403,
        0.7507462686567165,
        0.8582089552238806,
        0.8373134328358209,
        0.9537313432835821,
        0.7149253731343284,
        0.8552238805970149,
        0.753731343283582,
        0.926865671641791,
        0.9149253731343284,
        0.6104477611940299,
        0.8432835820895522,
        0.7686567164179104,
        0.744776119402985,
        0.908955223880597,
        0.8940298507462686,
        0.882089552238806,
        0.9208955223880597,
        0.8850746268656716,
        0.7985074626865672,
        0.7925373134328358,
        0.7089552238805971,
        0.7925373134328358,
        0.8701492537313433,
        0.8641791044776119
    ],
    "GreedyTotal":[
        0.6850746268656717,
        0.8791044776119403,
        0.917910447761194,
        0.8164179104477612,
        0.7716417910447761,
        0.7119402985074627,
        0.8044776119402985,
        0.9328358208955224,
        0.7955223880597015,
        0.4970149253731343,
        0.7149253731343284,
        0.664179104477612,
        0.8134328358208955,
        0.7059701492537314,
        0.8791044776119403,
        0.7805970149253731,
        0.8164179104477612,
        0.8432835820895522,
        0.6701492537313433,
        0.7298507462686568,
        0.8283582089552239,
        0.7656716417910449,
        0.7746268656716419,
        0.6194029850746269,
        0.5238805970149254,
        0.8104477611940298,
        0.8313432835820896,
        0.5626865671641791,
        0.9238805970149254,
        0.7388059701492538,
        0.7805970149253731,
        0.7805970149253731,
        0.7567164179104479,
        0.8104477611940298,
        0.7686567164179104,
        0.9328358208955224,
        0.6820895522388061,
        0.7805970149253731,
        0.9417910447761194,
        0.7865671641791044,
        0.8611940298507462,
        0.5955223880597015,
        0.7716417910447761,
        0.7388059701492538,
        0.6313432835820896,
        0.5417910447761195,
        0.7746268656716419,
        0.8522388059701492,
        0.9208955223880597,
        0.5298507462686567,
        0.7686567164179104,
        0.8134328358208955,
        0.8701492537313433,
        0.7388059701492538,
        0.753731343283582,
        0.7567164179104479,
        0.8283582089552239,
        0.8462686567164179,
        0.735820895522388,
        0.8641791044776119,
        0.8641791044776119,
        0.8940298507462686,
        0.7985074626865672,
        0.7776119402985074,
        0.7985074626865672,
        0.7000000000000001,
        0.873134328358209,
        0.8552238805970149,
        0.8134328358208955
    ]
}