{
    "ARTMaxMin":[
        0.6915422885572139,
        0.45074626865671635,
        0.608955223880597,
        0.5223880597014925,
        0.26865671641791045,
        0.8159203980099502,
        0.426865671641791,
        0.6776119402985075,
        0.5186567164179106,
        0.5074626865671642,
        0.8358208955223881,
        0.49751243781094523,
        0.7343283582089553,
        0.5298507462686567,
        0.4388059701492537,
        0.8022388059701493,
        0.5708955223880597,
        0.5044776119402985,
        0.5186567164179104,
        0.6791044776119404,
        0.36716417910447763,
        0.7850746268656715,
        0.48134328358208955,
        0.47761194029850745,
        0.8457711442786069,
        0.7611940298507461,
        0.8395522388059702,
        0.6156716417910447,
        0.7641791044776118,
        0.6828358208955223,
        0.41791044776119407,
        0.5932835820895522,
        0.635820895522388,
        0.6865671641791046,
        0.5932835820895522,
        0.7074626865671643,
        0.4825870646766169,
        0.5552238805970149,
        0.5522388059701492,
        0.4552238805970149,
        0.6380597014925373,
        0.6865671641791045,
        0.6865671641791045,
        0.5186567164179104,
        0.6044776119402986,
        0.6716417910447762,
        0.6447761194029851,
        0.7723880597014925,
        0.582089552238806,
        0.7810945273631841,
        0.5422885572139303,
        0.5447761194029851,
        0.7432835820895523,
        0.7388059701492538,
        0.544776119402985,
        0.5485074626865671,
        0.6537313432835821,
        0.4029850746268657,
        0.7114427860696516,
        0.6686567164179105,
        0.7850746268656716,
        0.6149253731343283,
        0.7910447761194029,
        0.6507462686567165,
        0.6604477611940298,
        0.8009950248756219,
        0.6328358208955224,
        0.746268656716418,
        0.5850746268656717
    ],
    "Genetic":[
        0.6318407960199005,
        0.5850746268656717,
        0.7014925373134329,
        0.49850746268656715,
        0.4477611940298507,
        0.8059701492537314,
        0.4507462686567164,
        0.5850746268656717,
        0.4738805970149254,
        0.4253731343283582,
        0.7960199004975125,
        0.4825870646766169,
        0.7522388059701492,
        0.42537313432835816,
        0.49850746268656715,
        0.7761194029850746,
        0.6455223880597015,
        0.4597014925373134,
        0.4253731343283582,
        0.6791044776119404,
        0.31940298507462683,
        0.7432835820895523,
        0.30970149253731344,
        0.44776119402985076,
        0.7412935323383084,
        0.7711442786069652,
        0.7910447761194028,
        0.5,
        0.8388059701492537,
        0.6716417910447761,
        0.6865671641791046,
        0.541044776119403,
        0.5462686567164179,
        0.47388059701492535,
        0.5671641791044776,
        0.7253731343283581,
        0.3731343283582089,
        0.41492537313432837,
        0.6746268656716418,
        0.5149253731343284,
        0.6268656716417911,
        0.6343283582089552,
        0.6985074626865673,
        0.7126865671641791,
        0.3843283582089552,
        0.37810945273631846,
        0.7791044776119402,
        0.8022388059701493,
        0.6119402985074627,
        0.7412935323383084,
        0.4676616915422886,
        0.3731343283582089,
        0.7313432835820896,
        0.7126865671641791,
        0.6380597014925373,
        0.6529850746268656,
        0.6477611940298507,
        0.35074626865671643,
        0.8706467661691543,
        0.7462686567164181,
        0.6447761194029851,
        0.5970149253731343,
        0.8308457711442786,
        0.746268656716418,
        0.6492537313432836,
        0.7910447761194029,
        0.555223880597015,
        0.6,
        0.582089552238806
    ],
    "GreedyAdditional":[
        0.3880597014925373,
        0.5552238805970149,
        0.5283582089552239,
        0.43283582089552236,
        0.31343283582089554,
        0.5124378109452736,
        0.391044776119403,
        0.5283582089552239,
        0.5186567164179104,
        0.3917910447761194,
        0.5522388059701493,
        0.3582089552238806,
        0.5850746268656717,
        0.40298507462686567,
        0.3970149253731343,
        0.585820895522388,
        0.45895522388059706,
        0.44477611940298517,
        0.35820895522388063,
        0.5223880597014925,
        0.2417910447761194,
        0.5194029850746269,
        0.31343283582089554,
        0.208955223880597,
        0.5422885572139303,
        0.6517412935323383,
        0.5111940298507462,
        0.4738805970149253,
        0.6447761194029851,
        0.5261194029850745,
        0.4079601990049751,
        0.39179104477611937,
        0.42388059701492536,
        0.3955223880597015,
        0.4216417910447761,
        0.5492537313432836,
        0.4477611940298507,
        0.3910447761194029,
        0.5253731343283582,
        0.3358208955223881,
        0.5,
        0.40298507462686567,
        0.4567164179104477,
        0.6231343283582089,
        0.3246268656716418,
        0.3134328358208955,
        0.5820895522388059,
        0.667910447761194,
        0.5522388059701493,
        0.5024875621890547,
        0.3034825870646766,
        0.3283582089552239,
        0.5492537313432837,
        0.39925373134328357,
        0.41417910447761197,
        0.5186567164179103,
        0.582089552238806,
        0.2873134328358209,
        0.6865671641791046,
        0.5850746268656716,
        0.5761194029850747,
        0.49850746268656715,
        0.6119402985074627,
        0.4955223880597015,
        0.5895522388059702,
        0.6318407960199005,
        0.4597014925373134,
        0.6,
        0.5701492537313433
    ],
    "GreedyTotal":[
        0.1691542288557214,
        0.33432835820895523,
        0.32835820895522383,
        0.28955223880597014,
        0.19402985074626866,
        0.2537313432835821,
        0.208955223880597,
        0.29850746268656714,
        0.4029850746268656,
        0.2164179104477612,
        0.35323383084577115,
        0.30845771144278605,
        0.408955223880597,
        0.1791044776119403,
        0.28059701492537314,
        0.3768656716417911,
        0.2164179104477612,
        0.29850746268656714,
        0.20149253731343283,
        0.35074626865671643,
        0.10746268656716418,
        0.3044776119402985,
        0.2425373134328358,
        0.014925373134328358,
        0.26368159203980096,
        0.4825870646766169,
        0.3582089552238806,
        0.2537313432835821,
        0.38805970149253727,
        0.3694029850746268,
        0.18407960199004977,
        0.2537313432835821,
        0.21492537313432836,
        0.32462686567164184,
        0.291044776119403,
        0.28656716417910444,
        0.3582089552238806,
        0.2298507462686567,
        0.25373134328358204,
        0.059701492537313425,
        0.3805970149253731,
        0.2462686567164179,
        0.29253731343283584,
        0.4402985074626866,
        0.23507462686567163,
        0.14925373134328357,
        0.32238805970149254,
        0.4664179104477612,
        0.40671641791044777,
        0.24875621890547264,
        0.17412935323383086,
        0.23507462686567165,
        0.382089552238806,
        0.2425373134328358,
        0.31343283582089554,
        0.4328358208955224,
        0.42686567164179107,
        0.16044776119402984,
        0.4825870646766169,
        0.42388059701492536,
        0.4388059701492537,
        0.35820895522388063,
        0.5373134328358208,
        0.22388059701492535,
        0.47014925373134325,
        0.41791044776119407,
        0.28358208955223885,
        0.48955223880597015,
        0.4119402985074627
    ]
}