{
    "ARTMaxMin":[
        0.6567164179104478,
        0.7611940298507462,
        0.7223880597014927,
        0.7253731343283583,
        0.4104477611940298,
        0.6318407960199005,
        0.6925373134328358,
        0.7791044776119402,
        0.5447761194029851,
        0.5559701492537313,
        0.8805970149253731,
        0.8756218905472637,
        0.8059701492537312,
        0.6791044776119403,
        0.6477611940298507,
        0.8097014925373134,
        0.7537313432835822,
        0.6776119402985075,
        0.6716417910447761,
        0.8507462686567164,
        0.4388059701492537,
        0.6507462686567165,
        0.7798507462686567,
        0.26865671641791045,
        0.8457711442786069,
        0.8606965174129352,
        0.7835820895522387,
        0.6231343283582089,
        0.9223880597014926,
        0.880597014925373,
        0.5771144278606964,
        0.7761194029850746,
        0.7164179104477613,
        0.6753731343283582,
        0.4776119402985074,
        0.8059701492537312,
        0.4427860696517412,
        0.6179104477611941,
        0.7671641791044775,
        0.20895522388059704,
        0.6679104477611941,
        0.7611940298507462,
        0.6477611940298507,
        0.6828358208955223,
        0.791044776119403,
        0.4577114427860696,
        0.8,
        0.8694029850746269,
        0.7686567164179104,
        0.8557213930348259,
        0.6467661691542288,
        0.6194029850746269,
        0.7164179104477612,
        0.5895522388059702,
        0.7052238805970149,
        0.7014925373134329,
        0.635820895522388,
        0.4216417910447761,
        0.8009950248756219,
        0.7970149253731342,
        0.8298507462686565,
        0.7880597014925373,
        0.9154228855721392,
        0.8895522388059701,
        0.7126865671641791,
        0.900497512437811,
        0.7522388059701492,
        0.8925373134328358,
        0.7373134328358208
    ],
    "Genetic":[
        0.6218905472636815,
        0.8417910447761194,
        0.7014925373134328,
        0.7373134328358208,
        0.5298507462686567,
        0.5970149253731343,
        0.817910447761194,
        0.8298507462686567,
        0.6940298507462687,
        0.664179104477612,
        0.845771144278607,
        0.8159203980099502,
        0.7283582089552237,
        0.6604477611940299,
        0.7701492537313432,
        0.7835820895522388,
        0.8619402985074627,
        0.6805970149253731,
        0.6044776119402986,
        0.6492537313432836,
        0.44477611940298506,
        0.5880597014925373,
        0.6529850746268656,
        0.26865671641791045,
        0.8059701492537314,
        0.8308457711442786,
        0.7425373134328359,
        0.5634328358208955,
        0.8955223880597014,
        0.8171641791044776,
        0.7313432835820896,
        0.7014925373134328,
        0.7552238805970148,
        0.6977611940298507,
        0.4925373134328358,
        0.6835820895522388,
        0.6019900497512438,
        0.6686567164179105,
        0.8626865671641791,
        0.26865671641791045,
        0.7350746268656716,
        0.8955223880597014,
        0.6567164179104477,
        0.8656716417910447,
        0.6007462686567164,
        0.6915422885572139,
        0.8537313432835821,
        0.7723880597014925,
        0.8582089552238805,
        0.7213930348258707,
        0.4577114427860696,
        0.6567164179104478,
        0.5253731343283582,
        0.5223880597014925,
        0.7238805970149254,
        0.7910447761194029,
        0.8298507462686567,
        0.4925373134328358,
        0.9203980099502487,
        0.9164179104477611,
        0.7432835820895523,
        0.7134328358208955,
        0.9303482587064676,
        0.8477611940298508,
        0.8097014925373135,
        0.8656716417910447,
        0.6925373134328358,
        0.8059701492537314,
        0.7940298507462686
    ],
    "GreedyAdditional":[
        0.7611940298507464,
        0.8238805970149252,
        0.7641791044776121,
        0.7223880597014924,
        0.6343283582089552,
        0.6218905472636815,
        0.8089552238805972,
        0.8298507462686567,
        0.8283582089552239,
        0.7126865671641791,
        0.8955223880597015,
        0.5970149253731343,
        0.7611940298507462,
        0.6119402985074627,
        0.7761194029850745,
        0.787313432835821,
        0.8656716417910448,
        0.7552238805970151,
        0.6567164179104478,
        0.6529850746268656,
        0.5432835820895522,
        0.6358208955223881,
        0.5485074626865672,
        0.5671641791044776,
        0.855721393034826,
        0.9154228855721392,
        0.7425373134328358,
        0.5708955223880597,
        0.9104477611940298,
        0.8619402985074627,
        0.7412935323383086,
        0.7126865671641791,
        0.7641791044776118,
        0.5970149253731343,
        0.6119402985074627,
        0.7492537313432835,
        0.6716417910447762,
        0.7164179104477613,
        0.8776119402985074,
        0.27611940298507465,
        0.7947761194029851,
        0.9029850746268657,
        0.6835820895522388,
        0.9104477611940298,
        0.6268656716417911,
        0.5572139303482587,
        0.817910447761194,
        0.8283582089552239,
        0.9216417910447761,
        0.7213930348258706,
        0.562189054726368,
        0.45149253731343286,
        0.6238805970149253,
        0.5522388059701493,
        0.7164179104477612,
        0.8619402985074627,
        0.8208955223880597,
        0.5149253731343284,
        0.9104477611940299,
        0.8626865671641791,
        0.7283582089552239,
        0.7880597014925372,
        0.9552238805970149,
        0.8238805970149254,
        0.8619402985074627,
        0.8756218905472637,
        0.7641791044776118,
        0.8149253731343282,
        0.7522388059701492
    ],
    "GreedyTotal":[
        0.08457711442786069,
        0.34626865671641793,
        0.573134328358209,
        0.46268656716417905,
        0.4552238805970149,
        0.4079601990049751,
        0.11940298507462685,
        0.4507462686567164,
        0.6380597014925373,
        0.5149253731343284,
        0.3582089552238806,
        0.5223880597014925,
        0.6,
        0.19029850746268653,
        0.3074626865671642,
        0.25373134328358204,
        0.23134328358208953,
        0.3074626865671642,
        0.42537313432835816,
        0.3171641791044776,
        0.20298507462686563,
        0.3731343283582089,
        0.24253731343283583,
        0.029850746268656716,
        0.2288557213930348,
        0.43283582089552236,
        0.39925373134328357,
        0.19402985074626866,
        0.6537313432835822,
        0.30223880597014924,
        0.25870646766169153,
        0.2462686567164179,
        0.29253731343283584,
        0.4626865671641791,
        0.4141791044776119,
        0.42388059701492536,
        0.49253731343283585,
        0.41791044776119407,
        0.28059701492537314,
        0.11194029850746268,
        0.4216417910447761,
        0.06716417910447761,
        0.30149253731343284,
        0.42910447761194026,
        0.12686567164179102,
        0.1144278606965174,
        0.4388059701492537,
        0.43283582089552236,
        0.2947761194029851,
        0.4427860696517412,
        0.12437810945273631,
        0.23880597014925373,
        0.3522388059701492,
        0.2388059701492537,
        0.6044776119402985,
        0.6567164179104479,
        0.4835820895522388,
        0.24999999999999997,
        0.7114427860696516,
        0.5164179104477612,
        0.4029850746268656,
        0.3522388059701493,
        0.4626865671641791,
        0.38208955223880603,
        0.5932835820895522,
        0.7164179104477612,
        0.2626865671641791,
        0.608955223880597,
        0.4298507462686567
    ]
}