{
    "AdditionalTotal":[
        0.2558139534883721,
        0.2534883720930233,
        0.25813953488372093,
        0.20232558139534884,
        0.18604651162790697,
        0.2751937984496124,
        0.2418604651162791,
        0.24302325581395348,
        0.25872093023255816,
        0.2688953488372093,
        0.3488372093023256,
        0.15891472868217055,
        0.26744186046511625,
        0.1816860465116279,
        0.20930232558139536,
        0.32703488372093026,
        0.23110465116279072,
        0.20581395348837211,
        0.20930232558139533,
        0.251453488372093,
        0.1186046511627907,
        0.31976744186046513,
        0.07994186046511628,
        0.12790697674418605,
        0.34689922480620156,
        0.32945736434108525,
        0.3502906976744186,
        0.2543604651162791,
        0.2953488372093024,
        0.27470930232558144,
        0.26744186046511625,
        0.2049418604651163,
        0.2302325581395349,
        0.13517441860465115,
        0.24854651162790697,
        0.2593023255813954,
        0.2054263565891473,
        0.20697674418604653,
        0.26279069767441865,
        0.18604651162790697,
        0.24563953488372092,
        0.29069767441860467,
        0.2906976744186046,
        0.29360465116279066,
        0.18604651162790697,
        0.20930232558139536,
        0.3,
        0.2936046511627907,
        0.3081395348837209,
        0.33527131782945735,
        0.12790697674418605,
        0.0755813953488372,
        0.2965116279069767,
        0.28343023255813954,
        0.24709302325581395,
        0.2543604651162791,
        0.2883720930232558,
        0.15261627906976744,
        0.29069767441860467,
        0.3186046511627907,
        0.286046511627907,
        0.2255813953488372,
        0.34689922480620156,
        0.27674418604651163,
        0.313953488372093,
        0.24806201550387597,
        0.21976744186046515,
        0.27325581395348836,
        0.2732558139534884
    ],
    "GreedyAdditional":[
        0.3880597014925373,
        0.5552238805970149,
        0.5283582089552239,
        0.43283582089552236,
        0.31343283582089554,
        0.5124378109452736,
        0.391044776119403,
        0.5283582089552239,
        0.5186567164179104,
        0.3917910447761194,
        0.5522388059701493,
        0.3582089552238806,
        0.5850746268656717,
        0.40298507462686567,
        0.3970149253731343,
        0.585820895522388,
        0.45895522388059706,
        0.44477611940298517,
        0.35820895522388063,
        0.5223880597014925,
        0.2417910447761194,
        0.5194029850746269,
        0.31343283582089554,
        0.208955223880597,
        0.5422885572139303,
        0.6517412935323383,
        0.5111940298507462,
        0.4738805970149253,
        0.6447761194029851,
        0.5261194029850745,
        0.4079601990049751,
        0.39179104477611937,
        0.42388059701492536,
        0.3955223880597015,
        0.4216417910447761,
        0.5492537313432836,
        0.4477611940298507,
        0.3910447761194029,
        0.5253731343283582,
        0.3358208955223881,
        0.5,
        0.40298507462686567,
        0.4567164179104477,
        0.6231343283582089,
        0.3246268656716418,
        0.3134328358208955,
        0.5820895522388059,
        0.667910447761194,
        0.5522388059701493,
        0.5024875621890547,
        0.3034825870646766,
        0.3283582089552239,
        0.5492537313432837,
        0.39925373134328357,
        0.41417910447761197,
        0.5186567164179103,
        0.582089552238806,
        0.2873134328358209,
        0.6865671641791046,
        0.5850746268656716,
        0.5761194029850747,
        0.49850746268656715,
        0.6119402985074627,
        0.4955223880597015,
        0.5895522388059702,
        0.6318407960199005,
        0.4597014925373134,
        0.6,
        0.5701492537313433
    ],
    "GreedyAdditionalNew":[
        0.3930348258706468,
        0.391044776119403,
        0.617910447761194,
        0.48059701492537316,
        0.40298507462686567,
        0.47761194029850745,
        0.2656716417910448,
        0.5492537313432836,
        0.47014925373134325,
        0.48134328358208955,
        0.6318407960199005,
        0.41791044776119396,
        0.6089552238805969,
        0.40298507462686567,
        0.4597014925373134,
        0.6268656716417911,
        0.4962686567164179,
        0.4776119402985074,
        0.4104477611940298,
        0.6082089552238805,
        0.27761194029850744,
        0.4955223880597015,
        0.39552238805970147,
        0.16417910447761194,
        0.5323383084577115,
        0.7263681592039801,
        0.5746268656716418,
        0.39925373134328357,
        0.7164179104477612,
        0.5671641791044776,
        0.3383084577114428,
        0.39179104477611937,
        0.3552238805970149,
        0.4104477611940298,
        0.4552238805970149,
        0.6179104477611939,
        0.4676616915422886,
        0.408955223880597,
        0.4686567164179104,
        0.2835820895522388,
        0.5634328358208955,
        0.3955223880597015,
        0.4208955223880597,
        0.5373134328358208,
        0.3656716417910448,
        0.4029850746268657,
        0.5970149253731343,
        0.6865671641791044,
        0.5223880597014925,
        0.5323383084577115,
        0.3283582089552239,
        0.3843283582089552,
        0.5850746268656717,
        0.3843283582089552,
        0.47014925373134325,
        0.582089552238806,
        0.5522388059701492,
        0.3805970149253731,
        0.6915422885572139,
        0.5283582089552239,
        0.6119402985074627,
        0.5253731343283582,
        0.6915422885572139,
        0.4865671641791045,
        0.664179104477612,
        0.6567164179104478,
        0.4298507462686567,
        0.6805970149253731,
        0.5194029850746269
    ],
    "GreedyTotal":[
        0.1691542288557214,
        0.33432835820895523,
        0.32835820895522383,
        0.28955223880597014,
        0.19402985074626866,
        0.2537313432835821,
        0.208955223880597,
        0.29850746268656714,
        0.4029850746268656,
        0.2164179104477612,
        0.35323383084577115,
        0.30845771144278605,
        0.408955223880597,
        0.1791044776119403,
        0.28059701492537314,
        0.3768656716417911,
        0.2164179104477612,
        0.29850746268656714,
        0.20149253731343283,
        0.35074626865671643,
        0.10746268656716418,
        0.3044776119402985,
        0.2425373134328358,
        0.014925373134328358,
        0.26368159203980096,
        0.4825870646766169,
        0.3582089552238806,
        0.2537313432835821,
        0.38805970149253727,
        0.3694029850746268,
        0.18407960199004977,
        0.2537313432835821,
        0.21492537313432836,
        0.32462686567164184,
        0.291044776119403,
        0.28656716417910444,
        0.3582089552238806,
        0.2298507462686567,
        0.25373134328358204,
        0.059701492537313425,
        0.3805970149253731,
        0.2462686567164179,
        0.29253731343283584,
        0.4402985074626866,
        0.23507462686567163,
        0.14925373134328357,
        0.32238805970149254,
        0.4664179104477612,
        0.40671641791044777,
        0.24875621890547264,
        0.17412935323383086,
        0.23507462686567165,
        0.382089552238806,
        0.2425373134328358,
        0.31343283582089554,
        0.4328358208955224,
        0.42686567164179107,
        0.16044776119402984,
        0.4825870646766169,
        0.42388059701492536,
        0.4388059701492537,
        0.35820895522388063,
        0.5373134328358208,
        0.22388059701492535,
        0.47014925373134325,
        0.41791044776119407,
        0.28358208955223885,
        0.48955223880597015,
        0.4119402985074627
    ]
}