{
    "AdditionalTotal":[
        0.040740740740740744,
        0.042222222222222223,
        0.040370370370370376,
        0.0337037037037037,
        0.03148148148148148,
        0.0367283950617284,
        0.03851851851851852,
        0.037592592592592594,
        0.04305555555555556,
        0.044675925925925924,
        0.05185185185185185,
        0.02654320987654321,
        0.04148148148148148,
        0.02986111111111111,
        0.03481481481481481,
        0.048379629629629634,
        0.038657407407407404,
        0.03425925925925926,
        0.03287037037037037,
        0.041435185185185186,
        0.01962962962962963,
        0.04296296296296297,
        0.01273148148148148,
        0.020370370370370372,
        0.05339506172839506,
        0.049999999999999996,
        0.04884259259259259,
        0.04189814814814815,
        0.046296296296296294,
        0.04560185185185185,
        0.03950617283950617,
        0.034027777777777775,
        0.03814814814814815,
        0.021527777777777778,
        0.035416666666666666,
        0.040185185185185185,
        0.03148148148148148,
        0.03370370370370371,
        0.0437037037037037,
        0.0212962962962963,
        0.03726851851851852,
        0.04814814814814815,
        0.04203703703703703,
        0.046759259259259264,
        0.02962962962962963,
        0.034567901234567905,
        0.04814814814814815,
        0.046759259259259264,
        0.047685185185185185,
        0.05277777777777778,
        0.020987654320987658,
        0.012037037037037037,
        0.041666666666666664,
        0.03657407407407407,
        0.04027777777777777,
        0.04236111111111111,
        0.046296296296296294,
        0.02523148148148148,
        0.04814814814814814,
        0.05,
        0.04296296296296296,
        0.0374074074074074,
        0.05277777777777778,
        0.04518518518518518,
        0.04675925925925926,
        0.04074074074074074,
        0.03648148148148148,
        0.042777777777777776,
        0.045
    ],
    "GreedyAdditional":[
        0.4825870646766169,
        0.7164179104477613,
        0.782089552238806,
        0.6537313432835821,
        0.6716417910447762,
        0.5920398009950248,
        0.48358208955223886,
        0.7582089552238807,
        0.7723880597014925,
        0.5970149253731344,
        0.6169154228855721,
        0.7213930348258706,
        0.7701492537313432,
        0.45522388059701496,
        0.5910447761194029,
        0.6268656716417911,
        0.6044776119402985,
        0.5402985074626866,
        0.5447761194029851,
        0.6492537313432836,
        0.42388059701492536,
        0.6119402985074627,
        0.3880597014925373,
        0.5373134328358209,
        0.527363184079602,
        0.6716417910447762,
        0.75,
        0.4552238805970149,
        0.8716417910447761,
        0.6492537313432836,
        0.7164179104477612,
        0.48134328358208955,
        0.6865671641791045,
        0.6380597014925373,
        0.667910447761194,
        0.7611940298507462,
        0.5223880597014926,
        0.6059701492537314,
        0.7074626865671643,
        0.25373134328358204,
        0.6417910447761195,
        0.5149253731343284,
        0.5164179104477612,
        0.6753731343283582,
        0.2798507462686567,
        0.29850746268656714,
        0.6805970149253732,
        0.6865671641791045,
        0.6305970149253731,
        0.5522388059701492,
        0.427860696517413,
        0.373134328358209,
        0.6358208955223881,
        0.5559701492537313,
        0.7313432835820894,
        0.8208955223880597,
        0.6776119402985075,
        0.5373134328358209,
        0.8557213930348259,
        0.6716417910447762,
        0.7223880597014926,
        0.6477611940298507,
        0.7810945273631841,
        0.6388059701492537,
        0.7537313432835822,
        0.8855721393034827,
        0.5761194029850747,
        0.7701492537313432,
        0.6865671641791045
    ],
    "GreedyAdditionalNew":[
        0.32338308457711445,
        0.7373134328358208,
        0.773134328358209,
        0.6656716417910448,
        0.6791044776119404,
        0.6019900497512438,
        0.5313432835820895,
        0.7552238805970148,
        0.6679104477611941,
        0.585820895522388,
        0.6069651741293532,
        0.7412935323383084,
        0.6567164179104477,
        0.47388059701492535,
        0.6238805970149254,
        0.6567164179104478,
        0.6305970149253731,
        0.5641791044776119,
        0.5447761194029851,
        0.6567164179104478,
        0.33134328358208964,
        0.6208955223880597,
        0.41417910447761197,
        0.014925373134328358,
        0.5422885572139303,
        0.681592039800995,
        0.7425373134328358,
        0.5485074626865671,
        0.8537313432835821,
        0.667910447761194,
        0.7412935323383084,
        0.5037313432835822,
        0.6059701492537314,
        0.664179104477612,
        0.5335820895522388,
        0.7701492537313432,
        0.527363184079602,
        0.608955223880597,
        0.7373134328358208,
        0.2537313432835821,
        0.6455223880597014,
        0.5671641791044777,
        0.5850746268656717,
        0.7052238805970149,
        0.29477611940298504,
        0.30845771144278605,
        0.6895522388059702,
        0.7014925373134329,
        0.6529850746268656,
        0.6517412935323383,
        0.2686567164179105,
        0.3955223880597015,
        0.6537313432835821,
        0.5671641791044776,
        0.7238805970149254,
        0.8208955223880597,
        0.6835820895522388,
        0.541044776119403,
        0.8606965174129352,
        0.6716417910447761,
        0.7432835820895523,
        0.6208955223880598,
        0.7761194029850746,
        0.7044776119402985,
        0.746268656716418,
        0.8805970149253732,
        0.6029850746268657,
        0.7641791044776118,
        0.6985074626865672
    ],
    "GreedyTotal":[
        0.0746268656716418,
        0.32238805970149254,
        0.5582089552238806,
        0.3850746268656716,
        0.4925373134328358,
        0.3980099502487562,
        0.11940298507462685,
        0.45074626865671635,
        0.6194029850746269,
        0.41044776119402987,
        0.3432835820895522,
        0.48756218905472637,
        0.591044776119403,
        0.12313432835820895,
        0.2835820895522388,
        0.31343283582089554,
        0.19029850746268656,
        0.28059701492537314,
        0.3694029850746268,
        0.2947761194029851,
        0.2298507462686567,
        0.4119402985074627,
        0.2574626865671642,
        0.029850746268656716,
        0.1990049751243781,
        0.4129353233830846,
        0.4328358208955224,
        0.11567164179104478,
        0.6059701492537313,
        0.35074626865671643,
        0.31343283582089554,
        0.20149253731343283,
        0.23582089552238808,
        0.3395522388059702,
        0.4626865671641791,
        0.3850746268656716,
        0.5124378109452736,
        0.4119402985074626,
        0.21492537313432836,
        0.17910447761194032,
        0.4552238805970149,
        0.059701492537313425,
        0.28656716417910444,
        0.41044776119402987,
        0.16044776119402984,
        0.12437810945273631,
        0.33432835820895523,
        0.45895522388059706,
        0.34701492537313433,
        0.22388059701492535,
        0.2885572139303483,
        0.25746268656716415,
        0.5432835820895523,
        0.34328358208955223,
        0.4402985074626865,
        0.6567164179104478,
        0.47164179104477605,
        0.3022388059701493,
        0.5273631840796019,
        0.5850746268656717,
        0.3970149253731344,
        0.28059701492537314,
        0.47761194029850745,
        0.4119402985074627,
        0.582089552238806,
        0.5323383084577115,
        0.31940298507462683,
        0.5253731343283582,
        0.408955223880597
    ]
}