{
    "AdditionalTotal":[
        0.4825870646766169,
        0.7164179104477613,
        0.782089552238806,
        0.6537313432835821,
        0.6716417910447762,
        0.5920398009950248,
        0.48358208955223886,
        0.7582089552238807,
        0.7723880597014925,
        0.5970149253731344,
        0.6169154228855721,
        0.7213930348258706,
        0.7701492537313432,
        0.45522388059701496,
        0.5910447761194029,
        0.6268656716417911,
        0.6044776119402985,
        0.5402985074626866,
        0.5447761194029851,
        0.6492537313432836,
        0.42388059701492536,
        0.6119402985074627,
        0.3880597014925373,
        0.5373134328358209,
        0.527363184079602,
        0.6716417910447762,
        0.75,
        0.4552238805970149,
        0.8716417910447761,
        0.6492537313432836,
        0.7164179104477612,
        0.48134328358208955,
        0.6865671641791045,
        0.6380597014925373,
        0.667910447761194,
        0.7611940298507462,
        0.5223880597014926,
        0.6059701492537314,
        0.7074626865671643,
        0.25373134328358204,
        0.6417910447761195,
        0.5149253731343284,
        0.5164179104477612,
        0.6753731343283582,
        0.2798507462686567,
        0.29850746268656714,
        0.6805970149253732,
        0.6865671641791045,
        0.6305970149253731,
        0.5522388059701492,
        0.427860696517413,
        0.373134328358209,
        0.6358208955223881,
        0.5559701492537313,
        0.7313432835820894,
        0.8208955223880597,
        0.6776119402985075,
        0.5373134328358209,
        0.8557213930348259,
        0.6716417910447762,
        0.7223880597014926,
        0.6477611940298507,
        0.7810945273631841,
        0.6388059701492537,
        0.7537313432835822,
        0.8855721393034827,
        0.5761194029850747,
        0.7701492537313432,
        0.6865671641791045
    ],
    "GreedyAdditional":[
        0.4825870646766169,
        0.7164179104477613,
        0.782089552238806,
        0.6537313432835821,
        0.6716417910447762,
        0.5920398009950248,
        0.48358208955223886,
        0.7582089552238807,
        0.7723880597014925,
        0.5970149253731344,
        0.6169154228855721,
        0.7213930348258706,
        0.7701492537313432,
        0.45522388059701496,
        0.5910447761194029,
        0.6268656716417911,
        0.6044776119402985,
        0.5402985074626866,
        0.5447761194029851,
        0.6492537313432836,
        0.42388059701492536,
        0.6119402985074627,
        0.3880597014925373,
        0.5373134328358209,
        0.527363184079602,
        0.6716417910447762,
        0.75,
        0.4552238805970149,
        0.8716417910447761,
        0.6492537313432836,
        0.7164179104477612,
        0.48134328358208955,
        0.6865671641791045,
        0.6380597014925373,
        0.667910447761194,
        0.7611940298507462,
        0.5223880597014926,
        0.6059701492537314,
        0.7074626865671643,
        0.25373134328358204,
        0.6417910447761195,
        0.5149253731343284,
        0.5164179104477612,
        0.6753731343283582,
        0.2798507462686567,
        0.29850746268656714,
        0.6805970149253732,
        0.6865671641791045,
        0.6305970149253731,
        0.5522388059701492,
        0.427860696517413,
        0.373134328358209,
        0.6358208955223881,
        0.5559701492537313,
        0.7313432835820894,
        0.8208955223880597,
        0.6776119402985075,
        0.5373134328358209,
        0.8557213930348259,
        0.6716417910447762,
        0.7223880597014926,
        0.6477611940298507,
        0.7810945273631841,
        0.6388059701492537,
        0.7537313432835822,
        0.8855721393034827,
        0.5761194029850747,
        0.7701492537313432,
        0.6865671641791045
    ],
    "GreedyAdditionalSimilarity":[
        0.05970149253731343,
        0.42388059701492536,
        0.6507462686567165,
        0.3940298507462687,
        0.5,
        0.5920398009950248,
        0.14029850746268657,
        0.6238805970149254,
        0.5634328358208955,
        0.3694029850746269,
        0.3333333333333333,
        0.5422885572139303,
        0.6955223880597015,
        0.2835820895522388,
        0.2835820895522388,
        0.34328358208955223,
        0.28358208955223885,
        0.4298507462686567,
        0.3843283582089552,
        0.5298507462686568,
        0.3134328358208955,
        0.6298507462686567,
        0.34328358208955223,
        0.04477611940298507,
        0.24378109452736316,
        0.572139303482587,
        0.4477611940298507,
        0.24253731343283583,
        0.6716417910447761,
        0.3768656716417911,
        0.31840796019900497,
        0.30597014925373134,
        0.41791044776119407,
        0.4552238805970149,
        0.45522388059701496,
        0.5313432835820896,
        0.5422885572139303,
        0.4686567164179104,
        0.4,
        0.208955223880597,
        0.6119402985074627,
        0.059701492537313425,
        0.5223880597014926,
        0.5149253731343283,
        0.3283582089552239,
        0.13432835820895522,
        0.3223880597014926,
        0.582089552238806,
        0.4328358208955224,
        0.4676616915422886,
        0.31840796019900497,
        0.291044776119403,
        0.6208955223880597,
        0.44776119402985076,
        0.5708955223880597,
        0.6380597014925373,
        0.5283582089552239,
        0.40671641791044777,
        0.7363184079601991,
        0.5582089552238806,
        0.5970149253731344,
        0.4567164179104478,
        0.572139303482587,
        0.40597014925373126,
        0.5671641791044776,
        0.845771144278607,
        0.5641791044776119,
        0.7313432835820896,
        0.49850746268656704
    ],
    "GreedyTotal":[
        0.0746268656716418,
        0.32238805970149254,
        0.5582089552238806,
        0.3850746268656716,
        0.4925373134328358,
        0.3980099502487562,
        0.11940298507462685,
        0.45074626865671635,
        0.6194029850746269,
        0.41044776119402987,
        0.3432835820895522,
        0.48756218905472637,
        0.591044776119403,
        0.12313432835820895,
        0.2835820895522388,
        0.31343283582089554,
        0.19029850746268656,
        0.28059701492537314,
        0.3694029850746268,
        0.2947761194029851,
        0.2298507462686567,
        0.4119402985074627,
        0.2574626865671642,
        0.029850746268656716,
        0.1990049751243781,
        0.4129353233830846,
        0.4328358208955224,
        0.11567164179104478,
        0.6059701492537313,
        0.35074626865671643,
        0.31343283582089554,
        0.20149253731343283,
        0.23582089552238808,
        0.3395522388059702,
        0.4626865671641791,
        0.3850746268656716,
        0.5124378109452736,
        0.4119402985074626,
        0.21492537313432836,
        0.17910447761194032,
        0.4552238805970149,
        0.059701492537313425,
        0.28656716417910444,
        0.41044776119402987,
        0.16044776119402984,
        0.12437810945273631,
        0.33432835820895523,
        0.45895522388059706,
        0.34701492537313433,
        0.22388059701492535,
        0.2885572139303483,
        0.25746268656716415,
        0.5432835820895523,
        0.34328358208955223,
        0.4402985074626865,
        0.6567164179104478,
        0.47164179104477605,
        0.3022388059701493,
        0.5273631840796019,
        0.5850746268656717,
        0.3970149253731344,
        0.28059701492537314,
        0.47761194029850745,
        0.4119402985074627,
        0.582089552238806,
        0.5323383084577115,
        0.31940298507462683,
        0.5253731343283582,
        0.408955223880597
    ]
}