{
    "ARTMaxMin":[
        0.7213930348258707,
        0.7134328358208956,
        0.7283582089552239,
        0.6358208955223881,
        0.5,
        0.6069651741293532,
        0.6597014925373135,
        0.8447761194029851,
        0.6082089552238805,
        0.5074626865671642,
        0.7761194029850746,
        0.5522388059701492,
        0.7880597014925372,
        0.5746268656716418,
        0.6417910447761195,
        0.8246268656716418,
        0.791044776119403,
        0.5791044776119403,
        0.45895522388059695,
        0.7723880597014925,
        0.5074626865671642,
        0.5582089552238806,
        0.4029850746268656,
        0.7611940298507462,
        0.6716417910447762,
        0.7761194029850746,
        0.7201492537313432,
        0.4664179104477612,
        0.9104477611940298,
        0.8022388059701492,
        0.7412935323383084,
        0.5223880597014925,
        0.6119402985074627,
        0.5335820895522387,
        0.6044776119402985,
        0.7850746268656716,
        0.5373134328358209,
        0.6059701492537314,
        0.8805970149253731,
        0.12686567164179102,
        0.664179104477612,
        0.746268656716418,
        0.4298507462686567,
        0.7388059701492538,
        0.3544776119402985,
        0.7313432835820896,
        0.764179104477612,
        0.75,
        0.8022388059701493,
        0.5422885572139303,
        0.5870646766169154,
        0.5522388059701493,
        0.6597014925373135,
        0.5111940298507462,
        0.5522388059701493,
        0.7313432835820896,
        0.6417910447761194,
        0.5932835820895522,
        0.8457711442786069,
        0.8059701492537312,
        0.7194029850746269,
        0.7134328358208956,
        0.9502487562189055,
        0.7492537313432834,
        0.7537313432835822,
        0.7960199004975124,
        0.6985074626865672,
        0.7283582089552239,
        0.7850746268656716
    ],
    "Genetic":[
        0.42288557213930345,
        0.7044776119402985,
        0.808955223880597,
        0.6597014925373135,
        0.708955223880597,
        0.6218905472636815,
        0.4686567164179104,
        0.7283582089552239,
        0.7574626865671642,
        0.6119402985074627,
        0.6417910447761194,
        0.7164179104477612,
        0.7343283582089553,
        0.4104477611940298,
        0.6059701492537314,
        0.6753731343283582,
        0.6082089552238806,
        0.5432835820895522,
        0.5783582089552239,
        0.6343283582089553,
        0.3940298507462686,
        0.6447761194029852,
        0.332089552238806,
        0.29850746268656714,
        0.5522388059701493,
        0.6915422885572139,
        0.7985074626865671,
        0.34701492537313433,
        0.8597014925373134,
        0.6753731343283582,
        0.7512437810945274,
        0.5074626865671642,
        0.6328358208955224,
        0.6492537313432836,
        0.6417910447761194,
        0.7671641791044775,
        0.527363184079602,
        0.6,
        0.7014925373134328,
        0.26119402985074625,
        0.6492537313432836,
        0.5597014925373134,
        0.5850746268656717,
        0.6753731343283583,
        0.291044776119403,
        0.3184079601990049,
        0.7014925373134329,
        0.7052238805970149,
        0.6380597014925373,
        0.582089552238806,
        0.3731343283582089,
        0.31343283582089554,
        0.6746268656716417,
        0.6007462686567164,
        0.75,
        0.8134328358208955,
        0.6716417910447762,
        0.5186567164179104,
        0.8756218905472637,
        0.6746268656716418,
        0.7611940298507462,
        0.6388059701492537,
        0.8059701492537313,
        0.7014925373134328,
        0.7798507462686567,
        0.8358208955223881,
        0.5611940298507462,
        0.791044776119403,
        0.6208955223880597
    ],
    "GreedyAdditional":[
        0.4825870646766169,
        0.7164179104477613,
        0.782089552238806,
        0.6537313432835821,
        0.6716417910447762,
        0.5920398009950248,
        0.48358208955223886,
        0.7582089552238807,
        0.7723880597014925,
        0.5970149253731344,
        0.6169154228855721,
        0.7213930348258706,
        0.7701492537313432,
        0.45522388059701496,
        0.5910447761194029,
        0.6268656716417911,
        0.6044776119402985,
        0.5402985074626866,
        0.5447761194029851,
        0.6492537313432836,
        0.42388059701492536,
        0.6119402985074627,
        0.3880597014925373,
        0.5373134328358209,
        0.527363184079602,
        0.6716417910447762,
        0.75,
        0.4552238805970149,
        0.8716417910447761,
        0.6492537313432836,
        0.7164179104477612,
        0.48134328358208955,
        0.6865671641791045,
        0.6380597014925373,
        0.667910447761194,
        0.7611940298507462,
        0.5223880597014926,
        0.6059701492537314,
        0.7074626865671643,
        0.25373134328358204,
        0.6417910447761195,
        0.5149253731343284,
        0.5164179104477612,
        0.6753731343283582,
        0.2798507462686567,
        0.29850746268656714,
        0.6805970149253732,
        0.6865671641791045,
        0.6305970149253731,
        0.5522388059701492,
        0.427860696517413,
        0.373134328358209,
        0.6358208955223881,
        0.5559701492537313,
        0.7313432835820894,
        0.8208955223880597,
        0.6776119402985075,
        0.5373134328358209,
        0.8557213930348259,
        0.6716417910447762,
        0.7223880597014926,
        0.6477611940298507,
        0.7810945273631841,
        0.6388059701492537,
        0.7537313432835822,
        0.8855721393034827,
        0.5761194029850747,
        0.7701492537313432,
        0.6865671641791045
    ],
    "GreedyTotal":[
        0.0746268656716418,
        0.32238805970149254,
        0.5582089552238806,
        0.3850746268656716,
        0.4925373134328358,
        0.3980099502487562,
        0.11940298507462685,
        0.45074626865671635,
        0.6194029850746269,
        0.41044776119402987,
        0.3432835820895522,
        0.48756218905472637,
        0.591044776119403,
        0.12313432835820895,
        0.2835820895522388,
        0.31343283582089554,
        0.19029850746268656,
        0.28059701492537314,
        0.3694029850746268,
        0.2947761194029851,
        0.2298507462686567,
        0.4119402985074627,
        0.2574626865671642,
        0.029850746268656716,
        0.1990049751243781,
        0.4129353233830846,
        0.4328358208955224,
        0.11567164179104478,
        0.6059701492537313,
        0.35074626865671643,
        0.31343283582089554,
        0.20149253731343283,
        0.23582089552238808,
        0.3395522388059702,
        0.4626865671641791,
        0.3850746268656716,
        0.5124378109452736,
        0.4119402985074626,
        0.21492537313432836,
        0.17910447761194032,
        0.4552238805970149,
        0.059701492537313425,
        0.28656716417910444,
        0.41044776119402987,
        0.16044776119402984,
        0.12437810945273631,
        0.33432835820895523,
        0.45895522388059706,
        0.34701492537313433,
        0.22388059701492535,
        0.2885572139303483,
        0.25746268656716415,
        0.5432835820895523,
        0.34328358208955223,
        0.4402985074626865,
        0.6567164179104478,
        0.47164179104477605,
        0.3022388059701493,
        0.5273631840796019,
        0.5850746268656717,
        0.3970149253731344,
        0.28059701492537314,
        0.47761194029850745,
        0.4119402985074627,
        0.582089552238806,
        0.5323383084577115,
        0.31940298507462683,
        0.5253731343283582,
        0.408955223880597
    ]
}