{
    "ARTMaxMin":[
        0.6616915422885573,
        0.5820895522388059,
        0.6238805970149254,
        0.6358208955223881,
        0.2537313432835821,
        0.6069651741293532,
        0.5791044776119403,
        0.6805970149253732,
        0.6007462686567164,
        0.5746268656716418,
        0.9154228855721392,
        0.7164179104477612,
        0.7164179104477613,
        0.541044776119403,
        0.5940298507462687,
        0.9067164179104477,
        0.6305970149253731,
        0.5104477611940299,
        0.503731343283582,
        0.7238805970149254,
        0.1761194029850746,
        0.617910447761194,
        0.5223880597014925,
        0.07462686567164178,
        0.8955223880597014,
        0.7562189054726369,
        0.8768656716417911,
        0.6455223880597015,
        0.8119402985074627,
        0.7574626865671643,
        0.4676616915422885,
        0.585820895522388,
        0.7044776119402985,
        0.6268656716417911,
        0.47761194029850745,
        0.7671641791044778,
        0.3930348258706468,
        0.573134328358209,
        0.6537313432835822,
        0.34328358208955223,
        0.5186567164179103,
        0.9402985074626866,
        0.4835820895522388,
        0.5485074626865671,
        0.5186567164179104,
        0.582089552238806,
        0.746268656716418,
        0.7873134328358208,
        0.6380597014925373,
        0.8308457711442787,
        0.3880597014925373,
        0.4962686567164179,
        0.7940298507462688,
        0.503731343283582,
        0.6604477611940299,
        0.5970149253731343,
        0.7462686567164181,
        0.34328358208955223,
        0.7761194029850746,
        0.7343283582089553,
        0.8388059701492537,
        0.7373134328358208,
        0.8507462686567164,
        0.6805970149253732,
        0.7126865671641791,
        0.8805970149253731,
        0.7641791044776121,
        0.7194029850746269,
        0.701492537313433
    ],
    "Genetic":[
        0.5870646766169154,
        0.808955223880597,
        0.6925373134328358,
        0.5761194029850747,
        0.39552238805970147,
        0.7611940298507461,
        0.6686567164179105,
        0.6925373134328359,
        0.5485074626865671,
        0.5559701492537313,
        0.7562189054726368,
        0.5024875621890548,
        0.7701492537313432,
        0.5485074626865671,
        0.6328358208955225,
        0.9440298507462687,
        0.7014925373134329,
        0.5850746268656717,
        0.44402985074626866,
        0.6865671641791045,
        0.3253731343283582,
        0.7791044776119402,
        0.3768656716417911,
        0.40298507462686567,
        0.7164179104477612,
        0.8805970149253731,
        0.835820895522388,
        0.7014925373134329,
        0.8477611940298507,
        0.7910447761194029,
        0.8407960199004975,
        0.5634328358208955,
        0.5343283582089552,
        0.5186567164179104,
        0.6119402985074627,
        0.8238805970149252,
        0.4776119402985075,
        0.4507462686567164,
        0.8029850746268657,
        0.5597014925373134,
        0.6828358208955223,
        0.8582089552238805,
        0.6238805970149255,
        0.8358208955223881,
        0.3619402985074627,
        0.6318407960199005,
        0.808955223880597,
        0.8283582089552238,
        0.8619402985074627,
        0.7363184079601991,
        0.4676616915422886,
        0.47388059701492535,
        0.782089552238806,
        0.6977611940298508,
        0.5335820895522388,
        0.6902985074626865,
        0.746268656716418,
        0.4029850746268656,
        0.8308457711442786,
        0.8149253731343284,
        0.817910447761194,
        0.6895522388059702,
        0.9104477611940297,
        0.6955223880597015,
        0.75,
        0.7860696517412936,
        0.626865671641791,
        0.7343283582089553,
        0.6895522388059703
    ],
    "GreedyAdditional":[
        0.3880597014925373,
        0.5552238805970149,
        0.5283582089552239,
        0.43283582089552236,
        0.31343283582089554,
        0.5124378109452736,
        0.391044776119403,
        0.5283582089552239,
        0.5186567164179104,
        0.3917910447761194,
        0.5522388059701493,
        0.3582089552238806,
        0.5850746268656717,
        0.40298507462686567,
        0.3970149253731343,
        0.585820895522388,
        0.45895522388059706,
        0.44477611940298517,
        0.35820895522388063,
        0.5223880597014925,
        0.2417910447761194,
        0.5194029850746269,
        0.31343283582089554,
        0.208955223880597,
        0.5422885572139303,
        0.6517412935323383,
        0.5111940298507462,
        0.4738805970149253,
        0.6447761194029851,
        0.5261194029850745,
        0.4079601990049751,
        0.39179104477611937,
        0.42388059701492536,
        0.3955223880597015,
        0.4216417910447761,
        0.5492537313432836,
        0.4477611940298507,
        0.3910447761194029,
        0.5253731343283582,
        0.3358208955223881,
        0.5,
        0.40298507462686567,
        0.4567164179104477,
        0.6231343283582089,
        0.3246268656716418,
        0.3134328358208955,
        0.5820895522388059,
        0.667910447761194,
        0.5522388059701493,
        0.5024875621890547,
        0.3034825870646766,
        0.3283582089552239,
        0.5492537313432837,
        0.39925373134328357,
        0.41417910447761197,
        0.5186567164179103,
        0.582089552238806,
        0.2873134328358209,
        0.6865671641791046,
        0.5850746268656716,
        0.5761194029850747,
        0.49850746268656715,
        0.6119402985074627,
        0.4955223880597015,
        0.5895522388059702,
        0.6318407960199005,
        0.4597014925373134,
        0.6,
        0.5701492537313433
    ],
    "GreedyTotal":[
        0.1691542288557214,
        0.33432835820895523,
        0.32835820895522383,
        0.28955223880597014,
        0.19402985074626866,
        0.2537313432835821,
        0.208955223880597,
        0.29850746268656714,
        0.4029850746268656,
        0.2164179104477612,
        0.35323383084577115,
        0.30845771144278605,
        0.408955223880597,
        0.1791044776119403,
        0.28059701492537314,
        0.3768656716417911,
        0.2164179104477612,
        0.29850746268656714,
        0.20149253731343283,
        0.35074626865671643,
        0.10746268656716418,
        0.3044776119402985,
        0.2425373134328358,
        0.014925373134328358,
        0.26368159203980096,
        0.4825870646766169,
        0.3582089552238806,
        0.2537313432835821,
        0.38805970149253727,
        0.3694029850746268,
        0.18407960199004977,
        0.2537313432835821,
        0.21492537313432836,
        0.32462686567164184,
        0.291044776119403,
        0.28656716417910444,
        0.3582089552238806,
        0.2298507462686567,
        0.25373134328358204,
        0.059701492537313425,
        0.3805970149253731,
        0.2462686567164179,
        0.29253731343283584,
        0.4402985074626866,
        0.23507462686567163,
        0.14925373134328357,
        0.32238805970149254,
        0.4664179104477612,
        0.40671641791044777,
        0.24875621890547264,
        0.17412935323383086,
        0.23507462686567165,
        0.382089552238806,
        0.2425373134328358,
        0.31343283582089554,
        0.4328358208955224,
        0.42686567164179107,
        0.16044776119402984,
        0.4825870646766169,
        0.42388059701492536,
        0.4388059701492537,
        0.35820895522388063,
        0.5373134328358208,
        0.22388059701492535,
        0.47014925373134325,
        0.41791044776119407,
        0.28358208955223885,
        0.48955223880597015,
        0.4119402985074627
    ]
}