{
    "ARTMaxMin":[
        0.6169154228855721,
        0.635820895522388,
        0.6925373134328358,
        0.6507462686567165,
        0.3955223880597015,
        0.582089552238806,
        0.626865671641791,
        0.7462686567164178,
        0.5410447761194029,
        0.5223880597014925,
        0.8208955223880597,
        0.6218905472636816,
        0.755223880597015,
        0.6007462686567164,
        0.6119402985074627,
        0.8395522388059702,
        0.7052238805970149,
        0.6925373134328358,
        0.5634328358208955,
        0.8358208955223881,
        0.4119402985074627,
        0.573134328358209,
        0.716417910447761,
        0.3283582089552239,
        0.7213930348258706,
        0.9104477611940299,
        0.7388059701492538,
        0.7126865671641791,
        0.853731343283582,
        0.7985074626865672,
        0.5323383084577115,
        0.7313432835820896,
        0.6388059701492537,
        0.5895522388059702,
        0.503731343283582,
        0.7552238805970148,
        0.42288557213930345,
        0.5343283582089552,
        0.7373134328358208,
        0.16417910447761194,
        0.6455223880597015,
        0.7686567164179104,
        0.4597014925373134,
        0.6791044776119404,
        0.6716417910447762,
        0.7562189054726368,
        0.7104477611940299,
        0.8694029850746269,
        0.7462686567164178,
        0.626865671641791,
        0.6318407960199005,
        0.746268656716418,
        0.755223880597015,
        0.5186567164179104,
        0.5373134328358209,
        0.6343283582089552,
        0.6656716417910448,
        0.4626865671641791,
        0.6467661691542288,
        0.7701492537313432,
        0.7850746268656715,
        0.7552238805970148,
        0.8805970149253731,
        0.7074626865671642,
        0.7126865671641791,
        0.7462686567164178,
        0.6149253731343283,
        0.7791044776119403,
        0.7134328358208956
    ],
    "Genetic":[
        0.7064676616915423,
        0.7552238805970148,
        0.8477611940298507,
        0.7850746268656716,
        0.6716417910447761,
        0.7412935323383084,
        0.7641791044776118,
        0.8388059701492537,
        0.8097014925373134,
        0.6604477611940298,
        0.9303482587064676,
        0.7512437810945274,
        0.7880597014925372,
        0.664179104477612,
        0.8238805970149252,
        0.798507462686567,
        0.7425373134328358,
        0.7701492537313432,
        0.6977611940298507,
        0.75,
        0.4746268656716417,
        0.6417910447761195,
        0.6940298507462686,
        0.2835820895522388,
        0.8855721393034827,
        0.890547263681592,
        0.7798507462686568,
        0.6417910447761194,
        0.9134328358208956,
        0.8619402985074627,
        0.5174129353233831,
        0.6305970149253731,
        0.7343283582089553,
        0.7276119402985074,
        0.5671641791044776,
        0.8208955223880597,
        0.6766169154228855,
        0.7761194029850746,
        0.817910447761194,
        0.3656716417910448,
        0.6343283582089553,
        0.9701492537313432,
        0.6358208955223881,
        0.7126865671641791,
        0.6082089552238806,
        0.6069651741293532,
        0.6746268656716418,
        0.8694029850746268,
        0.8320895522388059,
        0.7661691542288557,
        0.5373134328358209,
        0.7126865671641791,
        0.6656716417910448,
        0.46641791044776115,
        0.7835820895522387,
        0.876865671641791,
        0.8776119402985076,
        0.5485074626865671,
        0.7960199004975124,
        0.8238805970149254,
        0.7432835820895521,
        0.9014925373134327,
        0.9552238805970149,
        0.817910447761194,
        0.8917910447761193,
        0.9203980099502488,
        0.8507462686567164,
        0.8059701492537314,
        0.6567164179104477
    ],
    "GreedyAdditional":[
        0.7611940298507464,
        0.8238805970149252,
        0.7641791044776121,
        0.7223880597014924,
        0.6343283582089552,
        0.6218905472636815,
        0.8089552238805972,
        0.8298507462686567,
        0.8283582089552239,
        0.7126865671641791,
        0.8955223880597015,
        0.5970149253731343,
        0.7611940298507462,
        0.6119402985074627,
        0.7761194029850745,
        0.787313432835821,
        0.8656716417910448,
        0.7552238805970151,
        0.6567164179104478,
        0.6529850746268656,
        0.5432835820895522,
        0.6358208955223881,
        0.5485074626865672,
        0.5671641791044776,
        0.855721393034826,
        0.9154228855721392,
        0.7425373134328358,
        0.5708955223880597,
        0.9104477611940298,
        0.8619402985074627,
        0.7412935323383086,
        0.7126865671641791,
        0.7641791044776118,
        0.5970149253731343,
        0.6119402985074627,
        0.7492537313432835,
        0.6716417910447762,
        0.7164179104477613,
        0.8776119402985074,
        0.27611940298507465,
        0.7947761194029851,
        0.9029850746268657,
        0.6835820895522388,
        0.9104477611940298,
        0.6268656716417911,
        0.5572139303482587,
        0.817910447761194,
        0.8283582089552239,
        0.9216417910447761,
        0.7213930348258706,
        0.562189054726368,
        0.45149253731343286,
        0.6238805970149253,
        0.5522388059701493,
        0.7164179104477612,
        0.8619402985074627,
        0.8208955223880597,
        0.5149253731343284,
        0.9104477611940299,
        0.8626865671641791,
        0.7283582089552239,
        0.7880597014925372,
        0.9552238805970149,
        0.8238805970149254,
        0.8619402985074627,
        0.8756218905472637,
        0.7641791044776118,
        0.8149253731343282,
        0.7522388059701492
    ],
    "GreedyTotal":[
        0.08457711442786069,
        0.34626865671641793,
        0.573134328358209,
        0.46268656716417905,
        0.4552238805970149,
        0.4079601990049751,
        0.11940298507462685,
        0.4507462686567164,
        0.6380597014925373,
        0.5149253731343284,
        0.3582089552238806,
        0.5223880597014925,
        0.6,
        0.19029850746268653,
        0.3074626865671642,
        0.25373134328358204,
        0.23134328358208953,
        0.3074626865671642,
        0.42537313432835816,
        0.3171641791044776,
        0.20298507462686563,
        0.3731343283582089,
        0.24253731343283583,
        0.029850746268656716,
        0.2288557213930348,
        0.43283582089552236,
        0.39925373134328357,
        0.19402985074626866,
        0.6537313432835822,
        0.30223880597014924,
        0.25870646766169153,
        0.2462686567164179,
        0.29253731343283584,
        0.4626865671641791,
        0.4141791044776119,
        0.42388059701492536,
        0.49253731343283585,
        0.41791044776119407,
        0.28059701492537314,
        0.11194029850746268,
        0.4216417910447761,
        0.06716417910447761,
        0.30149253731343284,
        0.42910447761194026,
        0.12686567164179102,
        0.1144278606965174,
        0.4388059701492537,
        0.43283582089552236,
        0.2947761194029851,
        0.4427860696517412,
        0.12437810945273631,
        0.23880597014925373,
        0.3522388059701492,
        0.2388059701492537,
        0.6044776119402985,
        0.6567164179104479,
        0.4835820895522388,
        0.24999999999999997,
        0.7114427860696516,
        0.5164179104477612,
        0.4029850746268656,
        0.3522388059701493,
        0.4626865671641791,
        0.38208955223880603,
        0.5932835820895522,
        0.7164179104477612,
        0.2626865671641791,
        0.608955223880597,
        0.4298507462686567
    ]
}