{
    "ARTMaxMin":[
        0.7313432835820896,
        0.7880597014925373,
        0.7104477611940297,
        0.6477611940298507,
        0.41791044776119407,
        0.7761194029850746,
        0.6477611940298507,
        0.7223880597014926,
        0.5223880597014925,
        0.5485074626865671,
        0.7611940298507464,
        0.6716417910447761,
        0.8477611940298508,
        0.5485074626865671,
        0.5999999999999999,
        0.8283582089552238,
        0.6156716417910448,
        0.5223880597014925,
        0.5522388059701492,
        0.75,
        0.4328358208955224,
        0.7104477611940297,
        0.5111940298507462,
        0.8955223880597015,
        0.6965174129353233,
        0.7313432835820896,
        0.8134328358208955,
        0.46641791044776115,
        0.9611940298507463,
        0.8134328358208955,
        0.7711442786069652,
        0.5597014925373134,
        0.6626865671641791,
        0.5559701492537313,
        0.6417910447761194,
        0.8388059701492537,
        0.32338308457711445,
        0.4507462686567164,
        0.844776119402985,
        0.38805970149253727,
        0.47761194029850745,
        0.7164179104477612,
        0.4925373134328358,
        0.6828358208955223,
        0.3843283582089552,
        0.43781094527363185,
        0.8238805970149252,
        0.7425373134328358,
        0.7574626865671642,
        0.8457711442786069,
        0.7213930348258706,
        0.4552238805970149,
        0.7432835820895521,
        0.6791044776119401,
        0.6044776119402986,
        0.7313432835820896,
        0.5701492537313433,
        0.3694029850746269,
        0.8358208955223881,
        0.817910447761194,
        0.7134328358208955,
        0.7104477611940297,
        0.9452736318407959,
        0.7582089552238807,
        0.7126865671641791,
        0.9253731343283582,
        0.7582089552238805,
        0.728358208955224,
        0.7582089552238805
    ],
    "Genetic":[
        0.5373134328358209,
        0.6985074626865672,
        0.808955223880597,
        0.6328358208955225,
        0.7089552238805971,
        0.6616915422885573,
        0.4507462686567164,
        0.7641791044776118,
        0.7425373134328358,
        0.5895522388059702,
        0.6417910447761194,
        0.7213930348258707,
        0.7761194029850745,
        0.44776119402985076,
        0.5582089552238806,
        0.585820895522388,
        0.6044776119402985,
        0.5253731343283582,
        0.5559701492537314,
        0.6753731343283582,
        0.4686567164179104,
        0.6328358208955224,
        0.3544776119402985,
        0.5970149253731343,
        0.582089552238806,
        0.6417910447761194,
        0.708955223880597,
        0.3283582089552239,
        0.8656716417910448,
        0.6417910447761195,
        0.6666666666666666,
        0.4664179104477612,
        0.6477611940298508,
        0.6119402985074627,
        0.6716417910447761,
        0.7313432835820896,
        0.5621890547263683,
        0.6567164179104477,
        0.6955223880597015,
        0.30597014925373134,
        0.6529850746268657,
        0.4552238805970149,
        0.6328358208955225,
        0.6716417910447761,
        0.332089552238806,
        0.3333333333333333,
        0.6686567164179105,
        0.7126865671641791,
        0.5932835820895522,
        0.6019900497512437,
        0.4776119402985075,
        0.376865671641791,
        0.6029850746268657,
        0.5597014925373134,
        0.7761194029850746,
        0.8059701492537313,
        0.7044776119402985,
        0.5708955223880597,
        0.8706467661691542,
        0.6746268656716419,
        0.7014925373134329,
        0.617910447761194,
        0.7512437810945274,
        0.7104477611940299,
        0.7313432835820897,
        0.8706467661691543,
        0.5731343283582089,
        0.782089552238806,
        0.6268656716417911
    ],
    "GreedyAdditional":[
        0.4825870646766169,
        0.7164179104477613,
        0.782089552238806,
        0.6537313432835821,
        0.6716417910447762,
        0.5920398009950248,
        0.48358208955223886,
        0.7582089552238807,
        0.7723880597014925,
        0.5970149253731344,
        0.6169154228855721,
        0.7213930348258706,
        0.7701492537313432,
        0.45522388059701496,
        0.5910447761194029,
        0.6268656716417911,
        0.6044776119402985,
        0.5402985074626866,
        0.5447761194029851,
        0.6492537313432836,
        0.42388059701492536,
        0.6119402985074627,
        0.3880597014925373,
        0.5373134328358209,
        0.527363184079602,
        0.6716417910447762,
        0.75,
        0.4552238805970149,
        0.8716417910447761,
        0.6492537313432836,
        0.7164179104477612,
        0.48134328358208955,
        0.6865671641791045,
        0.6380597014925373,
        0.667910447761194,
        0.7611940298507462,
        0.5223880597014926,
        0.6059701492537314,
        0.7074626865671643,
        0.25373134328358204,
        0.6417910447761195,
        0.5149253731343284,
        0.5164179104477612,
        0.6753731343283582,
        0.2798507462686567,
        0.29850746268656714,
        0.6805970149253732,
        0.6865671641791045,
        0.6305970149253731,
        0.5522388059701492,
        0.427860696517413,
        0.373134328358209,
        0.6358208955223881,
        0.5559701492537313,
        0.7313432835820894,
        0.8208955223880597,
        0.6776119402985075,
        0.5373134328358209,
        0.8557213930348259,
        0.6716417910447762,
        0.7223880597014926,
        0.6477611940298507,
        0.7810945273631841,
        0.6388059701492537,
        0.7537313432835822,
        0.8855721393034827,
        0.5761194029850747,
        0.7701492537313432,
        0.6865671641791045
    ],
    "GreedyTotal":[
        0.0746268656716418,
        0.32238805970149254,
        0.5582089552238806,
        0.3850746268656716,
        0.4925373134328358,
        0.3980099502487562,
        0.11940298507462685,
        0.45074626865671635,
        0.6194029850746269,
        0.41044776119402987,
        0.3432835820895522,
        0.48756218905472637,
        0.591044776119403,
        0.12313432835820895,
        0.2835820895522388,
        0.31343283582089554,
        0.19029850746268656,
        0.28059701492537314,
        0.3694029850746268,
        0.2947761194029851,
        0.2298507462686567,
        0.4119402985074627,
        0.2574626865671642,
        0.029850746268656716,
        0.1990049751243781,
        0.4129353233830846,
        0.4328358208955224,
        0.11567164179104478,
        0.6059701492537313,
        0.35074626865671643,
        0.31343283582089554,
        0.20149253731343283,
        0.23582089552238808,
        0.3395522388059702,
        0.4626865671641791,
        0.3850746268656716,
        0.5124378109452736,
        0.4119402985074626,
        0.21492537313432836,
        0.17910447761194032,
        0.4552238805970149,
        0.059701492537313425,
        0.28656716417910444,
        0.41044776119402987,
        0.16044776119402984,
        0.12437810945273631,
        0.33432835820895523,
        0.45895522388059706,
        0.34701492537313433,
        0.22388059701492535,
        0.2885572139303483,
        0.25746268656716415,
        0.5432835820895523,
        0.34328358208955223,
        0.4402985074626865,
        0.6567164179104478,
        0.47164179104477605,
        0.3022388059701493,
        0.5273631840796019,
        0.5850746268656717,
        0.3970149253731344,
        0.28059701492537314,
        0.47761194029850745,
        0.4119402985074627,
        0.582089552238806,
        0.5323383084577115,
        0.31940298507462683,
        0.5253731343283582,
        0.408955223880597
    ]
}